CREATE DATABASE IF NOT EXISTS zzyl DEFAULT charset utf8mb4;

USE zzyl;
SET NAMES utf8mb4;
SET FOREIGN_KEY_CHECKS = 0;

-- ----------------------------
-- Table structure for alert_data
-- ----------------------------
DROP TABLE IF EXISTS `alert_data`;
CREATE TABLE `alert_data`  (
  `id` bigint NOT NULL AUTO_INCREMENT COMMENT '主键',
  `iot_id` varchar(50) CHARACTER SET utf8mb4 COLLATE utf8mb4_general_ci NOT NULL COMMENT '物联网设备id',
  `device_name` varchar(50) CHARACTER SET utf8mb4 COLLATE utf8mb4_general_ci NULL DEFAULT NULL COMMENT '设备名称',
  `nickname` varchar(50) CHARACTER SET utf8mb4 COLLATE utf8mb4_general_ci NULL DEFAULT NULL COMMENT '设备备注名称',
  `product_key` varchar(50) CHARACTER SET utf8mb4 COLLATE utf8mb4_general_ci NOT NULL COMMENT '所属产品key',
  `product_name` varchar(50) CHARACTER SET utf8mb4 COLLATE utf8mb4_general_ci NULL DEFAULT NULL COMMENT '产品名称',
  `function_id` varchar(50) CHARACTER SET utf8mb4 COLLATE utf8mb4_general_ci NOT NULL COMMENT '功能标识符',
  `access_location` varchar(100) CHARACTER SET utf8mb4 COLLATE utf8mb4_general_ci NULL DEFAULT NULL COMMENT '接入位置',
  `location_type` int NULL DEFAULT NULL COMMENT '位置类型 0：随身设备 1：固定设备',
  `physical_location_type` int NULL DEFAULT NULL COMMENT '物理位置类型 0楼层 1房间 2床位',
  `device_description` varchar(50) CHARACTER SET utf8mb4 COLLATE utf8mb4_general_ci NULL DEFAULT NULL COMMENT '位置备注',
  `data_value` varchar(100) CHARACTER SET utf8mb4 COLLATE utf8mb4_general_ci NOT NULL COMMENT '数据值',
  `alert_rule_id` bigint NOT NULL COMMENT '报警规则id',
  `alert_reason` varchar(500) CHARACTER SET utf8mb4 COLLATE utf8mb4_general_ci NOT NULL COMMENT '报警原因，格式：功能名称+运算符+阈值+持续周期+聚合周期',
  `processing_result` varchar(500) CHARACTER SET utf8mb4 COLLATE utf8mb4_general_ci NULL DEFAULT NULL COMMENT '处理结果',
  `processor_id` bigint NULL DEFAULT NULL COMMENT '处理人id',
  `processor_name` varchar(50) CHARACTER SET utf8mb4 COLLATE utf8mb4_general_ci NULL DEFAULT NULL COMMENT '处理人名称',
  `processing_time` datetime NULL DEFAULT NULL COMMENT '处理时间',
  `type` int NOT NULL COMMENT '报警数据类型，0：老人异常数据，1：设备异常数据',
  `status` int NOT NULL COMMENT '状态，0：待处理，1：已处理',
  `user_id` bigint NULL DEFAULT 0 COMMENT '接收人id',
  `create_time` datetime NOT NULL DEFAULT CURRENT_TIMESTAMP COMMENT '创建时间',
  `update_time` datetime NOT NULL DEFAULT CURRENT_TIMESTAMP ON UPDATE CURRENT_TIMESTAMP COMMENT '更新时间',
  `create_by` bigint NULL DEFAULT NULL COMMENT '创建人id',
  `update_by` bigint NULL DEFAULT NULL COMMENT '更新人id',
  `remark` varchar(200) CHARACTER SET utf8mb4 COLLATE utf8mb4_general_ci NULL DEFAULT NULL COMMENT '备注',
  PRIMARY KEY (`id`) USING BTREE
) ENGINE = InnoDB AUTO_INCREMENT = 12731 CHARACTER SET = utf8mb4 COLLATE = utf8mb4_general_ci COMMENT = '报警数据' ROW_FORMAT = DYNAMIC;

-- ----------------------------
-- Records of alert_data
-- ----------------------------
INSERT INTO `alert_data` VALUES (12723, 'CpSVS9sz5WESY3zXJS49k0v1p0', 'YWBJ_001', '1号烟雾报警器', 'k0v1pIFy3Up', '烟雾报警器', 'CurrentHumidity', '1楼,101,101-1', 1, 2, '403,79,190', '73', 52, '湿度 >= 55.0, 持续 1 个周期就报警', NULL, NULL, NULL, NULL, 1, 0, 1671403256519078252, '2024-05-26 15:56:00', '2024-05-26 15:56:00', 1671403256519078138, 1671403256519078138, NULL);
INSERT INTO `alert_data` VALUES (12724, 'CpSVS9sz5WESY3zXJS49k0v1p0', 'YWBJ_001', '1号烟雾报警器', 'k0v1pIFy3Up', '烟雾报警器', 'CurrentHumidity', '1楼,101,101-1', 1, 2, '403,79,190', '73', 52, '湿度 >= 55.0, 持续 1 个周期就报警', NULL, NULL, NULL, NULL, 1, 0, 1671403256519078138, '2024-05-26 15:56:00', '2024-05-26 15:56:00', 1671403256519078138, 1671403256519078138, NULL);
INSERT INTO `alert_data` VALUES (12725, 'CpSVS9sz5WESY3zXJS49k0v1p0', 'YWBJ_001', '1号烟雾报警器', 'k0v1pIFy3Up', '烟雾报警器', 'CurrentHumidity', '1楼,101,101-1', 1, 2, '403,79,190', '65', 52, '湿度 >= 55.0, 持续 1 个周期就报警', NULL, NULL, NULL, NULL, 1, 0, 1671403256519078252, '2024-05-26 16:04:00', '2024-05-26 16:04:00', 1671403256519078138, 1671403256519078138, NULL);
INSERT INTO `alert_data` VALUES (12726, 'CpSVS9sz5WESY3zXJS49k0v1p0', 'YWBJ_001', '1号烟雾报警器', 'k0v1pIFy3Up', '烟雾报警器', 'CurrentHumidity', '1楼,101,101-1', 1, 2, '403,79,190', '65', 52, '湿度 >= 55.0, 持续 1 个周期就报警', NULL, NULL, NULL, NULL, 1, 0, 1671403256519078138, '2024-05-26 16:04:00', '2024-05-26 16:04:00', 1671403256519078138, 1671403256519078138, NULL);
INSERT INTO `alert_data` VALUES (12727, 'CpSVS9sz5WESY3zXJS49k0v1p0', 'YWBJ_001', '1号烟雾报警器', 'k0v1pIFy3Up', '烟雾报警器', 'CurrentHumidity', '1楼,101,101-1', 1, 2, '403,79,190', '65', 52, '湿度 >= 55.0, 持续 1 个周期就报警', NULL, NULL, NULL, NULL, 1, 0, 1671403256519078252, '2024-05-26 16:10:00', '2024-05-26 16:10:00', 1671403256519078138, 1671403256519078138, NULL);
INSERT INTO `alert_data` VALUES (12728, 'CpSVS9sz5WESY3zXJS49k0v1p0', 'YWBJ_001', '1号烟雾报警器', 'k0v1pIFy3Up', '烟雾报警器', 'CurrentHumidity', '1楼,101,101-1', 1, 2, '403,79,190', '65', 52, '湿度 >= 55.0, 持续 1 个周期就报警', NULL, NULL, NULL, NULL, 1, 0, 1671403256519078138, '2024-05-26 16:10:00', '2024-05-26 16:10:00', 1671403256519078138, 1671403256519078138, NULL);
INSERT INTO `alert_data` VALUES (12729, 'jD2CV0LyobJB3V0QHKKvk0v1p0', 'ZNSB_001', '1号智能手表', 'k0v1p5X57Y0', '智能手表', 'BodyTemp', '天奥', 0, -1, '404,86,200', '42', 53, '体温 >= 37.0, 持续 1 个周期就报警', NULL, NULL, NULL, NULL, 0, 0, NULL, '2024-05-26 16:15:00', '2024-05-26 16:15:00', 1671403256519078138, 1671403256519078138, NULL);
INSERT INTO `alert_data` VALUES (12730, 'jD2CV0LyobJB3V0QHKKvk0v1p0', 'ZNSB_001', '1号智能手表', 'k0v1p5X57Y0', '智能手表', 'BodyTemp', '天奥', 0, -1, '404,86,200', '42', 53, '体温 >= 37.0, 持续 1 个周期就报警', NULL, NULL, NULL, NULL, 0, 0, 1671403256519078138, '2024-05-26 16:15:00', '2024-05-26 16:15:00', 1671403256519078138, 1671403256519078138, NULL);

-- ----------------------------
-- Table structure for alert_rule
-- ----------------------------
DROP TABLE IF EXISTS `alert_rule`;
CREATE TABLE `alert_rule`  (
  `id` bigint NOT NULL AUTO_INCREMENT,
  `product_key` varchar(50) CHARACTER SET utf8mb4 COLLATE utf8mb4_unicode_ci NULL DEFAULT NULL COMMENT '所属产品的key',
  `product_name` varchar(500) CHARACTER SET utf8mb4 COLLATE utf8mb4_unicode_ci NULL DEFAULT NULL COMMENT '产品名称',
  `module_id` varchar(50) CHARACTER SET utf8mb4 COLLATE utf8mb4_unicode_ci NULL DEFAULT NULL COMMENT '模块的key',
  `module_name` varchar(500) CHARACTER SET utf8mb4 COLLATE utf8mb4_unicode_ci NULL DEFAULT NULL COMMENT '模块名称',
  `function_name` varchar(255) CHARACTER SET utf8mb4 COLLATE utf8mb4_unicode_ci NULL DEFAULT NULL COMMENT '功能名称',
  `function_id` varchar(255) CHARACTER SET utf8mb4 COLLATE utf8mb4_unicode_ci NULL DEFAULT NULL COMMENT '功能标识',
  `iot_id` varchar(255) CHARACTER SET utf8mb4 COLLATE utf8mb4_unicode_ci NULL DEFAULT NULL COMMENT '物联网设备id',
  `device_name` varchar(255) CHARACTER SET utf8mb4 COLLATE utf8mb4_unicode_ci NULL DEFAULT NULL COMMENT '设备名称',
  `alert_data_type` int NULL DEFAULT NULL COMMENT '报警数据类型，0：老人异常数据，1：设备异常数据',
  `alert_rule_name` varchar(255) CHARACTER SET utf8mb4 COLLATE utf8mb4_unicode_ci NULL DEFAULT NULL COMMENT '告警规则名称',
  `operator` varchar(255) CHARACTER SET utf8mb4 COLLATE utf8mb4_unicode_ci NULL DEFAULT NULL COMMENT '运算符',
  `value` float NULL DEFAULT NULL COMMENT '阈值',
  `duration` int NULL DEFAULT NULL COMMENT '持续周期',
  `alert_effective_period` varchar(255) CHARACTER SET utf8mb4 COLLATE utf8mb4_unicode_ci NULL DEFAULT NULL COMMENT '报警生效时段',
  `alert_silent_period` int NULL DEFAULT NULL COMMENT '报警沉默周期',
  `status` int NULL DEFAULT NULL COMMENT '0 禁用 1启用',
  `create_time` datetime NOT NULL COMMENT '创建时间',
  `update_time` datetime NULL DEFAULT NULL COMMENT '更新时间',
  `create_by` bigint NULL DEFAULT NULL COMMENT '创建人id',
  `update_by` bigint NULL DEFAULT NULL COMMENT '更新人id',
  `remark` varchar(255) CHARACTER SET utf8mb4 COLLATE utf8mb4_0900_ai_ci NULL DEFAULT NULL COMMENT '备注',
  PRIMARY KEY (`id`) USING BTREE
) ENGINE = InnoDB AUTO_INCREMENT = 54 CHARACTER SET = utf8mb4 COLLATE = utf8mb4_unicode_ci COMMENT = '报警规则表' ROW_FORMAT = DYNAMIC;

-- ----------------------------
-- Records of alert_rule
-- ----------------------------
INSERT INTO `alert_rule` VALUES (51, 'k0v1pZEfu7M', '睡眠监测带', '-1', '默认模块', '心率', 'HeartRate', '-1', '全部设备', 0, '心率低值监测', '<', 65, 1, '00:00:00~23:59:59', 5, 1, '2024-05-26 15:39:53', '2024-05-26 15:39:53', 1671403256519078138, 1671403256519078138, '5');
INSERT INTO `alert_rule` VALUES (52, 'k0v1pIFy3Up', '烟雾报警器', '-1', '默认模块', '湿度', 'CurrentHumidity', '-1', '全部设备', 1, '房间温度高值报警', '>=', 55, 1, '00:00:00~23:59:59', 5, 1, '2024-05-26 15:40:47', '2024-05-26 15:40:47', 1671403256519078138, 1671403256519078138, '5');
INSERT INTO `alert_rule` VALUES (53, 'k0v1p5X57Y0', '智能手表', '-1', '默认模块', '体温', 'BodyTemp', 'jD2CV0LyobJB3V0QHKKvk0v1p0', 'ZNSB_001', 0, '老人体温高值监测', '>=', 37, 1, '00:00:00~23:59:59', 10, 1, '2024-05-26 15:41:45', '2024-05-26 15:41:45', 1671403256519078138, 1671403256519078138, '10');

-- ----------------------------
-- Table structure for balance
-- ----------------------------
DROP TABLE IF EXISTS `balance`;
CREATE TABLE `balance`  (
  `id` bigint NOT NULL AUTO_INCREMENT COMMENT '主键',
  `prepaid_balance` decimal(10, 2) UNSIGNED ZEROFILL NULL DEFAULT 00000000.00 COMMENT '预交款余额',
  `deposit_amount` decimal(10, 2) UNSIGNED ZEROFILL NULL DEFAULT 00000000.00 COMMENT '押金金额',
  `arrears_amount` decimal(10, 2) UNSIGNED ZEROFILL NULL DEFAULT 00000000.00 COMMENT '欠费金额（元）',
  `payment_deadline` datetime NULL DEFAULT NULL COMMENT '支付截止时间',
  `status` int NOT NULL DEFAULT 0 COMMENT '状态（0：正常，1：退住  2：入住未缴押金）',
  `elder_id` bigint NOT NULL COMMENT '老人ID',
  `elder_name` varchar(50) CHARACTER SET utf8mb4 COLLATE utf8mb4_0900_ai_ci NULL DEFAULT NULL COMMENT '老人姓名',
  `bed_no` varchar(50) CHARACTER SET utf8mb4 COLLATE utf8mb4_0900_ai_ci NULL DEFAULT NULL COMMENT '床位号',
  `create_time` datetime NOT NULL COMMENT '创建时间',
  `update_time` datetime NULL DEFAULT NULL COMMENT '更新时间',
  `create_by` bigint NULL DEFAULT NULL COMMENT '创建人id',
  `update_by` bigint NULL DEFAULT NULL COMMENT '更新人id',
  `remark` varchar(255) CHARACTER SET utf8mb4 COLLATE utf8mb4_0900_ai_ci NULL DEFAULT NULL COMMENT '备注',
  PRIMARY KEY (`id`) USING BTREE
) ENGINE = InnoDB AUTO_INCREMENT = 127 CHARACTER SET = utf8mb4 COLLATE = utf8mb4_0900_ai_ci COMMENT = '余额表' ROW_FORMAT = DYNAMIC;

-- ----------------------------
-- Records of balance
-- ----------------------------
INSERT INTO `balance` VALUES (111, 00000000.00, 00003000.00, 00000000.00, NULL, 0, 252, '李爱国', '101-3', '2023-12-28 17:31:06', '2023-12-28 17:31:06', 1671403256519078243, 1671403256519078243, NULL);
INSERT INTO `balance` VALUES (112, 00000000.00, 00003000.00, 00000000.00, NULL, 0, 253, '王金龙', '102-2', '2023-12-28 17:33:02', '2023-12-28 17:33:02', 1671403256519078243, 1671403256519078243, NULL);
INSERT INTO `balance` VALUES (113, 00000000.00, 00003000.00, 00000000.00, NULL, 0, 254, '张峰', '501-1', '2023-12-28 17:35:01', '2023-12-28 17:35:01', 1671403256519078243, 1671403256519078243, NULL);
INSERT INTO `balance` VALUES (114, 00000000.00, 00003000.00, 00000000.00, NULL, 0, 255, '许建国', '801-1', '2023-12-28 17:36:46', '2023-12-28 17:36:46', 1671403256519078243, 1671403256519078243, NULL);
INSERT INTO `balance` VALUES (115, 00000000.00, 00003000.00, 00000000.00, NULL, 0, 256, '许峰', '505-1', '2023-12-28 17:38:37', '2023-12-28 17:38:37', 1671403256519078243, 1671403256519078243, NULL);
INSERT INTO `balance` VALUES (116, 00000000.00, 00003000.00, 00000000.00, NULL, 0, 257, '潘爱国', '606-1', '2023-12-28 17:40:28', '2023-12-28 17:40:28', 1671403256519078243, 1671403256519078243, NULL);
INSERT INTO `balance` VALUES (117, 00000000.00, 00003000.00, 00000000.00, NULL, 0, 258, '谢云', '307-1', '2023-12-28 17:42:16', '2023-12-28 17:42:16', 1671403256519078243, 1671403256519078243, NULL);
INSERT INTO `balance` VALUES (118, 00000000.00, 00003000.00, 00000000.00, NULL, 0, 259, '韩平', '405-1', '2023-12-28 17:44:32', '2023-12-28 17:44:32', 1671403256519078243, 1671403256519078243, NULL);
INSERT INTO `balance` VALUES (119, 00000000.00, 00003000.00, 00000000.00, NULL, 0, 260, '秦秀英', '203-1', '2023-12-28 17:47:40', '2023-12-28 17:47:40', 1671403256519078243, 1671403256519078243, NULL);
INSERT INTO `balance` VALUES (120, 00000097.23, 00003000.00, 00000000.00, NULL, 1, 261, '撒爱国', '', '2023-12-28 17:49:39', '2023-12-28 18:05:58', 1671403256519078243, 1671403256519078245, NULL);
INSERT INTO `balance` VALUES (121, 00000000.00, 00003000.00, 00000000.00, NULL, 0, 262, '欧浩', '704-1', '2023-12-28 17:51:43', '2023-12-28 17:51:43', 1671403256519078243, 1671403256519078243, NULL);
INSERT INTO `balance` VALUES (122, 00000177.16, 00003000.00, 00000000.00, NULL, 1, 263, '金爱英', '', '2023-12-28 17:53:26', '2023-12-28 18:06:36', 1671403256519078243, 1671403256519078245, NULL);
INSERT INTO `balance` VALUES (123, 00000242.07, 00003000.00, 00000000.00, NULL, 1, 264, '朴傲', '', '2023-12-28 17:57:45', '2023-12-28 18:07:10', 1671403256519078243, 1671403256519078245, NULL);
INSERT INTO `balance` VALUES (124, 00000235.49, 00003000.00, 00000000.00, NULL, 1, 265, '宋美丽', '', '2023-12-28 17:59:29', '2023-12-28 18:05:21', 1671403256519078243, 1671403256519078245, NULL);
INSERT INTO `balance` VALUES (125, 00000000.00, 00003000.00, 00000000.00, NULL, 1, 266, '秦志强', '', '2023-12-28 18:01:18', '2023-12-28 18:04:17', 1671403256519078243, 1671403256519078245, NULL);
INSERT INTO `balance` VALUES (126, 00000000.00, 00003000.00, 00000000.00, NULL, 0, 267, '天奥', '201-1', '2024-01-17 23:22:07', '2024-01-17 23:22:07', 1671403256519078138, 1671403256519078138, NULL);

-- ----------------------------
-- Table structure for bed
-- ----------------------------
DROP TABLE IF EXISTS `bed`;
CREATE TABLE `bed`  (
  `id` bigint NOT NULL AUTO_INCREMENT COMMENT '床位ID',
  `bed_number` varchar(255) CHARACTER SET utf8mb4 COLLATE utf8mb4_0900_ai_ci NULL DEFAULT NULL COMMENT '床位编号',
  `bed_status` int NULL DEFAULT NULL COMMENT '床位状态: 未入住0, 已入住1 入住申请中2',
  `sort` int NULL DEFAULT NULL COMMENT '床位号',
  `room_id` bigint NULL DEFAULT NULL COMMENT '房间ID',
  `create_time` datetime NOT NULL COMMENT '创建时间',
  `update_time` datetime NULL DEFAULT NULL COMMENT '更新时间',
  `create_by` bigint NULL DEFAULT NULL COMMENT '创建人id',
  `update_by` bigint NULL DEFAULT NULL COMMENT '更新人id',
  `remark` varchar(255) CHARACTER SET utf8mb4 COLLATE utf8mb4_0900_ai_ci NULL DEFAULT NULL COMMENT '备注',
  PRIMARY KEY (`id`) USING BTREE,
  UNIQUE INDEX `bed_number`(`bed_number`) USING BTREE
) ENGINE = InnoDB AUTO_INCREMENT = 280 CHARACTER SET = utf8mb4 COLLATE = utf8mb4_0900_ai_ci COMMENT = '床位表' ROW_FORMAT = DYNAMIC;

-- ----------------------------
-- Records of bed
-- ----------------------------
INSERT INTO `bed` VALUES (188, '101-3', 1, 1, 79, '2023-12-28 16:10:12', '2023-12-28 16:12:07', 1671403256519078239, 1671403256519078239, NULL);
INSERT INTO `bed` VALUES (190, '101-1', 0, 1, 79, '2023-12-28 16:10:58', '2024-05-09 19:12:55', 1671403256519078239, 1, NULL);
INSERT INTO `bed` VALUES (191, '102-1', 0, 1, 80, '2023-12-28 16:11:35', '2023-12-28 16:12:22', 1671403256519078239, 1671403256519078239, NULL);
INSERT INTO `bed` VALUES (192, '102-2', 1, 1, 80, '2023-12-28 16:12:37', '2023-12-28 16:12:37', 1671403256519078239, NULL, NULL);
INSERT INTO `bed` VALUES (193, '103-1', 0, 1, 81, '2023-12-28 16:13:35', '2023-12-28 16:13:35', 1671403256519078239, NULL, NULL);
INSERT INTO `bed` VALUES (194, '104-1', 0, 1, 82, '2023-12-28 16:14:27', '2023-12-28 16:14:27', 1671403256519078239, NULL, NULL);
INSERT INTO `bed` VALUES (195, '104-2', 0, 2, 82, '2023-12-28 16:14:36', '2023-12-28 16:14:36', 1671403256519078239, NULL, NULL);
INSERT INTO `bed` VALUES (196, '105-1', 0, 1, 83, '2023-12-28 16:15:09', '2023-12-28 16:15:09', 1671403256519078239, NULL, NULL);
INSERT INTO `bed` VALUES (197, '106-1', 0, 1, 84, '2023-12-28 16:15:56', '2023-12-28 16:15:56', 1671403256519078239, NULL, NULL);
INSERT INTO `bed` VALUES (198, '106-2', 0, 2, 84, '2023-12-28 16:16:11', '2023-12-28 16:16:11', 1671403256519078239, NULL, NULL);
INSERT INTO `bed` VALUES (199, '107-1', 0, 1, 85, '2023-12-28 16:16:46', '2023-12-28 16:16:46', 1671403256519078239, NULL, NULL);
INSERT INTO `bed` VALUES (200, '201-1', 1, 1, 86, '2023-12-28 16:20:05', '2023-12-28 16:20:05', 1671403256519078239, NULL, NULL);
INSERT INTO `bed` VALUES (201, '202-1', 0, 1, 87, '2023-12-28 16:20:28', '2023-12-28 16:20:28', 1671403256519078239, NULL, NULL);
INSERT INTO `bed` VALUES (202, '202-2', 0, 2, 87, '2023-12-28 16:21:14', '2024-05-09 18:54:31', 1671403256519078239, 1671403256519078138, NULL);
INSERT INTO `bed` VALUES (203, '203-1', 1, 1, 88, '2023-12-28 16:21:28', '2023-12-28 16:21:28', 1671403256519078239, NULL, NULL);
INSERT INTO `bed` VALUES (204, '204-1', 0, 1, 89, '2023-12-28 16:21:40', '2023-12-28 16:21:40', 1671403256519078239, NULL, NULL);
INSERT INTO `bed` VALUES (205, '204-2', 0, 2, 89, '2023-12-28 16:21:48', '2023-12-28 16:21:48', 1671403256519078239, NULL, NULL);
INSERT INTO `bed` VALUES (206, '205-1', 0, 1, 90, '2023-12-28 16:21:57', '2023-12-28 16:21:57', 1671403256519078239, NULL, NULL);
INSERT INTO `bed` VALUES (207, '206-1', 0, 1, 91, '2023-12-28 16:22:09', '2023-12-28 16:22:09', 1671403256519078239, NULL, NULL);
INSERT INTO `bed` VALUES (208, '206-2', 0, 2, 91, '2023-12-28 16:22:17', '2023-12-28 16:22:17', 1671403256519078239, NULL, NULL);
INSERT INTO `bed` VALUES (209, '207-1', 0, 1, 92, '2023-12-28 16:22:26', '2023-12-28 16:22:26', 1671403256519078239, NULL, NULL);
INSERT INTO `bed` VALUES (210, '301-1', 0, 1, 93, '2023-12-28 16:25:15', '2023-12-28 16:25:15', 1671403256519078239, NULL, NULL);
INSERT INTO `bed` VALUES (211, '302-1', 0, 1, 94, '2023-12-28 16:25:27', '2023-12-28 16:25:27', 1671403256519078239, NULL, NULL);
INSERT INTO `bed` VALUES (212, '302-2', 0, 2, 94, '2023-12-28 16:25:35', '2023-12-28 16:25:35', 1671403256519078239, NULL, NULL);
INSERT INTO `bed` VALUES (213, '303-1', 0, 1, 95, '2023-12-28 16:25:41', '2023-12-28 16:25:41', 1671403256519078239, NULL, NULL);
INSERT INTO `bed` VALUES (214, '304-1', 0, 1, 96, '2023-12-28 16:25:53', '2023-12-28 16:25:53', 1671403256519078239, NULL, NULL);
INSERT INTO `bed` VALUES (215, '304-2', 0, 2, 96, '2023-12-28 16:26:01', '2023-12-28 16:26:01', 1671403256519078239, NULL, NULL);
INSERT INTO `bed` VALUES (216, '305-1', 0, 1, 97, '2023-12-28 16:26:08', '2023-12-28 16:26:08', 1671403256519078239, NULL, NULL);
INSERT INTO `bed` VALUES (217, '306-1', 0, 1, 98, '2023-12-28 16:26:20', '2023-12-28 16:26:20', 1671403256519078239, NULL, NULL);
INSERT INTO `bed` VALUES (218, '306-2', 0, 2, 98, '2023-12-28 16:26:27', '2023-12-28 16:26:27', 1671403256519078239, NULL, NULL);
INSERT INTO `bed` VALUES (219, '307-1', 1, 1, 99, '2023-12-28 16:26:37', '2023-12-28 16:26:37', 1671403256519078239, NULL, NULL);
INSERT INTO `bed` VALUES (220, '301-2', 0, 2, 93, '2023-12-28 16:27:34', '2023-12-28 16:27:34', 1671403256519078239, NULL, NULL);
INSERT INTO `bed` VALUES (221, '401-1', 0, 1, 100, '2023-12-28 16:29:26', '2023-12-28 16:29:26', 1671403256519078239, NULL, NULL);
INSERT INTO `bed` VALUES (222, '402-1', 0, 1, 101, '2023-12-28 16:29:44', '2023-12-28 16:29:44', 1671403256519078239, NULL, NULL);
INSERT INTO `bed` VALUES (223, '402-2', 0, 2, 101, '2023-12-28 16:29:52', '2023-12-28 16:29:52', 1671403256519078239, NULL, NULL);
INSERT INTO `bed` VALUES (224, '403-1', 0, 1, 102, '2023-12-28 16:29:58', '2023-12-28 16:29:58', 1671403256519078239, NULL, NULL);
INSERT INTO `bed` VALUES (225, '404-1', 0, 1, 103, '2023-12-28 16:30:08', '2023-12-28 16:30:08', 1671403256519078239, NULL, NULL);
INSERT INTO `bed` VALUES (226, '404-2', 0, 2, 103, '2023-12-28 16:30:15', '2023-12-28 16:30:15', 1671403256519078239, NULL, NULL);
INSERT INTO `bed` VALUES (227, '405-1', 1, 1, 104, '2023-12-28 16:30:22', '2023-12-28 16:30:22', 1671403256519078239, NULL, NULL);
INSERT INTO `bed` VALUES (228, '406-1', 0, 1, 105, '2023-12-28 16:30:30', '2023-12-28 16:30:30', 1671403256519078239, NULL, NULL);
INSERT INTO `bed` VALUES (229, '406-2', 0, 2, 105, '2023-12-28 16:30:40', '2023-12-28 16:30:40', 1671403256519078239, NULL, NULL);
INSERT INTO `bed` VALUES (230, '407-1', 0, 1, 106, '2023-12-28 16:30:51', '2023-12-28 16:30:51', 1671403256519078239, NULL, NULL);
INSERT INTO `bed` VALUES (231, '501-1', 1, 1, 107, '2023-12-28 16:32:57', '2023-12-28 16:32:57', 1671403256519078239, NULL, NULL);
INSERT INTO `bed` VALUES (232, '501-2', 0, 2, 107, '2023-12-28 16:33:09', '2023-12-28 16:33:09', 1671403256519078239, NULL, NULL);
INSERT INTO `bed` VALUES (233, '502-1', 0, 1, 108, '2023-12-28 16:33:23', '2023-12-28 16:33:23', 1671403256519078239, NULL, NULL);
INSERT INTO `bed` VALUES (234, '502-2', 0, 2, 108, '2023-12-28 16:33:33', '2023-12-28 16:33:33', 1671403256519078239, NULL, NULL);
INSERT INTO `bed` VALUES (235, '503-1', 0, 1, 109, '2023-12-28 16:33:40', '2023-12-28 16:33:40', 1671403256519078239, NULL, NULL);
INSERT INTO `bed` VALUES (236, '504-1', 0, 1, 111, '2023-12-28 16:33:54', '2023-12-28 16:33:54', 1671403256519078239, NULL, NULL);
INSERT INTO `bed` VALUES (237, '504-2', 0, 2, 111, '2023-12-28 16:34:01', '2023-12-28 16:34:01', 1671403256519078239, NULL, NULL);
INSERT INTO `bed` VALUES (238, '505-1', 1, 1, 112, '2023-12-28 16:34:14', '2023-12-28 16:34:14', 1671403256519078239, NULL, NULL);
INSERT INTO `bed` VALUES (239, '506-1', 0, 1, 113, '2023-12-28 16:34:22', '2023-12-28 16:34:22', 1671403256519078239, NULL, NULL);
INSERT INTO `bed` VALUES (240, '506-2', 0, 2, 113, '2023-12-28 16:34:31', '2023-12-28 16:34:31', 1671403256519078239, NULL, NULL);
INSERT INTO `bed` VALUES (241, '507-1', 0, 1, 114, '2023-12-28 16:34:38', '2023-12-28 16:34:38', 1671403256519078239, NULL, NULL);
INSERT INTO `bed` VALUES (243, '601-1', 0, 1, 115, '2023-12-28 16:37:59', '2023-12-28 16:37:59', 1671403256519078239, NULL, NULL);
INSERT INTO `bed` VALUES (244, '601-2', 0, 2, 115, '2023-12-28 16:38:07', '2023-12-28 16:38:07', 1671403256519078239, NULL, NULL);
INSERT INTO `bed` VALUES (245, '602-1', 0, 1, 116, '2023-12-28 16:38:31', '2023-12-28 16:38:31', 1671403256519078239, NULL, NULL);
INSERT INTO `bed` VALUES (246, '602-2', 0, 2, 116, '2023-12-28 16:38:38', '2023-12-28 16:38:38', 1671403256519078239, NULL, NULL);
INSERT INTO `bed` VALUES (247, '603-1', 0, 1, 117, '2023-12-28 16:38:51', '2023-12-28 16:38:51', 1671403256519078239, NULL, NULL);
INSERT INTO `bed` VALUES (248, '604-1', 0, 1, 118, '2023-12-28 16:39:03', '2023-12-28 16:39:03', 1671403256519078239, NULL, NULL);
INSERT INTO `bed` VALUES (249, '604-2', 0, 2, 118, '2023-12-28 16:39:11', '2023-12-28 16:39:11', 1671403256519078239, NULL, NULL);
INSERT INTO `bed` VALUES (250, '605-1', 0, 1, 119, '2023-12-28 16:39:21', '2023-12-28 16:39:21', 1671403256519078239, NULL, NULL);
INSERT INTO `bed` VALUES (252, '606-1', 1, 1, 120, '2023-12-28 16:39:38', '2023-12-28 16:39:38', 1671403256519078239, NULL, NULL);
INSERT INTO `bed` VALUES (253, '606-2', 0, 2, 120, '2023-12-28 16:39:43', '2023-12-28 16:39:43', 1671403256519078239, NULL, NULL);
INSERT INTO `bed` VALUES (254, '607-1', 0, 1, 121, '2023-12-28 16:39:51', '2023-12-28 16:44:27', 1671403256519078239, 1671403256519078239, NULL);
INSERT INTO `bed` VALUES (256, '701-1', 0, 1, 122, '2023-12-28 16:44:35', '2023-12-28 16:44:35', 1671403256519078239, NULL, NULL);
INSERT INTO `bed` VALUES (257, '701-2', 0, 2, 122, '2023-12-28 16:44:46', '2023-12-28 16:44:53', 1671403256519078239, 1671403256519078239, NULL);
INSERT INTO `bed` VALUES (258, '702-1', 0, 1, 123, '2023-12-28 16:44:58', '2023-12-28 16:44:58', 1671403256519078239, NULL, NULL);
INSERT INTO `bed` VALUES (259, '702-2', 0, 2, 123, '2023-12-28 16:45:08', '2023-12-28 16:45:08', 1671403256519078239, NULL, NULL);
INSERT INTO `bed` VALUES (260, '703-1', 0, 1, 124, '2023-12-28 16:45:16', '2023-12-28 16:45:16', 1671403256519078239, NULL, NULL);
INSERT INTO `bed` VALUES (261, '704-1', 1, 1, 125, '2023-12-28 16:45:24', '2023-12-28 16:45:24', 1671403256519078239, NULL, NULL);
INSERT INTO `bed` VALUES (262, '704-2', 0, 2, 125, '2023-12-28 16:45:36', '2023-12-28 16:45:36', 1671403256519078239, NULL, NULL);
INSERT INTO `bed` VALUES (263, '705-1', 0, 1, 126, '2023-12-28 16:45:41', '2023-12-28 16:45:41', 1671403256519078239, NULL, NULL);
INSERT INTO `bed` VALUES (264, '706-1', 0, 1, 127, '2023-12-28 16:45:47', '2023-12-28 16:45:47', 1671403256519078239, NULL, NULL);
INSERT INTO `bed` VALUES (265, '706-2', 0, 2, 127, '2023-12-28 16:45:53', '2023-12-28 16:45:53', 1671403256519078239, NULL, NULL);
INSERT INTO `bed` VALUES (266, '707-1', 0, 1, 128, '2023-12-28 16:46:07', '2023-12-28 16:46:07', 1671403256519078239, NULL, NULL);
INSERT INTO `bed` VALUES (267, '707-2', 0, 1, 128, '2023-12-28 16:46:12', '2023-12-28 16:46:12', 1671403256519078239, NULL, NULL);
INSERT INTO `bed` VALUES (268, '801-1', 1, 1, 129, '2023-12-28 16:47:58', '2023-12-28 16:47:58', 1671403256519078239, NULL, NULL);
INSERT INTO `bed` VALUES (269, '802-1', 0, 1, 130, '2023-12-28 16:48:07', '2023-12-28 16:48:07', 1671403256519078239, NULL, NULL);
INSERT INTO `bed` VALUES (270, '802-2', 0, 2, 130, '2023-12-28 16:48:14', '2023-12-28 16:48:14', 1671403256519078239, NULL, NULL);
INSERT INTO `bed` VALUES (271, '803-1', 0, 1, 131, '2023-12-28 16:48:21', '2023-12-28 16:48:21', 1671403256519078239, NULL, NULL);
INSERT INTO `bed` VALUES (272, '804-1', 0, 1, 132, '2023-12-28 16:48:26', '2023-12-28 16:48:26', 1671403256519078239, NULL, NULL);
INSERT INTO `bed` VALUES (273, '804-2', 0, 2, 132, '2023-12-28 16:48:32', '2023-12-28 16:48:32', 1671403256519078239, NULL, NULL);
INSERT INTO `bed` VALUES (274, '805-1', 0, 1, 133, '2023-12-28 16:48:42', '2023-12-28 16:48:42', 1671403256519078239, NULL, NULL);
INSERT INTO `bed` VALUES (275, '806-1', 0, 1, 134, '2023-12-28 16:48:48', '2023-12-28 16:48:48', 1671403256519078239, NULL, NULL);
INSERT INTO `bed` VALUES (276, '806-2', 0, 2, 134, '2023-12-28 16:48:54', '2023-12-28 16:48:54', 1671403256519078239, NULL, NULL);
INSERT INTO `bed` VALUES (277, '807-1', 0, 1, 135, '2023-12-28 16:49:00', '2023-12-28 16:49:00', 1671403256519078239, NULL, NULL);
INSERT INTO `bed` VALUES (278, '101-2', 0, 2, 79, '2024-05-09 19:12:26', '2024-05-25 21:20:33', 1, 1671403256519078138, NULL);
INSERT INTO `bed` VALUES (279, '101-4', 0, 4, 79, '2024-05-24 17:48:57', '2024-05-24 17:49:06', 1, 1, NULL);

-- ----------------------------
-- Table structure for bill
-- ----------------------------
DROP TABLE IF EXISTS `bill`;
CREATE TABLE `bill`  (
  `id` bigint NOT NULL AUTO_INCREMENT COMMENT '主键',
  `bill_no` varchar(50) CHARACTER SET utf8mb4 COLLATE utf8mb4_0900_ai_ci NOT NULL COMMENT '账单编号',
  `check_in_code` varchar(50) CHARACTER SET utf8mb4 COLLATE utf8mb4_0900_ai_ci NULL DEFAULT NULL COMMENT '入住编码',
  `trading_order_no` bigint NULL DEFAULT 0 COMMENT '交易系统订单号',
  `bill_type` tinyint NOT NULL DEFAULT 0 COMMENT '账单类型（0：月度账单，1服务账单）',
  `bill_month` varchar(50) CHARACTER SET utf8mb4 COLLATE utf8mb4_0900_ai_ci NULL DEFAULT NULL COMMENT '账单月份',
  `elder_id` bigint NOT NULL COMMENT '老人ID',
  `bill_amount` decimal(10, 2) NOT NULL COMMENT '账单金额（元）',
  `payable_amount` decimal(10, 2) NULL DEFAULT NULL COMMENT '应付金额（元）',
  `prepaid_amount` decimal(10, 2) UNSIGNED ZEROFILL NULL DEFAULT NULL COMMENT '预付款支付金额',
  `deposit_amount` decimal(10, 2) UNSIGNED ZEROFILL NULL DEFAULT NULL COMMENT '押金金额',
  `current_cost` decimal(10, 2) NOT NULL COMMENT '本期应付',
  `payment_deadline` datetime NOT NULL COMMENT '支付截止时间',
  `transaction_status` int NOT NULL COMMENT '账单状态（0：未支付，1已支付, 2已关闭）',
  `bill_start_time` datetime NULL DEFAULT NULL COMMENT '账单开始时间',
  `bill_end_time` datetime NULL DEFAULT NULL COMMENT '账单结束时间',
  `total_days` int NULL DEFAULT NULL COMMENT '共计天数（天）',
  `create_time` datetime NOT NULL COMMENT '创建时间',
  `lname` varchar(50) CHARACTER SET utf8mb4 COLLATE utf8mb4_0900_ai_ci NULL DEFAULT '' COMMENT '护理等级名称',
  `type_name` varchar(50) CHARACTER SET utf8mb4 COLLATE utf8mb4_0900_ai_ci NULL DEFAULT '' COMMENT '房间类型名称',
  `update_time` varchar(50) CHARACTER SET utf8mb4 COLLATE utf8mb4_0900_ai_ci NULL DEFAULT NULL COMMENT '更新时间',
  `create_by` bigint NULL DEFAULT NULL COMMENT '创建人id',
  `update_by` bigint NULL DEFAULT NULL COMMENT '更新人id',
  `remark` varchar(255) CHARACTER SET utf8mb4 COLLATE utf8mb4_0900_ai_ci NULL DEFAULT NULL COMMENT '备注',
  PRIMARY KEY (`id`) USING BTREE
) ENGINE = InnoDB AUTO_INCREMENT = 992 CHARACTER SET = utf8mb4 COLLATE = utf8mb4_0900_ai_ci COMMENT = '账单表' ROW_FORMAT = DYNAMIC;

-- ----------------------------
-- Records of bill
-- ----------------------------
INSERT INTO `bill` VALUES (970, 'ZD202312281731061', 'RZ202312281731051', NULL, 0, '2023-12', 252, 4161.29, 4161.29, 00000000.00, 00003000.00, 1161.29, '2024-01-03 00:00:00', 0, '2023-12-28 00:00:00', '2023-12-31 23:59:59', 4, '2023-12-28 17:31:06', '三级护理等级', '特护房', '2023-12-28 17:31:06.089382', 1671403256519078243, NULL, NULL);
INSERT INTO `bill` VALUES (971, 'ZD202312281733011', 'RZ202312281733011', NULL, 0, '2023-12', 253, 3709.68, 3709.68, 00000000.00, 00003000.00, 709.68, '2024-01-03 00:00:00', 0, '2023-12-28 00:00:00', '2023-12-31 23:59:59', 4, '2023-12-28 17:33:02', '一级护理等级', '普通双人间', '2023-12-28 17:33:01.647805', 1671403256519078243, NULL, NULL);
INSERT INTO `bill` VALUES (972, 'ZD202312281735011', 'RZ202312281735011', NULL, 0, '2023-12', 254, 4225.81, 4225.81, 00000000.00, 00003000.00, 1225.81, '2024-01-03 00:00:00', 0, '2023-12-28 00:00:00', '2023-12-31 23:59:59', 4, '2023-12-28 17:35:01', '二级护理等级', '特护房', '2023-12-28 17:35:01.411976', 1671403256519078243, NULL, NULL);
INSERT INTO `bill` VALUES (973, 'ZD202312281736461', 'RZ202312281736451', NULL, 0, '2023-12', 255, 4380.65, 4380.65, 00000000.00, 00003000.00, 1380.65, '2024-01-03 00:00:00', 0, '2023-12-28 00:00:00', '2023-12-31 23:59:59', 4, '2023-12-28 17:36:46', '特级护理等级', '特护房', '2023-12-28 17:36:46.137702', 1671403256519078243, NULL, NULL);
INSERT INTO `bill` VALUES (974, 'ZD202312281738361', 'RZ202312281738361', NULL, 0, '2023-12', 256, 3645.16, 3645.16, 00000000.00, 00003000.00, 645.16, '2024-01-03 00:00:00', 0, '2023-12-28 00:00:00', '2023-12-31 23:59:59', 4, '2023-12-28 17:38:37', '一级护理等级', '豪华单人间', '2023-12-28 17:38:36.982505', 1671403256519078243, NULL, NULL);
INSERT INTO `bill` VALUES (975, 'ZD202312281740271', 'RZ202312281740271', NULL, 0, '2023-12', 257, 3967.74, 3967.74, 00000000.00, 00003000.00, 967.74, '2024-01-03 00:00:00', 0, '2023-12-28 00:00:00', '2023-12-31 23:59:59', 4, '2023-12-28 17:40:28', '二级护理等级', '双人套房', '2023-12-28 17:40:27.950305', 1671403256519078243, NULL, NULL);
INSERT INTO `bill` VALUES (976, 'ZD202312281742161', 'RZ202312281742161', NULL, 0, '2023-12', 258, 3864.52, 3864.52, 00000000.00, 00003000.00, 864.52, '2024-01-03 00:00:00', 0, '2023-12-28 00:00:00', '2023-12-31 23:59:59', 4, '2023-12-28 17:42:16', '特级护理等级', '单人套房', '2023-12-28 17:42:16.227123', 1671403256519078243, NULL, NULL);
INSERT INTO `bill` VALUES (977, 'ZD202312281744311', 'RZ202312281744311', NULL, 0, '2023-12', 259, 3645.16, 3645.16, 00000000.00, 00003000.00, 645.16, '2024-01-03 00:00:00', 0, '2023-12-28 00:00:00', '2023-12-31 23:59:59', 4, '2023-12-28 17:44:32', '一级护理等级', '豪华单人间', '2023-12-28 17:44:32.019819', 1671403256519078243, NULL, NULL);
INSERT INTO `bill` VALUES (978, 'ZD202312281747391', 'RZ202312281747391', NULL, 0, '2023-12', 260, 3606.45, 3606.45, 00000000.00, 00003000.00, 606.45, '2024-01-03 00:00:00', 0, '2023-12-28 00:00:00', '2023-12-31 23:59:59', 4, '2023-12-28 17:47:40', '特级护理等级', '普通单人间', '2023-12-28 17:47:39.934079', 1671403256519078243, NULL, NULL);
INSERT INTO `bill` VALUES (979, 'ZD202312281749391', 'RZ202312281749391', NULL, 0, '2023-12', 261, 96.78, 0.00, 00000194.00, 00000000.00, 96.78, '2024-01-03 00:00:00', 1, '2023-12-28 00:00:00', '2023-12-31 23:59:59', 1, '2023-12-28 17:49:40', '三级护理等级', '普通单人间', '2023-12-28 18:05:57.535866', 1671403256519078243, 1671403256519078245, NULL);
INSERT INTO `bill` VALUES (980, 'ZD202312281751431', 'RZ202312281751431', NULL, 0, '2023-12', 262, 3929.03, 3929.03, 00000000.00, 00003000.00, 929.03, '2024-01-03 00:00:00', 0, '2023-12-28 00:00:00', '2023-12-31 23:59:59', 4, '2023-12-28 17:51:43', '特级护理等级', '豪华双人间', '2023-12-28 17:51:43.371528', 1671403256519078243, NULL, NULL);
INSERT INTO `bill` VALUES (981, 'ZD202312281753261', 'RZ202312281753261', NULL, 0, '2023-12', 263, 354.84, 0.00, 00000532.00, 00000000.00, 354.84, '2024-01-03 00:00:00', 1, '2023-12-28 00:00:00', '2023-12-31 23:59:59', 2, '2023-12-28 17:53:26', '三级护理等级', '豪华双人间', '2023-12-28 18:06:36.166954', 1671403256519078243, 1671403256519078245, NULL);
INSERT INTO `bill` VALUES (982, 'ZD202312281757441', 'RZ202312281757441', NULL, 0, '2023-12', 264, 241.94, 0.00, 00000484.00, 00000000.00, 241.94, '2024-01-03 00:00:00', 1, '2023-12-28 00:00:00', '2023-12-31 23:59:59', 1, '2023-12-28 17:57:45', '二级护理等级', '双人套房', '2023-12-28 18:07:09.997094', 1671403256519078243, 1671403256519078245, NULL);
INSERT INTO `bill` VALUES (983, 'ZD202312281759291', 'RZ202312281759291', NULL, 0, '2023-12', 265, 464.52, 0.00, 00000700.00, 00000000.00, 464.52, '2024-01-03 00:00:00', 1, '2023-12-28 00:00:00', '2023-12-31 23:59:59', 2, '2023-12-28 17:59:29', '特级护理等级', '豪华双人间', '2023-12-28 18:05:21.120175', 1671403256519078243, 1671403256519078245, NULL);
INSERT INTO `bill` VALUES (984, 'ZD202312281801171', 'RZ202312281801171', NULL, 0, '2023-12', 266, 645.16, 0.00, 00000645.00, 00000000.00, 645.16, '2024-01-03 00:00:00', 1, '2023-12-28 00:00:00', '2023-12-31 23:59:59', 4, '2023-12-28 18:01:18', '三级护理等级', '单人套房', '2023-12-28 18:04:17.361387', 1671403256519078243, 1671403256519078245, NULL);
INSERT INTO `bill` VALUES (985, 'ZD202312281819531', 'RZ202312281740271', 1740316628899553280, 1, '2023-12', 257, 0.01, 0.00, 00000000.01, 00000000.01, 0.01, '2023-12-28 18:34:53', 1, NULL, NULL, NULL, '2023-12-28 18:19:53', NULL, NULL, '2023-12-28 18:19:53.158956', 10, NULL, '洗脚');
INSERT INTO `bill` VALUES (986, 'ZD202312281820581', 'RZ202312281740271', 1740316902875684864, 1, '2023-12', 257, 0.01, 0.00, 00000000.01, 00000000.01, 0.01, '2023-12-28 18:35:58', 1, NULL, NULL, NULL, '2023-12-28 18:20:58', NULL, NULL, '2023-12-28 18:20:58.277235', 10, NULL, '洗脚');
INSERT INTO `bill` VALUES (987, 'ZD202312281822161', 'RZ202312281740271', 1740317230400495616, 1, '2023-12', 257, 0.01, 0.00, 00000000.01, 00000000.01, 0.01, '2023-12-28 18:37:16', 1, NULL, NULL, NULL, '2023-12-28 18:22:16', NULL, NULL, '2023-12-28 18:22:16.37474', 10, NULL, '洗脚');
INSERT INTO `bill` VALUES (988, 'ZD202312281822391', 'RZ202312281740271', 1740317327507021824, 1, '2023-12', 257, 0.01, 0.00, 00000000.01, 00000000.01, 0.01, '2023-12-28 18:37:39', 1, NULL, NULL, NULL, '2023-12-28 18:22:39', NULL, NULL, '2023-12-28 18:22:39.460146', 10, NULL, '洗脚');
INSERT INTO `bill` VALUES (989, 'ZD202312281823041', 'RZ202312281740271', 1740317433018933248, 1, '2023-12', 257, 0.01, 0.01, 00000000.01, 00000000.01, 0.01, '2023-12-28 18:38:05', 2, NULL, NULL, NULL, '2023-12-28 18:23:05', NULL, NULL, '2023-12-28 18:23:04.658434', 10, NULL, '洗脚');
INSERT INTO `bill` VALUES (990, 'ZD202312281829421', 'RZ202312281740271', 1740319103496970240, 1, '2023-12', 257, 0.01, 0.01, 00000000.01, 00000000.01, 0.01, '2023-12-28 18:44:43', 2, NULL, NULL, NULL, '2023-12-28 18:29:43', NULL, NULL, '2023-12-28 18:29:48.543413', 10, 10, '洗脚');
INSERT INTO `bill` VALUES (991, 'ZD202401172322071', 'RZ202401172322071', NULL, 0, '2024-01', 267, 7833.87, 7833.87, 00000000.00, 00003000.00, 4833.87, '2024-01-23 00:00:00', 0, '2024-01-17 00:00:00', '2024-01-31 23:59:59', 15, '2024-01-17 23:22:07', '一级护理等级', '特护房', '2024-01-17 23:22:07.261677', 1671403256519078138, NULL, NULL);

-- ----------------------------
-- Table structure for check_in
-- ----------------------------
DROP TABLE IF EXISTS `check_in`;
CREATE TABLE `check_in`  (
  `id` bigint NOT NULL AUTO_INCREMENT COMMENT 'id',
  `check_in_code` varchar(255) CHARACTER SET utf8mb4 COLLATE utf8mb4_unicode_ci NOT NULL COMMENT '编号',
  `title` varchar(255) CHARACTER SET utf8mb4 COLLATE utf8mb4_unicode_ci NOT NULL COMMENT '标题',
  `elder_id` bigint NOT NULL COMMENT '老人id',
  `check_in_time` timestamp NULL DEFAULT NULL COMMENT '入住时间',
  `remark` varchar(255) CHARACTER SET utf8mb4 COLLATE utf8mb4_unicode_ci NULL DEFAULT NULL COMMENT '备注',
  `applicat` varchar(255) CHARACTER SET utf8mb4 COLLATE utf8mb4_unicode_ci NOT NULL COMMENT '申请人',
  `dept_no` varchar(255) CHARACTER SET utf8mb4 COLLATE utf8mb4_unicode_ci NOT NULL COMMENT '部门编号',
  `applicat_id` bigint NOT NULL COMMENT '申请人id',
  `create_time` timestamp NOT NULL COMMENT '创建时间',
  `status` int NOT NULL COMMENT '入住状态，0：入住中，1：已退住',
  `other_apply_info` text CHARACTER SET utf8mb4 COLLATE utf8mb4_unicode_ci NULL COMMENT '其他申请信息',
  `update_time` timestamp NULL DEFAULT NULL COMMENT '更新时间',
  PRIMARY KEY (`id`) USING BTREE
) ENGINE = InnoDB AUTO_INCREMENT = 314 CHARACTER SET = utf8mb4 COLLATE = utf8mb4_unicode_ci COMMENT = '入住表' ROW_FORMAT = DYNAMIC;

-- ----------------------------
-- Records of check_in
-- ----------------------------
INSERT INTO `check_in` VALUES (298, 'RZ202312281731051', '李爱国的入住申请', 252, '2023-12-28 17:31:06', 'HT202312281731051', '江奕云', '100001006001000', 1671403256519078243, '2023-12-28 17:31:06', 0, '[{\"name\":\"李伟\",\"phone\":\"18888888888\",\"kinship\":\"子女\"}]', '2023-12-28 17:31:06');
INSERT INTO `check_in` VALUES (299, 'RZ202312281733011', '王金龙的入住申请', 253, '2023-12-28 17:33:02', 'HT202312281733011', '江奕云', '100001006001000', 1671403256519078243, '2023-12-28 17:33:02', 0, '[{\"name\":\"王伟\",\"phone\":\"18777777777\",\"kinship\":\"子女\"}]', '2023-12-28 17:33:02');
INSERT INTO `check_in` VALUES (300, 'RZ202312281735011', '张峰的入住申请', 254, '2023-12-28 17:35:01', 'HT202312281735011', '江奕云', '100001006001000', 1671403256519078243, '2023-12-28 17:35:01', 0, '[{\"name\":\"张玮\",\"phone\":\"15555555555\",\"kinship\":\"子女\"}]', '2023-12-28 17:35:01');
INSERT INTO `check_in` VALUES (301, 'RZ202312281736451', '许建国的入住申请', 255, '2023-12-28 17:36:46', 'HT202312281736451', '江奕云', '100001006001000', 1671403256519078243, '2023-12-28 17:36:46', 0, '[{\"name\":\"许伟\",\"phone\":\"17888888888\",\"kinship\":\"子女\"}]', '2023-12-28 17:36:46');
INSERT INTO `check_in` VALUES (302, 'RZ202312281738361', '许峰的入住申请', 256, '2023-12-28 17:38:37', 'HT202312281738361', '江奕云', '100001006001000', 1671403256519078243, '2023-12-28 17:38:37', 0, '[{\"name\":\"许大伟\",\"phone\":\"18999999999\",\"kinship\":\"子女\"}]', '2023-12-28 17:38:37');
INSERT INTO `check_in` VALUES (303, 'RZ202312281740271', '潘爱国的入住申请', 257, '2023-12-28 17:40:28', 'HT202312281740271', '江奕云', '100001006001000', 1671403256519078243, '2023-12-28 17:40:28', 0, '[{\"name\":\"潘伟\",\"phone\":\"15874598632\",\"kinship\":\"子女\"}]', '2023-12-28 17:40:28');
INSERT INTO `check_in` VALUES (304, 'RZ202312281742161', '谢云的入住申请', 258, '2023-12-28 17:42:16', 'HT202312281742161', '江奕云', '100001006001000', 1671403256519078243, '2023-12-28 17:42:16', 0, '[{\"name\":\"谢伟\",\"phone\":\"18569873256\",\"kinship\":\"亲属\"}]', '2023-12-28 17:42:16');
INSERT INTO `check_in` VALUES (305, 'RZ202312281744311', '韩平的入住申请', 259, '2023-12-28 17:44:32', 'HT202312281744311', '江奕云', '100001006001000', 1671403256519078243, '2023-12-28 17:44:32', 0, '[{\"name\":\"韩伟\",\"phone\":\"18788888888\",\"kinship\":\"社工\"}]', '2023-12-28 17:44:32');
INSERT INTO `check_in` VALUES (306, 'RZ202312281747391', '秦秀英的入住申请', 260, '2023-12-28 17:47:40', 'HT202312281747391', '江奕云', '100001006001000', 1671403256519078243, '2023-12-28 17:47:40', 0, '[{\"name\":\"秦伟\",\"phone\":\"18666666666\",\"kinship\":\"朋友\"}]', '2023-12-28 17:47:40');
INSERT INTO `check_in` VALUES (307, 'RZ202312281749391', '撒爱国的入住申请', 261, '2023-12-28 17:49:39', 'HT202312281749391', '江奕云', '100001006001000', 1671403256519078243, '2023-12-28 17:49:39', 1, '[{\"name\":\"撒爱伟\",\"phone\":\"18333333333\",\"kinship\":\"其他\"}]', '2023-12-28 17:49:39');
INSERT INTO `check_in` VALUES (308, 'RZ202312281751431', '欧浩的入住申请', 262, '2023-12-28 17:51:43', 'HT202312281751431', '江奕云', '100001006001000', 1671403256519078243, '2023-12-28 17:51:43', 0, '[{\"name\":\"欧大伟\",\"phone\":\"18333333333\",\"kinship\":\"朋友\"}]', '2023-12-28 17:51:43');
INSERT INTO `check_in` VALUES (309, 'RZ202312281753261', '金爱英的入住申请', 263, '2023-12-28 17:53:26', 'HT202312281753261', '江奕云', '100001006001000', 1671403256519078243, '2023-12-28 17:53:26', 1, '[{\"name\":\"金小潇\",\"phone\":\"18555555555\",\"kinship\":\"配偶\"}]', '2023-12-28 17:53:26');
INSERT INTO `check_in` VALUES (310, 'RZ202312281757441', '朴傲的入住申请', 264, '2023-12-28 17:57:45', 'HT202312281757441', '江奕云', '100001006001000', 1671403256519078243, '2023-12-28 17:57:45', 1, '[{\"name\":\"朴大勋\",\"phone\":\"18222222222\",\"kinship\":\"亲属\"}]', '2023-12-28 17:57:45');
INSERT INTO `check_in` VALUES (311, 'RZ202312281759291', '宋美丽的入住申请', 265, '2023-12-28 17:59:29', 'HT202312281759291', '江奕云', '100001006001000', 1671403256519078243, '2023-12-28 17:59:29', 1, '[{\"name\":\"宋小伟\",\"phone\":\"18777777777\",\"kinship\":\"配偶\"}]', '2023-12-28 17:59:29');
INSERT INTO `check_in` VALUES (312, 'RZ202312281801171', '秦志强的入住申请', 266, '2023-12-28 18:01:18', 'HT202312281801171', '江奕云', '100001006001000', 1671403256519078243, '2023-12-28 18:01:18', 1, '[{\"name\":\"秦强\",\"phone\":\"18999999999\",\"kinship\":\"社工\"}]', '2023-12-28 18:01:18');
INSERT INTO `check_in` VALUES (313, 'RZ202401172322071', '天奥的入住申请', 267, '2024-01-17 23:22:07', 'HT202401172322071', '超级管理员', '100001001000000', 1671403256519078138, '2024-01-17 23:22:07', 0, '[{\"name\":\"1321112233\",\"phone\":\"13211122334\",\"kinship\":\"子女\"}]', '2024-01-17 23:22:07');

-- ----------------------------
-- Table structure for check_in_config
-- ----------------------------
DROP TABLE IF EXISTS `check_in_config`;
CREATE TABLE `check_in_config`  (
  `id` bigint NOT NULL AUTO_INCREMENT COMMENT '主键',
  `elder_id` bigint NOT NULL COMMENT '老人ID',
  `check_in_code` varchar(50) CHARACTER SET utf8mb4 COLLATE utf8mb4_unicode_ci NULL DEFAULT NULL COMMENT '入住编码',
  `check_in_start_time` datetime NOT NULL COMMENT '入住开始时间',
  `check_in_end_time` datetime NOT NULL COMMENT '入住结束时间',
  `nursing_level_id` bigint NOT NULL COMMENT '护理等级ID',
  `nursing_level_name` varchar(50) CHARACTER SET utf8mb4 COLLATE utf8mb4_0900_ai_ci NULL DEFAULT NULL COMMENT '护理等级名称',
  `bed_number` varchar(50) CHARACTER SET utf8mb4 COLLATE utf8mb4_0900_ai_ci NOT NULL COMMENT '床位号',
  `cost_start_time` datetime NOT NULL COMMENT '费用开始时间',
  `cost_end_time` datetime NOT NULL COMMENT '费用结束时间',
  `deposit_amount` decimal(10, 2) NOT NULL COMMENT '押金（元）',
  `nursing_cost` decimal(10, 2) NOT NULL COMMENT '护理费用（元/月）',
  `bed_cost` decimal(10, 2) NOT NULL COMMENT '床位费用（元/月）',
  `other_cost` decimal(10, 2) NOT NULL DEFAULT 0.00 COMMENT '其他费用（元/月）',
  `medical_insurance_payment` decimal(10, 2) NOT NULL DEFAULT 0.00 COMMENT '医保支付（元/月）',
  `government_subsidy` decimal(10, 2) NOT NULL DEFAULT 0.00 COMMENT '政府补贴（元/月）',
  `create_time` datetime NOT NULL COMMENT '创建时间',
  `update_time` datetime NULL DEFAULT NULL COMMENT '更新时间',
  `create_by` bigint NULL DEFAULT NULL COMMENT '创建人id',
  `update_by` bigint NULL DEFAULT NULL COMMENT '更新人id',
  `remark` varchar(255) CHARACTER SET utf8mb4 COLLATE utf8mb4_0900_ai_ci NULL DEFAULT NULL COMMENT '备注',
  PRIMARY KEY (`id`) USING BTREE
) ENGINE = InnoDB AUTO_INCREMENT = 300 CHARACTER SET = utf8mb4 COLLATE = utf8mb4_0900_ai_ci COMMENT = '入住配置表' ROW_FORMAT = DYNAMIC;

-- ----------------------------
-- Records of check_in_config
-- ----------------------------
INSERT INTO `check_in_config` VALUES (284, 252, 'RZ202312281731051', '2023-12-28 00:00:00', '2024-12-28 23:59:59', 70, '三级护理等级', '101-3', '2023-12-28 00:00:00', '2024-12-28 23:59:59', 3000.00, 1000.00, 8000.00, 0.00, 0.00, 0.00, '2023-12-28 17:31:06', '2023-12-28 17:31:06', 1671403256519078243, NULL, '403:79:188:1楼:101');
INSERT INTO `check_in_config` VALUES (285, 253, 'RZ202312281733011', '2023-12-28 00:00:00', '2024-12-28 23:59:59', 71, '一级护理等级', '102-2', '2023-12-28 00:00:00', '2024-12-28 23:59:59', 3000.00, 2000.00, 3500.00, 0.00, 0.00, 0.00, '2023-12-28 17:33:02', '2023-12-28 17:33:02', 1671403256519078243, NULL, '403:80:192:1楼:102');
INSERT INTO `check_in_config` VALUES (286, 254, 'RZ202312281735011', '2023-12-28 00:00:00', '2024-12-28 23:59:59', 72, '二级护理等级', '501-1', '2023-12-28 00:00:00', '2024-12-28 23:59:59', 3000.00, 1500.00, 8000.00, 0.00, 0.00, 0.00, '2023-12-28 17:35:01', '2023-12-28 17:35:01', 1671403256519078243, NULL, '407:107:231:5楼:501');
INSERT INTO `check_in_config` VALUES (287, 255, 'RZ202312281736451', '2023-12-28 00:00:00', '2024-12-28 23:59:59', 73, '特级护理等级', '801-1', '2023-12-28 00:00:00', '2024-12-28 23:59:59', 3000.00, 2700.00, 8000.00, 0.00, 0.00, 0.00, '2023-12-28 17:36:46', '2023-12-28 17:36:46', 1671403256519078243, NULL, '410:129:268:8楼:801');
INSERT INTO `check_in_config` VALUES (288, 256, 'RZ202312281738361', '2023-12-28 00:00:00', '2024-07-28 23:59:59', 71, '一级护理等级', '505-1', '2023-12-28 00:00:00', '2024-07-28 23:59:59', 3000.00, 2000.00, 3000.00, 0.00, 0.00, 0.00, '2023-12-28 17:38:37', '2023-12-28 17:38:37', 1671403256519078243, NULL, '407:112:238:5楼:505');
INSERT INTO `check_in_config` VALUES (289, 257, 'RZ202312281740271', '2023-12-28 00:00:00', '2024-12-28 23:59:59', 72, '二级护理等级', '606-1', '2023-12-28 00:00:00', '2024-12-28 23:59:59', 3000.00, 1500.00, 6000.00, 0.00, 0.00, 0.00, '2023-12-28 17:40:28', '2023-12-28 17:40:28', 1671403256519078243, NULL, '408:120:252:6楼:606');
INSERT INTO `check_in_config` VALUES (290, 258, 'RZ202312281742161', '2023-12-28 00:00:00', '2024-12-28 23:59:59', 73, '特级护理等级', '307-1', '2023-12-28 00:00:00', '2024-12-28 23:59:59', 3000.00, 2700.00, 4000.00, 0.00, 0.00, 0.00, '2023-12-28 17:42:16', '2023-12-28 17:42:16', 1671403256519078243, NULL, '405:99:219:3楼:307');
INSERT INTO `check_in_config` VALUES (291, 259, 'RZ202312281744311', '2023-12-28 00:00:00', '2024-12-28 23:59:59', 71, '一级护理等级', '405-1', '2023-12-28 00:00:00', '2024-12-28 23:59:59', 3000.00, 2000.00, 3000.00, 0.00, 0.00, 0.00, '2023-12-28 17:44:32', '2023-12-28 17:44:32', 1671403256519078243, NULL, '406:104:227:4楼:405');
INSERT INTO `check_in_config` VALUES (292, 260, 'RZ202312281747391', '2023-12-28 00:00:00', '2024-12-28 23:59:59', 73, '特级护理等级', '203-1', '2023-12-28 00:00:00', '2024-12-28 23:59:59', 3000.00, 2700.00, 2000.00, 0.00, 0.00, 0.00, '2023-12-28 17:47:40', '2023-12-28 17:47:40', 1671403256519078243, NULL, '404:88:203:2楼:203');
INSERT INTO `check_in_config` VALUES (293, 261, 'RZ202312281749391', '2023-12-28 00:00:00', '2024-12-28 23:59:59', 70, '三级护理等级', '303-1', '2023-12-28 00:00:00', '2024-12-28 23:59:59', 3000.00, 1000.00, 2000.00, 0.00, 0.00, 0.00, '2023-12-28 17:49:39', '2023-12-28 17:49:39', 1671403256519078243, NULL, '405:95:213:3楼:303');
INSERT INTO `check_in_config` VALUES (294, 262, 'RZ202312281751431', '2023-12-28 00:00:00', '2024-12-28 23:59:59', 73, '特级护理等级', '704-1', '2023-12-28 00:00:00', '2024-12-28 23:59:59', 3000.00, 2700.00, 4500.00, 0.00, 0.00, 0.00, '2023-12-28 17:51:43', '2023-12-28 17:51:43', 1671403256519078243, NULL, '409:125:261:7楼:704');
INSERT INTO `check_in_config` VALUES (295, 263, 'RZ202312281753261', '2023-12-28 00:00:00', '2024-12-28 23:59:59', 70, '三级护理等级', '304-1', '2023-12-28 00:00:00', '2024-12-28 23:59:59', 3000.00, 1000.00, 4500.00, 0.00, 0.00, 0.00, '2023-12-28 17:53:26', '2023-12-28 17:53:26', 1671403256519078243, NULL, '405:96:214:3楼:304');
INSERT INTO `check_in_config` VALUES (296, 264, 'RZ202312281757441', '2023-12-28 00:00:00', '2024-12-28 23:59:59', 72, '二级护理等级', '306-1', '2023-12-28 00:00:00', '2024-12-28 23:59:59', 3000.00, 1500.00, 6000.00, 0.00, 0.00, 0.00, '2023-12-28 17:57:45', '2023-12-28 17:57:45', 1671403256519078243, NULL, '405:98:217:3楼:306');
INSERT INTO `check_in_config` VALUES (297, 265, 'RZ202312281759291', '2023-12-28 00:00:00', '2024-12-28 23:59:59', 73, '特级护理等级', '204-1', '2023-12-28 00:00:00', '2024-07-28 23:59:59', 3000.00, 2700.00, 4500.00, 0.00, 0.00, 0.00, '2023-12-28 17:59:29', '2023-12-28 17:59:29', 1671403256519078243, NULL, '404:89:204:2楼:204');
INSERT INTO `check_in_config` VALUES (298, 266, 'RZ202312281801171', '2023-12-28 00:00:00', '2024-12-28 23:59:59', 70, '三级护理等级', '507-1', '2023-12-28 00:00:00', '2024-09-28 23:59:59', 3000.00, 1000.00, 4000.00, 0.00, 0.00, 0.00, '2023-12-28 18:01:18', '2023-12-28 18:01:18', 1671403256519078243, NULL, '407:114:241:5楼:507');
INSERT INTO `check_in_config` VALUES (299, 267, 'RZ202401172322071', '2024-01-17 00:00:00', '2024-02-29 23:59:59', 71, '一级护理等级', '201-1', '2024-01-17 00:00:00', '2024-02-17 23:59:59', 3000.00, 2000.00, 8000.00, 10.00, 10.00, 10.00, '2024-01-17 23:22:07', '2024-01-17 23:22:07', 1671403256519078138, NULL, '404:86:200:2楼:201');

-- ----------------------------
-- Table structure for contract
-- ----------------------------
DROP TABLE IF EXISTS `contract`;
CREATE TABLE `contract`  (
  `id` bigint NOT NULL AUTO_INCREMENT COMMENT '主键',
  `name` varchar(255) CHARACTER SET utf8mb4 COLLATE utf8mb4_0900_ai_ci NOT NULL COMMENT '合同名称',
  `contract_no` varchar(255) CHARACTER SET utf8mb4 COLLATE utf8mb4_0900_ai_ci NOT NULL COMMENT '合同编号',
  `pdf_url` varchar(255) CHARACTER SET utf8mb4 COLLATE utf8mb4_0900_ai_ci NULL DEFAULT NULL COMMENT '协议地址',
  `member_phone` varchar(50) CHARACTER SET utf8mb4 COLLATE utf8mb4_0900_ai_ci NULL DEFAULT NULL COMMENT '丙方手机号',
  `elder_id` bigint NULL DEFAULT NULL COMMENT '老人id',
  `elder_name` varchar(50) CHARACTER SET utf8mb4 COLLATE utf8mb4_0900_ai_ci NULL DEFAULT NULL COMMENT '老人姓名',
  `member_name` varchar(50) CHARACTER SET utf8mb4 COLLATE utf8mb4_0900_ai_ci NULL DEFAULT NULL COMMENT '丙方名称',
  `start_time` datetime NOT NULL COMMENT '开始时间',
  `end_time` datetime NOT NULL COMMENT '结束时间',
  `status` tinyint NOT NULL DEFAULT 0 COMMENT '状态，0：未生效，1：已生效，2：已过期, 3：已失效',
  `sort` int NULL DEFAULT 0 COMMENT '排序字段',
  `level_desc` varchar(255) CHARACTER SET utf8mb4 COLLATE utf8mb4_0900_ai_ci NULL DEFAULT NULL COMMENT '级别描述',
  `create_time` datetime NOT NULL COMMENT '创建时间',
  `create_by` varchar(255) CHARACTER SET utf8mb4 COLLATE utf8mb4_0900_ai_ci NOT NULL COMMENT '创建人',
  `update_time` datetime NULL DEFAULT NULL COMMENT '更新时间',
  `update_by` varchar(255) CHARACTER SET utf8mb4 COLLATE utf8mb4_0900_ai_ci NULL DEFAULT NULL COMMENT '更新人',
  `remark` varchar(255) CHARACTER SET utf8mb4 COLLATE utf8mb4_0900_ai_ci NULL DEFAULT NULL COMMENT '备注',
  `check_in_no` varchar(255) CHARACTER SET utf8mb4 COLLATE utf8mb4_0900_ai_ci NULL DEFAULT NULL COMMENT '入住单号',
  `sign_date` datetime NOT NULL COMMENT '签约日期',
  `release_submitter` varchar(255) CHARACTER SET utf8mb4 COLLATE utf8mb4_0900_ai_ci NULL DEFAULT NULL COMMENT '解除提交人',
  `release_date` datetime NULL DEFAULT NULL COMMENT '解除日期',
  `release_pdf_url` varchar(255) CHARACTER SET utf8mb4 COLLATE utf8mb4_0900_ai_ci NULL DEFAULT NULL COMMENT '解除协议url',
  PRIMARY KEY (`id`) USING BTREE
) ENGINE = InnoDB AUTO_INCREMENT = 306 CHARACTER SET = utf8mb4 COLLATE = utf8mb4_0900_ai_ci COMMENT = '合同表' ROW_FORMAT = DYNAMIC;

-- ----------------------------
-- Records of contract
-- ----------------------------
INSERT INTO `contract` VALUES (290, '入住合同', 'HT202312281731051', 'https://yjy-slwl-oss.oss-cn-hangzhou.aliyuncs.com/645a9e51-8b72-4f2f-b626-21d7482d53d9.pdf', '18888888888', 252, '李爱国', '李伟', '2023-12-28 00:00:00', '2024-12-28 23:59:59', 1, NULL, NULL, '2023-12-28 17:31:06', '1671403256519078243', '2023-12-28 17:31:06', NULL, NULL, 'RZ202312281731051', '2023-12-28 17:23:42', NULL, NULL, NULL);
INSERT INTO `contract` VALUES (291, '入住合同', 'HT202312281733011', 'https://yjy-slwl-oss.oss-cn-hangzhou.aliyuncs.com/8684acf5-ca1c-470b-ab86-39fee94f9dfe.pdf', '18777777777', 253, '王金龙', '王伟', '2023-12-28 00:00:00', '2024-12-28 23:59:59', 1, NULL, NULL, '2023-12-28 17:33:02', '1671403256519078243', '2023-12-28 17:33:02', NULL, NULL, 'RZ202312281733011', '2023-12-28 17:31:09', NULL, NULL, NULL);
INSERT INTO `contract` VALUES (292, '入住合同', 'HT202312281735011', 'https://yjy-slwl-oss.oss-cn-hangzhou.aliyuncs.com/00d7fb86-9ede-4e40-b945-7b012a88c4fd.pdf', '15555555555', 254, '张峰', '张玮', '2023-12-28 00:00:00', '2024-12-28 23:59:59', 1, NULL, NULL, '2023-12-28 17:35:01', '1671403256519078243', '2023-12-28 17:35:01', NULL, NULL, 'RZ202312281735011', '2023-12-28 17:33:10', NULL, NULL, NULL);
INSERT INTO `contract` VALUES (293, '入住合同', 'HT202312281736451', 'https://yjy-slwl-oss.oss-cn-hangzhou.aliyuncs.com/5f5e84c8-3934-4c94-b27e-3fe190412d6e.pdf', '17888888888', 255, '许建国', '许伟', '2023-12-28 00:00:00', '2024-12-28 23:59:59', 1, NULL, NULL, '2023-12-28 17:36:46', '1671403256519078243', '2023-12-28 17:36:46', NULL, NULL, 'RZ202312281736451', '2023-12-28 17:35:04', NULL, NULL, NULL);
INSERT INTO `contract` VALUES (294, '入住合同', 'HT202312281738361', 'https://yjy-slwl-oss.oss-cn-hangzhou.aliyuncs.com/8aec3e26-57f4-41ff-a615-66e12eae2e38.pdf', '18999999999', 256, '许峰', '许大伟', '2023-12-28 00:00:00', '2024-07-28 23:59:59', 1, NULL, NULL, '2023-12-28 17:38:37', '1671403256519078243', '2023-12-28 17:38:37', NULL, NULL, 'RZ202312281738361', '2023-12-28 17:36:52', NULL, NULL, NULL);
INSERT INTO `contract` VALUES (295, '入住合同', 'HT202312281740271', 'https://yjy-slwl-oss.oss-cn-hangzhou.aliyuncs.com/aa5c92ff-ca73-4f38-8c77-c991697a8778.pdf', '15874598632', 257, '潘爱国', '潘伟', '2023-12-28 00:00:00', '2024-12-28 23:59:59', 1, NULL, NULL, '2023-12-28 17:40:28', '1671403256519078243', '2023-12-28 17:40:28', NULL, NULL, 'RZ202312281740271', '2023-12-28 17:38:42', NULL, NULL, NULL);
INSERT INTO `contract` VALUES (296, '入住合同', 'HT202312281742161', 'https://yjy-slwl-oss.oss-cn-hangzhou.aliyuncs.com/99ad31a1-2f9e-447e-b864-c96d5fcf5f61.pdf', '18569873256', 258, '谢云', '谢伟', '2023-12-28 00:00:00', '2024-12-28 23:59:59', 1, NULL, NULL, '2023-12-28 17:42:16', '1671403256519078243', '2023-12-28 17:42:16', NULL, NULL, 'RZ202312281742161', '2023-12-28 17:40:31', NULL, NULL, NULL);
INSERT INTO `contract` VALUES (297, '入住合同', 'HT202312281744311', 'https://yjy-slwl-oss.oss-cn-hangzhou.aliyuncs.com/99743145-ef8b-406b-91a5-f26d8f5b2620.pdf', '18788888888', 259, '韩平', '1545698732', '2023-12-28 00:00:00', '2024-12-28 23:59:59', 1, NULL, NULL, '2023-12-28 17:44:32', '1671403256519078243', '2023-12-28 17:44:32', NULL, NULL, 'RZ202312281744311', '2023-12-28 17:42:26', NULL, NULL, NULL);
INSERT INTO `contract` VALUES (298, '入住合同', 'HT202312281747391', 'https://yjy-slwl-oss.oss-cn-hangzhou.aliyuncs.com/d1f01355-965c-4089-acbe-f4fee4b2a963.pdf', '18666666666', 260, '秦秀英', '秦伟', '2023-12-28 00:00:00', '2024-12-28 23:59:59', 1, NULL, NULL, '2023-12-28 17:47:40', '1671403256519078243', '2023-12-28 17:47:40', NULL, NULL, 'RZ202312281747391', '2023-12-28 17:45:09', NULL, NULL, NULL);
INSERT INTO `contract` VALUES (299, '入住合同', 'HT202312281749391', 'https://yjy-slwl-oss.oss-cn-hangzhou.aliyuncs.com/8ecd17ef-eb75-48c8-b6a3-17946b7f5621.pdf', '18333333333', 261, '撒爱国', '撒爱伟', '2023-12-28 00:00:00', '2024-12-28 23:59:59', 3, NULL, NULL, '2023-12-28 17:49:39', '1671403256519078243', '2023-12-28 18:05:57', '1671403256519078245', NULL, 'RZ202312281749391', '2023-12-28 17:47:47', '阮建安', '2023-12-28 18:05:23', 'https://yjy-slwl-oss.oss-cn-hangzhou.aliyuncs.com/5e9a01de-af59-49bd-a82e-7073731d984b.pdf');
INSERT INTO `contract` VALUES (300, '入住合同', 'HT202312281751431', 'https://yjy-slwl-oss.oss-cn-hangzhou.aliyuncs.com/d9c51c81-93ae-4788-8740-95a27ae78d34.pdf', '18333333333', 262, '欧浩', '欧大伟', '2023-12-28 00:00:00', '2024-12-28 23:59:59', 1, NULL, NULL, '2023-12-28 17:51:43', '1671403256519078243', '2023-12-28 17:51:43', NULL, NULL, 'RZ202312281751431', '2023-12-28 17:49:42', NULL, NULL, NULL);
INSERT INTO `contract` VALUES (301, '入住合同', 'HT202312281753261', 'https://yjy-slwl-oss.oss-cn-hangzhou.aliyuncs.com/c8eab10c-8bcd-4f40-843a-821a0f2c2461.pdf', '18555555555', 263, '金爱英', '金小潇', '2023-12-28 00:00:00', '2024-12-28 23:59:59', 3, NULL, NULL, '2023-12-28 17:53:26', '1671403256519078243', '2023-12-28 18:06:36', '1671403256519078245', NULL, 'RZ202312281753261', '2023-12-28 17:51:46', '阮建安', '2023-12-28 18:05:59', 'https://yjy-slwl-oss.oss-cn-hangzhou.aliyuncs.com/732f59fb-c31b-4fde-a25b-b89486072556.pdf');
INSERT INTO `contract` VALUES (302, '入住合同', 'HT202312281757441', 'https://yjy-slwl-oss.oss-cn-hangzhou.aliyuncs.com/bdbe2037-dffd-4eb2-b6fd-20b53af0a755.pdf', '18222222222', 264, '朴傲', '朴大勋', '2023-12-28 00:00:00', '2024-12-28 23:59:59', 3, NULL, NULL, '2023-12-28 17:57:45', '1671403256519078243', '2023-12-28 18:07:10', '1671403256519078245', NULL, 'RZ202312281757441', '2023-12-28 17:55:29', '阮建安', '2023-12-28 18:06:37', 'https://yjy-slwl-oss.oss-cn-hangzhou.aliyuncs.com/f3c5f1a0-a7c9-4d3b-b457-33718a5e7f4e.pdf');
INSERT INTO `contract` VALUES (303, '入住合同', 'HT202312281759291', 'https://yjy-slwl-oss.oss-cn-hangzhou.aliyuncs.com/f3907c99-39fa-4516-ab22-64b223dcd80b.pdf', '18777777777', 265, '宋美丽', '宋小伟', '2023-12-28 00:00:00', '2024-12-28 23:59:59', 3, NULL, NULL, '2023-12-28 17:59:29', '1671403256519078243', '2023-12-28 18:05:21', '1671403256519078245', NULL, 'RZ202312281759291', '2023-12-28 17:57:46', '阮建安', '2023-12-28 18:04:21', 'https://yjy-slwl-oss.oss-cn-hangzhou.aliyuncs.com/b3dfe80b-0814-452e-8fa5-f5cdfa9d9e03.pdf');
INSERT INTO `contract` VALUES (304, '入住合同', 'HT202312281801171', 'https://yjy-slwl-oss.oss-cn-hangzhou.aliyuncs.com/b9f5334b-ad17-4ed6-9dcc-d248fe3816a6.pdf', '18999999999', 266, '秦志强', '秦强', '2023-12-28 00:00:00', '2024-12-28 23:59:59', 3, NULL, NULL, '2023-12-28 18:01:18', '1671403256519078243', '2023-12-28 18:04:17', '1671403256519078245', NULL, 'RZ202312281801171', '2023-12-28 17:59:32', '阮建安', '2023-12-28 18:03:17', 'https://yjy-slwl-oss.oss-cn-hangzhou.aliyuncs.com/ce3534a3-eff6-40f6-b64a-8e63b7ccc69a.pdf');
INSERT INTO `contract` VALUES (305, '入住合同', 'HT202401172322071', 'https://itheim.oss-cn-beijing.aliyuncs.com/ce032b45-aab7-4a65-b535-80a6afce595f.png', '13566667777', 267, '天奥', '天天', '2024-01-17 00:00:00', '2024-02-29 23:59:59', 1, NULL, NULL, '2024-01-17 23:22:07', '1671403256519078138', '2024-01-17 23:22:07', NULL, NULL, 'RZ202401172322071', '2024-01-17 23:17:31', NULL, NULL, NULL);

-- ----------------------------
-- Table structure for device
-- ----------------------------
DROP TABLE IF EXISTS `device`;
CREATE TABLE `device`  (
  `id` bigint NOT NULL AUTO_INCREMENT,
  `iot_id` varchar(50) CHARACTER SET utf8mb4 COLLATE utf8mb4_unicode_ci NULL DEFAULT NULL COMMENT '物联网设备ID',
  `binding_location` varchar(50) CHARACTER SET utf8mb4 COLLATE utf8mb4_unicode_ci NULL DEFAULT NULL COMMENT '绑定位置',
  `location_type` int NULL DEFAULT NULL COMMENT '位置类型 0：随身设备 1：固定设备',
  `physical_location_type` int NULL DEFAULT NULL COMMENT '物理位置类型 0楼层 1房间 2床位',
  `device_name` varchar(100) CHARACTER SET utf8mb4 COLLATE utf8mb4_unicode_ci NULL DEFAULT NULL COMMENT '设备名称',
  `nickname` varchar(100) CHARACTER SET utf8mb4 COLLATE utf8mb4_unicode_ci NULL DEFAULT NULL COMMENT '备注名称',
  `product_key` varchar(100) CHARACTER SET utf8mb4 COLLATE utf8mb4_unicode_ci NULL DEFAULT NULL COMMENT '产品key',
  `product_name` varchar(100) CHARACTER SET utf8mb4 COLLATE utf8mb4_unicode_ci NULL DEFAULT NULL COMMENT '产品名称',
  `device_description` varchar(255) CHARACTER SET utf8mb4 COLLATE utf8mb4_unicode_ci NULL DEFAULT NULL COMMENT '位置备注',
  `have_entrance_guard` int NOT NULL DEFAULT 0 COMMENT '产品是否包含门禁，0：否，1：是',
  `create_time` datetime NULL DEFAULT NULL COMMENT '创建时间',
  `update_time` datetime NULL DEFAULT NULL COMMENT '更新时间',
  `create_by` bigint NULL DEFAULT NULL COMMENT '创建人id',
  `update_by` bigint NULL DEFAULT NULL COMMENT '更新人id',
  `remark` varchar(255) CHARACTER SET utf8mb4 COLLATE utf8mb4_0900_ai_ci NULL DEFAULT NULL COMMENT '备注',
  PRIMARY KEY (`id`) USING BTREE,
  UNIQUE INDEX `binding_location_location_type_physical_location_type_product_id`(`binding_location`, `location_type`, `physical_location_type`, `product_key`) USING BTREE,
  INDEX `device_id`(`iot_id`) USING BTREE
) ENGINE = InnoDB AUTO_INCREMENT = 234 CHARACTER SET = utf8mb4 COLLATE = utf8mb4_unicode_ci COMMENT = 'Iot设备表' ROW_FORMAT = DYNAMIC;

-- ----------------------------
-- Records of device
-- ----------------------------
INSERT INTO `device` VALUES (227, 'CpSVS9sz5WESY3zXJS49k0v1p0', '190', 1, 2, 'YWBJ_001', '1号烟雾报警器', 'k0v1pIFy3Up', '烟雾报警器', '403,79,190', 0, '2024-05-09 18:43:54', '2024-05-25 21:20:06', 1671403256519078138, 1671403256519078138, '1楼,101,101-1');
INSERT INTO `device` VALUES (228, 'jD2CV0LyobJB3V0QHKKvk0v1p0', '267', 0, -1, 'ZNSB_001', '1号智能手表', 'k0v1p5X57Y0', '智能手表', '404,86,200', 0, '2024-05-10 17:03:57', '2024-05-25 21:23:19', 1671403256519078138, 1671403256519078138, '天奥');

-- ----------------------------
-- Table structure for device_data
-- ----------------------------
DROP TABLE IF EXISTS `device_data`;
CREATE TABLE `device_data`  (
  `id` bigint NOT NULL AUTO_INCREMENT COMMENT '告警规则ID，自增主键',
  `device_name` varchar(255) CHARACTER SET utf8mb4 COLLATE utf8mb4_unicode_ci NULL DEFAULT NULL COMMENT '设备名称',
  `iot_id` varchar(255) CHARACTER SET utf8mb4 COLLATE utf8mb4_unicode_ci NULL DEFAULT NULL COMMENT '设备ID',
  `nickname` varchar(255) CHARACTER SET utf8mb4 COLLATE utf8mb4_unicode_ci NULL DEFAULT NULL COMMENT '备注名称',
  `product_key` varchar(500) CHARACTER SET utf8mb4 COLLATE utf8mb4_unicode_ci NULL DEFAULT NULL COMMENT '所属产品的key',
  `product_name` varchar(500) CHARACTER SET utf8mb4 COLLATE utf8mb4_unicode_ci NULL DEFAULT NULL COMMENT '产品名称',
  `function_id` varchar(255) CHARACTER SET utf8mb4 COLLATE utf8mb4_unicode_ci NULL DEFAULT NULL COMMENT '功能名称',
  `access_location` varchar(255) CHARACTER SET utf8mb4 COLLATE utf8mb4_unicode_ci NULL DEFAULT NULL COMMENT '接入位置',
  `location_type` int NULL DEFAULT NULL COMMENT '位置类型 0：随身设备 1：固定设备',
  `physical_location_type` int NULL DEFAULT NULL COMMENT '物理位置类型 0楼层 1房间 2床位',
  `device_description` varchar(255) CHARACTER SET utf8mb4 COLLATE utf8mb4_unicode_ci NULL DEFAULT NULL COMMENT '位置备注',
  `data_value` varchar(50) CHARACTER SET utf8mb4 COLLATE utf8mb4_unicode_ci NULL DEFAULT NULL COMMENT '数据值',
  `alarm_time` datetime NULL DEFAULT NULL COMMENT '数据上报时间',
  `create_time` datetime NOT NULL COMMENT '创建时间',
  `update_time` datetime NULL DEFAULT NULL COMMENT '更新时间',
  `create_by` bigint NULL DEFAULT NULL COMMENT '创建人id',
  `update_by` bigint NULL DEFAULT NULL COMMENT '更新人id',
  `remark` varchar(255) CHARACTER SET utf8mb4 COLLATE utf8mb4_0900_ai_ci NULL DEFAULT NULL COMMENT '备注',
  PRIMARY KEY (`id`) USING BTREE,
  INDEX `iot_id`(`iot_id`) USING BTREE,
  INDEX `function_name`(`function_id`) USING BTREE
) ENGINE = InnoDB AUTO_INCREMENT = 403255 CHARACTER SET = utf8mb4 COLLATE = utf8mb4_unicode_ci COMMENT = 'Iot设备数据表' ROW_FORMAT = DYNAMIC;

-- ----------------------------
-- Records of device_data
-- ----------------------------

-- ----------------------------
-- Table structure for elder
-- ----------------------------
DROP TABLE IF EXISTS `elder`;
CREATE TABLE `elder`  (
  `id` bigint NOT NULL AUTO_INCREMENT COMMENT 'id',
  `name` varchar(255) CHARACTER SET utf8mb4 COLLATE utf8mb4_0900_ai_ci NULL DEFAULT NULL COMMENT '名称',
  `image` varchar(255) CHARACTER SET utf8mb4 COLLATE utf8mb4_0900_ai_ci NULL DEFAULT NULL COMMENT '图片',
  `id_card_no` varchar(20) CHARACTER SET utf8mb4 COLLATE utf8mb4_0900_ai_ci NULL DEFAULT NULL COMMENT '身份证号',
  `sex` varchar(50) CHARACTER SET utf8mb4 COLLATE utf8mb4_0900_ai_ci NULL DEFAULT NULL COMMENT '支付截止时间',
  `status` int NOT NULL DEFAULT 1 COMMENT '状态（0：禁用，1:启用  2:请假 3:退住中 4入住中 5已退住）',
  `phone` varchar(50) CHARACTER SET utf8mb4 COLLATE utf8mb4_0900_ai_ci NOT NULL COMMENT '手机号',
  `birthday` varchar(50) CHARACTER SET utf8mb4 COLLATE utf8mb4_0900_ai_ci NULL DEFAULT NULL COMMENT '出生日期',
  `address` varchar(255) CHARACTER SET utf8mb4 COLLATE utf8mb4_0900_ai_ci NULL DEFAULT NULL COMMENT '家庭住址',
  `id_card_national_emblem_img` varchar(255) CHARACTER SET utf8mb4 COLLATE utf8mb4_0900_ai_ci NULL DEFAULT NULL COMMENT '身份证国徽面',
  `id_card_portrait_img` varchar(255) CHARACTER SET utf8mb4 COLLATE utf8mb4_0900_ai_ci NULL DEFAULT NULL COMMENT '身份证人像面',
  `create_time` datetime NOT NULL COMMENT '创建时间',
  `update_time` datetime NULL DEFAULT NULL COMMENT '更新时间',
  `create_by` bigint NULL DEFAULT NULL COMMENT '创建人id',
  `update_by` bigint NULL DEFAULT NULL COMMENT '更新人id',
  `remark` varchar(255) CHARACTER SET utf8mb4 COLLATE utf8mb4_0900_ai_ci NULL DEFAULT NULL COMMENT '备注',
  `bed_number` varchar(20) CHARACTER SET utf8mb4 COLLATE utf8mb4_0900_ai_ci NULL DEFAULT NULL COMMENT '床位编号',
  `bed_id` bigint NULL DEFAULT NULL COMMENT '床位id',
  PRIMARY KEY (`id`) USING BTREE,
  UNIQUE INDEX `name_id_card_no`(`name`, `id_card_no`) USING BTREE
) ENGINE = InnoDB AUTO_INCREMENT = 268 CHARACTER SET = utf8mb4 COLLATE = utf8mb4_0900_ai_ci COMMENT = '老人表' ROW_FORMAT = DYNAMIC;

-- ----------------------------
-- Records of elder
-- ----------------------------
INSERT INTO `elder` VALUES (252, '李爱国', 'https://yjy-slwl-oss.oss-cn-hangzhou.aliyuncs.com/fe8fffd9-2009-417b-8acb-646cd36a94c8.png', '410603195603251035', '0', 0, '18777777777', '1956-03-25', '幸福小区', 'https://yjy-slwl-oss.oss-cn-hangzhou.aliyuncs.com/ac710746-d498-4ad3-b9e2-ea583a08ae68.jpg', 'https://yjy-slwl-oss.oss-cn-hangzhou.aliyuncs.com/149c9df4-6a82-4c05-a7ca-187b5ad99636.jpg', '2023-12-28 17:31:06', '2023-12-28 17:31:06', 1671403256519078243, 1671403256519078243, NULL, '101-3', 188);
INSERT INTO `elder` VALUES (253, '王金龙', 'https://yjy-slwl-oss.oss-cn-hangzhou.aliyuncs.com/127a8bf2-e4cc-4db5-a700-4ed44bad1f71.png', '410603195507251035', '0', 0, '18888888888', '1955-07-25', '幸福小区', 'https://yjy-slwl-oss.oss-cn-hangzhou.aliyuncs.com/c784568a-c67f-4ea2-85c3-b754cb7744b2.jpg', 'https://yjy-slwl-oss.oss-cn-hangzhou.aliyuncs.com/285fada8-904e-4563-ad40-64d0e4e5f359.jpg', '2023-12-28 17:33:02', '2023-12-28 17:33:02', 1671403256519078243, 1671403256519078243, NULL, '102-2', 192);
INSERT INTO `elder` VALUES (254, '张峰', 'https://yjy-slwl-oss.oss-cn-hangzhou.aliyuncs.com/2b2ad047-d02c-4b3a-8cf8-300375eb82b4.png', '410601195004251035', '0', 0, '15666666666', '1950-04-25', '幸福大街', 'https://yjy-slwl-oss.oss-cn-hangzhou.aliyuncs.com/4b9b392a-e56a-4036-82fd-13d966060ea9.jpg', 'https://yjy-slwl-oss.oss-cn-hangzhou.aliyuncs.com/74b70337-d43b-4c23-810d-43cb91445c1f.jpg', '2023-12-28 17:35:01', '2023-12-28 17:35:01', 1671403256519078243, 1671403256519078243, NULL, '501-1', 231);
INSERT INTO `elder` VALUES (255, '许建国', 'https://yjy-slwl-oss.oss-cn-hangzhou.aliyuncs.com/4cbae07b-295a-4954-8d57-4560ecb9cc72.png', '410602194605251035', '0', 0, '17666666666', '1946-05-25', '幸福路', 'https://yjy-slwl-oss.oss-cn-hangzhou.aliyuncs.com/d8862497-e683-4083-a8a7-b74d39609cb2.jpg', 'https://yjy-slwl-oss.oss-cn-hangzhou.aliyuncs.com/20514d26-a010-4941-a864-f36c89d478f7.jpg', '2023-12-28 17:36:46', '2023-12-28 17:36:46', 1671403256519078243, 1671403256519078243, NULL, '801-1', 268);
INSERT INTO `elder` VALUES (256, '许峰', 'https://yjy-slwl-oss.oss-cn-hangzhou.aliyuncs.com/689e7ded-40c3-4d7d-a044-a588f22df612.png', '410603194506251035', '0', 0, '15222222222', '1945-06-25', '幸福大街', 'https://yjy-slwl-oss.oss-cn-hangzhou.aliyuncs.com/583d3895-b27a-47af-b35f-c76c214d46d5.jpg', 'https://yjy-slwl-oss.oss-cn-hangzhou.aliyuncs.com/38e8a68f-e545-4c3d-b599-1a4f44d2c783.jpg', '2023-12-28 17:38:37', '2023-12-28 17:38:37', 1671403256519078243, 1671403256519078243, NULL, '505-1', 238);
INSERT INTO `elder` VALUES (257, '潘爱国', 'https://yjy-slwl-oss.oss-cn-hangzhou.aliyuncs.com/bc1659e7-b1dd-44fc-a5cf-41d8b6e50137.png', '410607198106251035', '0', 0, '15621369875', '1981-06-25', '幸福小区', 'https://yjy-slwl-oss.oss-cn-hangzhou.aliyuncs.com/eb8bc8f5-ff84-4d17-8232-7c72b459175f.jpg', 'https://yjy-slwl-oss.oss-cn-hangzhou.aliyuncs.com/19ab0882-a4cf-4972-a1c1-cb97fc5d56c2.jpg', '2023-12-28 17:40:27', '2023-12-28 17:40:27', 1671403256519078243, 1671403256519078243, NULL, '606-1', 252);
INSERT INTO `elder` VALUES (258, '谢云', 'https://yjy-slwl-oss.oss-cn-hangzhou.aliyuncs.com/7ee5482c-f8c5-4cde-9f00-9008e2649c0e.png', '410608194506251035', '0', 0, '18365974568', '1945-06-25', '幸福大街', 'https://yjy-slwl-oss.oss-cn-hangzhou.aliyuncs.com/c97189be-3164-496d-8664-f466a4639279.jpg', 'https://yjy-slwl-oss.oss-cn-hangzhou.aliyuncs.com/f2da52b4-47ef-4861-97e3-35c0469dc273.jpg', '2023-12-28 17:42:16', '2023-12-28 17:42:16', 1671403256519078243, 1671403256519078243, NULL, '307-1', 219);
INSERT INTO `elder` VALUES (259, '韩平', 'https://yjy-slwl-oss.oss-cn-hangzhou.aliyuncs.com/c3fe4bcb-6c8f-4c30-9431-673070849ce6.png', '410607195607252022', '1', 0, '18469785326', '1956-07-25', '幸福小区', 'https://yjy-slwl-oss.oss-cn-hangzhou.aliyuncs.com/33af64da-d453-427d-bebe-e45bb9a76dbc.jpg', 'https://yjy-slwl-oss.oss-cn-hangzhou.aliyuncs.com/156860c6-7bce-427b-9ca3-416189029b82.jpg', '2023-12-28 17:44:32', '2023-12-28 17:44:32', 1671403256519078243, 1671403256519078243, NULL, '405-1', 227);
INSERT INTO `elder` VALUES (260, '秦秀英', 'https://yjy-slwl-oss.oss-cn-hangzhou.aliyuncs.com/c2d84623-4157-476d-aaef-efc41c11d92f.png', '310809196504256032', '0', 0, '18777777777', '1965-04-25', '幸福小区', 'https://yjy-slwl-oss.oss-cn-hangzhou.aliyuncs.com/7d5edf16-ef52-45b0-ba96-d5e1edf4aa4c.jpg', 'https://yjy-slwl-oss.oss-cn-hangzhou.aliyuncs.com/6c911f25-fc90-43fa-962f-7a8c9e214555.jpg', '2023-12-28 17:47:40', '2023-12-28 17:47:40', 1671403256519078243, 1671403256519078243, NULL, '203-1', 203);
INSERT INTO `elder` VALUES (261, '撒爱国', 'https://yjy-slwl-oss.oss-cn-hangzhou.aliyuncs.com/71b27e0c-0432-4d66-999d-4bf8a6a08142.png', '110507194306251039', '0', 1, '18555555555', '1943-06-25', '幸福社区', 'https://yjy-slwl-oss.oss-cn-hangzhou.aliyuncs.com/6ce41710-ff2d-497f-9f5c-0541ae7c49ed.jpg', 'https://yjy-slwl-oss.oss-cn-hangzhou.aliyuncs.com/65ec1ba1-da71-45fe-91e3-3d2134fc4fb6.jpg', '2023-12-28 17:49:39', '2023-12-28 18:05:58', 1671403256519078243, 1671403256519078243, NULL, '', -1);
INSERT INTO `elder` VALUES (262, '欧浩', 'https://yjy-slwl-oss.oss-cn-hangzhou.aliyuncs.com/73999c45-70c8-41f7-942d-bf40773b1c38.png', '360602194309252038', '0', 0, '18666666666', '1943-09-25', '幸福大街', 'https://yjy-slwl-oss.oss-cn-hangzhou.aliyuncs.com/e7ea5860-5200-4464-82d6-ecf5f6a3d9cc.jpg', 'https://yjy-slwl-oss.oss-cn-hangzhou.aliyuncs.com/d57b661b-1de0-4941-8c47-a7512b3f638c.jpg', '2023-12-28 17:51:43', '2023-12-28 17:51:43', 1671403256519078243, 1671403256519078243, NULL, '704-1', 261);
INSERT INTO `elder` VALUES (263, '金爱英', 'https://yjy-slwl-oss.oss-cn-hangzhou.aliyuncs.com/f2de957e-6763-4665-84db-7487531d8e89.png', '410307198604262026', '1', 1, '13666666666', '1986-04-26', '快乐大街', 'https://yjy-slwl-oss.oss-cn-hangzhou.aliyuncs.com/0ecc7efc-9b90-4f0c-a31d-6e204fdd0b5f.jpg', 'https://yjy-slwl-oss.oss-cn-hangzhou.aliyuncs.com/233d8d68-04a1-4de0-b945-9910e13fa15d.jpg', '2023-12-28 17:53:26', '2023-12-28 18:06:36', 1671403256519078243, 1671403256519078243, NULL, '', -1);
INSERT INTO `elder` VALUES (264, '朴傲', 'https://yjy-slwl-oss.oss-cn-hangzhou.aliyuncs.com/d61ef842-1078-45d9-b4e6-65c3153fc58e.png', '410608194208266038', '0', 1, '18999999999', '1942-08-26', '幸福大街', 'https://yjy-slwl-oss.oss-cn-hangzhou.aliyuncs.com/060fa471-18e4-441b-8982-cea3e1a720e2.jpg', 'https://yjy-slwl-oss.oss-cn-hangzhou.aliyuncs.com/e30dfd62-571c-41fc-b88c-611e3f3ceda9.jpg', '2023-12-28 17:57:44', '2023-12-28 18:07:10', 1671403256519078243, 1671403256519078243, NULL, '', -1);
INSERT INTO `elder` VALUES (265, '宋美丽', 'https://yjy-slwl-oss.oss-cn-hangzhou.aliyuncs.com/3f0ed4b0-d679-40da-802b-62aaec3d0034.png', '420608196209252086', '1', 1, '15111111111', '1962-09-25', '快乐小区', 'https://yjy-slwl-oss.oss-cn-hangzhou.aliyuncs.com/8378e637-b816-4f6b-9abc-7b525fb86a39.jpg', 'https://yjy-slwl-oss.oss-cn-hangzhou.aliyuncs.com/15db0ed4-377e-4cb4-aea1-2ca28912ea44.jpg', '2023-12-28 17:59:28', '2023-12-28 18:05:21', 1671403256519078243, 1671403256519078243, NULL, '', -1);
INSERT INTO `elder` VALUES (266, '秦志强', 'https://yjy-slwl-oss.oss-cn-hangzhou.aliyuncs.com/1b8cb2cb-f3e2-46e2-8d6d-16bce704853c.png', '410603198704251036', '0', 1, '15000000000', '1987-04-25', '幸福大街', 'https://yjy-slwl-oss.oss-cn-hangzhou.aliyuncs.com/ff9271e7-d0eb-401f-80dc-2c65afd5bdf5.jpg', 'https://yjy-slwl-oss.oss-cn-hangzhou.aliyuncs.com/35f1ce23-df52-41d7-a87a-d12439166785.jpg', '2023-12-28 18:01:18', '2023-12-28 18:04:17', 1671403256519078243, 1671403256519078243, NULL, '', -1);
INSERT INTO `elder` VALUES (267, '天奥', 'https://itheim.oss-cn-beijing.aliyuncs.com/5bef66d4-6510-41bb-9bf4-cabf0b55805f.png', '132111195612131234', '0', 0, '13211122334', '1956-12-13', '13211122334', 'https://itheim.oss-cn-beijing.aliyuncs.com/b7a447be-fd56-432c-a0d5-7358cf90e1ac.png', 'https://itheim.oss-cn-beijing.aliyuncs.com/327d3acc-dfc5-4f81-9c4a-46cc5d889614.png', '2024-01-17 23:22:07', '2024-01-17 23:22:07', 1671403256519078138, 1671403256519078138, NULL, '201-1', 200);

-- ----------------------------
-- Table structure for floor
-- ----------------------------
DROP TABLE IF EXISTS `floor`;
CREATE TABLE `floor`  (
  `id` bigint NOT NULL AUTO_INCREMENT COMMENT 'id',
  `name` varchar(255) CHARACTER SET utf8mb4 COLLATE utf8mb4_unicode_ci NULL DEFAULT NULL COMMENT '名称',
  `code` bigint NULL DEFAULT NULL COMMENT '编号',
  `create_time` datetime NULL DEFAULT NULL COMMENT '创建时间',
  `update_time` datetime NULL DEFAULT NULL COMMENT '更新时间',
  `create_by` bigint NULL DEFAULT NULL COMMENT '创建人id',
  `update_by` bigint NULL DEFAULT NULL COMMENT '更新人id',
  `remark` varchar(255) CHARACTER SET utf8mb4 COLLATE utf8mb4_unicode_ci NULL DEFAULT NULL COMMENT '备注',
  PRIMARY KEY (`id`) USING BTREE,
  UNIQUE INDEX `name`(`name`) USING BTREE
) ENGINE = InnoDB AUTO_INCREMENT = 411 CHARACTER SET = utf8mb4 COLLATE = utf8mb4_unicode_ci COMMENT = '楼层表' ROW_FORMAT = DYNAMIC;

-- ----------------------------
-- Records of floor
-- ----------------------------
INSERT INTO `floor` VALUES (403, '1楼', 1, '2023-12-28 16:09:30', '2023-12-28 16:09:30', 1671403256519078239, 1671403256519078138, NULL);
INSERT INTO `floor` VALUES (404, '2楼', 2, '2023-12-28 16:18:01', '2023-12-28 16:18:01', 1671403256519078239, 1671403256519078138, NULL);
INSERT INTO `floor` VALUES (405, '3楼', 3, '2023-12-28 16:22:42', '2024-05-09 18:59:03', 1671403256519078239, 1671403256519078138, NULL);
INSERT INTO `floor` VALUES (406, '4楼', 4, '2023-12-28 16:22:53', '2023-12-28 16:22:53', 1671403256519078239, 1671403256519078138, NULL);
INSERT INTO `floor` VALUES (407, '5楼', 5, '2023-12-28 16:22:59', '2023-12-28 16:22:59', 1671403256519078239, 1671403256519078138, NULL);
INSERT INTO `floor` VALUES (408, '6楼', 6, '2023-12-28 16:23:08', '2023-12-28 16:23:08', 1671403256519078239, 1671403256519078138, NULL);
INSERT INTO `floor` VALUES (409, '7楼', 7, '2023-12-28 16:23:15', '2023-12-28 16:23:15', 1671403256519078239, 1671403256519078138, NULL);
INSERT INTO `floor` VALUES (410, '8楼', 8, '2023-12-28 16:23:25', '2023-12-28 16:23:25', 1671403256519078239, 1671403256519078138, NULL);

-- ----------------------------
-- Table structure for member
-- ----------------------------
DROP TABLE IF EXISTS `member`;
CREATE TABLE `member`  (
  `id` bigint NOT NULL AUTO_INCREMENT COMMENT '主键',
  `phone` varchar(20) CHARACTER SET utf8mb4 COLLATE utf8mb4_general_ci NOT NULL COMMENT '手机号',
  `name` varchar(100) CHARACTER SET utf8mb4 COLLATE utf8mb4_general_ci NULL DEFAULT NULL COMMENT '名称',
  `avatar` varchar(255) CHARACTER SET utf8mb4 COLLATE utf8mb4_general_ci NULL DEFAULT NULL COMMENT '头像',
  `open_id` varchar(255) CHARACTER SET utf8mb4 COLLATE utf8mb4_general_ci NULL DEFAULT NULL COMMENT 'OpenID',
  `gender` int NULL DEFAULT NULL COMMENT '性别(0:男，1:女)',
  `create_time` timestamp NULL DEFAULT CURRENT_TIMESTAMP COMMENT '创建时间',
  `update_time` timestamp NULL DEFAULT CURRENT_TIMESTAMP ON UPDATE CURRENT_TIMESTAMP COMMENT '更新时间',
  `create_by` bigint NULL DEFAULT NULL COMMENT '创建人',
  `update_by` bigint NULL DEFAULT NULL COMMENT '更新人',
  `remark` varchar(255) CHARACTER SET utf8mb4 COLLATE utf8mb4_general_ci NULL DEFAULT NULL COMMENT '备注',
  PRIMARY KEY (`id`) USING BTREE
) ENGINE = InnoDB AUTO_INCREMENT = 14 CHARACTER SET = utf8mb4 COLLATE = utf8mb4_general_ci COMMENT = '会员表' ROW_FORMAT = DYNAMIC;

-- ----------------------------
-- Records of member
-- ----------------------------
INSERT INTO `member` VALUES (9, '12010281036', '一椰暴富1066', NULL, 'oQOBX5CApTpdsWp44MF60gRb7e5c', 0, '2023-12-28 18:17:55', '2024-05-26 16:32:32', 1671403256519078138, 1671403256519078138, NULL);
INSERT INTO `member` VALUES (10, '12031240118', '大桔大利0118', NULL, 'oQOBX5LzakknrS0U98gAD8hcaVXE', 0, '2023-12-28 18:18:35', '2024-05-26 16:32:32', 1671403256519078138, 1671403256519078138, NULL);
INSERT INTO `member` VALUES (12, '18675590994', '柿柿如意0994', NULL, 'oPSwJ6Jr3VGiAmTnKuHiVo3rsLhs', NULL, '2024-05-09 22:36:02', '2024-05-26 16:32:32', 1671403256519078138, 1671403256519078138, NULL);
INSERT INTO `member` VALUES (13, '18675590994', '好柿开花0994', NULL, 'osvjO5VK-GkigPDPJmspsbhaAL6k', NULL, '2024-05-24 18:54:07', '2024-05-26 16:32:32', 1671403256519078138, 1671403256519078138, NULL);

-- ----------------------------
-- Table structure for member_elder
-- ----------------------------
DROP TABLE IF EXISTS `member_elder`;
CREATE TABLE `member_elder`  (
  `id` bigint NOT NULL AUTO_INCREMENT COMMENT 'id',
  `member_id` bigint NULL DEFAULT NULL COMMENT '客户id',
  `elder_id` bigint NULL DEFAULT NULL COMMENT '老人id',
  `create_time` datetime NOT NULL COMMENT '创建时间',
  `update_time` datetime NULL DEFAULT NULL COMMENT '更新时间',
  `create_by` bigint NULL DEFAULT NULL COMMENT '创建人id',
  `update_by` bigint NULL DEFAULT NULL COMMENT '更新人id',
  `remark` varchar(255) CHARACTER SET utf8mb4 COLLATE utf8mb4_0900_ai_ci NULL DEFAULT NULL COMMENT '备注',
  PRIMARY KEY (`id`) USING BTREE,
  UNIQUE INDEX `member_id_elder_id`(`member_id`, `elder_id`) USING BTREE
) ENGINE = InnoDB AUTO_INCREMENT = 170 CHARACTER SET = utf8mb4 COLLATE = utf8mb4_0900_ai_ci COMMENT = '客户老人关联表' ROW_FORMAT = DYNAMIC;

-- ----------------------------
-- Records of member_elder
-- ----------------------------
INSERT INTO `member_elder` VALUES (169, 12, 267, '2024-05-10 17:01:34', NULL, 12, NULL, '家人');

-- ----------------------------
-- Table structure for message
-- ----------------------------
DROP TABLE IF EXISTS `message`;
CREATE TABLE `message`  (
  `id` bigint NOT NULL AUTO_INCREMENT COMMENT '主键',
  `title` varchar(50) CHARACTER SET utf8mb4 COLLATE utf8mb4_general_ci NOT NULL COMMENT '标题',
  `content` varchar(500) CHARACTER SET utf8mb4 COLLATE utf8mb4_general_ci NOT NULL COMMENT '消息内容',
  `type` int NOT NULL DEFAULT 0 COMMENT '消息类型，0：报警通知',
  `user_id` bigint NOT NULL DEFAULT -1 COMMENT '消息接收人id，特别的，后台：-1',
  `is_read` int NOT NULL DEFAULT 0 COMMENT '是否已读，0：未读，1：已读',
  `read_time` datetime NULL DEFAULT NULL COMMENT '已读时间',
  `relevant_id` bigint NULL DEFAULT NULL COMMENT '关联id，如果是报警通知，则关联报警数据id',
  `create_time` datetime NOT NULL COMMENT '创建时间',
  `update_time` datetime NULL DEFAULT NULL COMMENT '更新时间',
  `create_by` bigint NULL DEFAULT NULL COMMENT '创建人id',
  `update_by` bigint NULL DEFAULT NULL COMMENT '更新人id',
  `remark` varchar(50) CHARACTER SET utf8mb4 COLLATE utf8mb4_general_ci NULL DEFAULT NULL COMMENT '备注',
  PRIMARY KEY (`id`) USING BTREE
) ENGINE = InnoDB AUTO_INCREMENT = 9670 CHARACTER SET = utf8mb4 COLLATE = utf8mb4_general_ci COMMENT = '消息表' ROW_FORMAT = DYNAMIC;

-- ----------------------------
-- Records of message
-- ----------------------------
INSERT INTO `message` VALUES (9556, '【数据异常】设备数据异常，请及时处理', '张三24 心率 智能手表 71', 0, -1, 0, NULL, NULL, '2023-12-27 16:13:00', '2023-12-27 16:13:00', 1, NULL, NULL);
INSERT INTO `message` VALUES (9557, '【数据异常】老人数据异常，请及时处理', '张三24 心率 智能手表 71', 0, -1, 0, NULL, NULL, '2023-12-27 16:13:00', '2023-12-27 16:13:00', 1, NULL, NULL);
INSERT INTO `message` VALUES (9558, '【数据异常】设备数据异常，请及时处理', '1楼,101,101-3 心率 睡眠监测带 124', 0, 1671403256519078138, 0, NULL, 12612, '2023-12-28 18:51:00', '2023-12-28 18:51:00', 1, NULL, NULL);
INSERT INTO `message` VALUES (9559, '【数据异常】设备数据异常，请及时处理', '1楼,101,101-3 心率 睡眠监测带 124', 0, 1671403256519078252, 0, NULL, 12611, '2023-12-28 18:51:00', '2023-12-28 18:51:00', 1, NULL, NULL);
INSERT INTO `message` VALUES (9560, '【数据异常】设备数据异常，请及时处理', '1楼,101,101-3 心率 睡眠监测带 123', 0, 1671403256519078138, 0, NULL, 12614, '2023-12-28 18:52:00', '2023-12-28 18:52:00', 1, NULL, NULL);
INSERT INTO `message` VALUES (9561, '【数据异常】设备数据异常，请及时处理', '1楼,101,101-3 心率 睡眠监测带 123', 0, 1671403256519078252, 0, NULL, 12613, '2023-12-28 18:52:00', '2023-12-28 18:52:00', 1, NULL, NULL);
INSERT INTO `message` VALUES (9562, '【数据异常】设备数据异常，请及时处理', '1楼,101,101-3 心率 睡眠监测带 126', 0, 1671403256519078138, 0, NULL, 12616, '2023-12-28 18:53:00', '2023-12-28 18:53:00', 1, NULL, NULL);
INSERT INTO `message` VALUES (9563, '【数据异常】设备数据异常，请及时处理', '1楼,101,101-3 心率 睡眠监测带 126', 0, 1671403256519078252, 0, NULL, 12615, '2023-12-28 18:53:00', '2023-12-28 18:53:00', 1, NULL, NULL);
INSERT INTO `message` VALUES (9564, '【数据异常】设备数据异常，请及时处理', '1楼,101,101-3 心率 睡眠监测带 127', 0, 1671403256519078138, 0, NULL, 12618, '2023-12-28 18:54:00', '2023-12-28 18:54:00', 1, NULL, NULL);
INSERT INTO `message` VALUES (9565, '【数据异常】设备数据异常，请及时处理', '1楼,101,101-3 心率 睡眠监测带 127', 0, 1671403256519078252, 0, NULL, 12617, '2023-12-28 18:54:00', '2023-12-28 18:54:00', 1, NULL, NULL);
INSERT INTO `message` VALUES (9566, '【数据异常】设备数据异常，请及时处理', '1楼,101,101-3 心率 睡眠监测带 123', 0, 1671403256519078138, 0, NULL, 12620, '2023-12-28 18:55:10', '2023-12-28 18:55:10', 1, NULL, NULL);
INSERT INTO `message` VALUES (9567, '【数据异常】设备数据异常，请及时处理', '1楼,101,101-3 心率 睡眠监测带 123', 0, 1671403256519078252, 1, '2023-12-28 18:57:17', 12619, '2023-12-28 18:55:10', '2023-12-28 18:55:10', 1, NULL, NULL);
INSERT INTO `message` VALUES (9568, '【数据异常】设备数据异常，请及时处理', '1楼,101,101-3 心率 睡眠监测带 126', 0, 1671403256519078138, 0, NULL, 12622, '2023-12-28 18:55:30', '2023-12-28 18:55:30', 1, NULL, NULL);
INSERT INTO `message` VALUES (9569, '【数据异常】设备数据异常，请及时处理', '1楼,101,101-3 心率 睡眠监测带 126', 0, 1671403256519078252, 0, NULL, 12621, '2023-12-28 18:55:30', '2023-12-28 18:55:30', 1, NULL, NULL);
INSERT INTO `message` VALUES (9570, '【数据异常】设备数据异常，请及时处理', '1楼,101,101-3 心率 睡眠监测带 128', 0, 1671403256519078138, 0, NULL, 12624, '2023-12-28 18:55:40', '2023-12-28 18:55:40', 1, NULL, NULL);
INSERT INTO `message` VALUES (9571, '【数据异常】设备数据异常，请及时处理', '1楼,101,101-3 心率 睡眠监测带 128', 0, 1671403256519078252, 0, NULL, 12623, '2023-12-28 18:55:40', '2023-12-28 18:55:40', 1, NULL, NULL);
INSERT INTO `message` VALUES (9572, '【数据异常】设备数据异常，请及时处理', '1楼,101,101-3 心率 睡眠监测带 124', 0, 1671403256519078138, 0, NULL, 12626, '2023-12-28 18:55:50', '2023-12-28 18:55:50', 1, NULL, NULL);
INSERT INTO `message` VALUES (9573, '【数据异常】设备数据异常，请及时处理', '1楼,101,101-3 心率 睡眠监测带 124', 0, 1671403256519078252, 0, NULL, 12625, '2023-12-28 18:55:50', '2023-12-28 18:55:50', 1, NULL, NULL);
INSERT INTO `message` VALUES (9574, '【数据异常】设备数据异常，请及时处理', '1楼,101,101-3 心率 睡眠监测带 125', 0, 1671403256519078138, 0, NULL, 12628, '2023-12-28 18:56:00', '2023-12-28 18:56:00', 1, NULL, NULL);
INSERT INTO `message` VALUES (9575, '【数据异常】设备数据异常，请及时处理', '1楼,101,101-3 心率 睡眠监测带 125', 0, 1671403256519078252, 0, NULL, 12627, '2023-12-28 18:56:00', '2023-12-28 18:56:00', 1, NULL, NULL);
INSERT INTO `message` VALUES (9576, '【数据异常】设备数据异常，请及时处理', '1楼,101,101-3 心率 睡眠监测带 120', 0, 1671403256519078138, 0, NULL, 12630, '2023-12-28 18:56:10', '2023-12-28 18:56:10', 1, NULL, NULL);
INSERT INTO `message` VALUES (9577, '【数据异常】设备数据异常，请及时处理', '1楼,101,101-3 心率 睡眠监测带 120', 0, 1671403256519078252, 0, NULL, 12629, '2023-12-28 18:56:10', '2023-12-28 18:56:10', 1, NULL, NULL);
INSERT INTO `message` VALUES (9578, '【数据异常】设备数据异常，请及时处理', '1楼,101,101-3 心率 睡眠监测带 124', 0, 1671403256519078138, 0, NULL, 12632, '2023-12-28 18:56:20', '2023-12-28 18:56:20', 1, NULL, NULL);
INSERT INTO `message` VALUES (9579, '【数据异常】设备数据异常，请及时处理', '1楼,101,101-3 心率 睡眠监测带 124', 0, 1671403256519078252, 0, NULL, 12631, '2023-12-28 18:56:20', '2023-12-28 18:56:20', 1, NULL, NULL);
INSERT INTO `message` VALUES (9580, '【数据异常】设备数据异常，请及时处理', '1楼,101,101-3 心率 睡眠监测带 121', 0, 1671403256519078138, 0, NULL, 12634, '2023-12-28 18:56:30', '2023-12-28 18:56:30', 1, NULL, NULL);
INSERT INTO `message` VALUES (9581, '【数据异常】设备数据异常，请及时处理', '1楼,101,101-3 心率 睡眠监测带 121', 0, 1671403256519078252, 0, NULL, 12633, '2023-12-28 18:56:30', '2023-12-28 18:56:30', 1, NULL, NULL);
INSERT INTO `message` VALUES (9582, '【数据异常】设备数据异常，请及时处理', '1楼,101,101-3 心率 睡眠监测带 123', 0, 1671403256519078138, 0, NULL, 12636, '2023-12-28 18:56:40', '2023-12-28 18:56:40', 1, NULL, NULL);
INSERT INTO `message` VALUES (9583, '【数据异常】设备数据异常，请及时处理', '1楼,101,101-3 心率 睡眠监测带 123', 0, 1671403256519078252, 0, NULL, 12635, '2023-12-28 18:56:40', '2023-12-28 18:56:40', 1, NULL, NULL);
INSERT INTO `message` VALUES (9584, '【数据异常】设备数据异常，请及时处理', '1楼,101,101-3 心率 睡眠监测带 120', 0, 1671403256519078138, 0, NULL, 12638, '2023-12-28 18:56:50', '2023-12-28 18:56:50', 1, NULL, NULL);
INSERT INTO `message` VALUES (9585, '【数据异常】设备数据异常，请及时处理', '1楼,101,101-3 心率 睡眠监测带 120', 0, 1671403256519078252, 0, NULL, 12637, '2023-12-28 18:56:50', '2023-12-28 18:56:50', 1, NULL, NULL);
INSERT INTO `message` VALUES (9586, '【数据异常】设备数据异常，请及时处理', '1楼,101,101-3 心率 睡眠监测带 128', 0, 1671403256519078138, 0, NULL, 12640, '2023-12-28 18:57:00', '2023-12-28 18:57:00', 1, NULL, NULL);
INSERT INTO `message` VALUES (9587, '【数据异常】设备数据异常，请及时处理', '1楼,101,101-3 心率 睡眠监测带 128', 0, 1671403256519078252, 0, NULL, 12639, '2023-12-28 18:57:00', '2023-12-28 18:57:00', 1, NULL, NULL);
INSERT INTO `message` VALUES (9588, '【数据异常】设备数据异常，请及时处理', '1楼,101,101-3 心率 睡眠监测带 129', 0, 1671403256519078138, 0, NULL, 12642, '2023-12-28 18:57:50', '2023-12-28 18:57:50', 1, NULL, NULL);
INSERT INTO `message` VALUES (9589, '【数据异常】设备数据异常，请及时处理', '1楼,101,101-3 心率 睡眠监测带 129', 0, 1671403256519078252, 0, NULL, 12641, '2023-12-28 18:57:50', '2023-12-28 18:57:50', 1, NULL, NULL);
INSERT INTO `message` VALUES (9590, '【数据异常】设备数据异常，请及时处理', '1楼,101,101-3 心率 睡眠监测带 126', 0, 1671403256519078138, 0, NULL, 12644, '2023-12-28 18:58:00', '2023-12-28 18:58:00', 1, NULL, NULL);
INSERT INTO `message` VALUES (9591, '【数据异常】设备数据异常，请及时处理', '1楼,101,101-3 心率 睡眠监测带 126', 0, 1671403256519078252, 1, '2023-12-28 19:15:04', 12643, '2023-12-28 18:58:00', '2023-12-28 18:58:00', 1, NULL, NULL);
INSERT INTO `message` VALUES (9592, '【数据异常】设备数据异常，请及时处理', '1楼,101,101-3 心率 睡眠监测带 126', 0, 1671403256519078138, 0, NULL, 12646, '2023-12-28 18:58:10', '2023-12-28 18:58:10', 1, NULL, NULL);
INSERT INTO `message` VALUES (9593, '【数据异常】设备数据异常，请及时处理', '1楼,101,101-3 心率 睡眠监测带 126', 0, 1671403256519078252, 1, '2023-12-28 19:15:04', 12645, '2023-12-28 18:58:10', '2023-12-28 18:58:10', 1, NULL, NULL);
INSERT INTO `message` VALUES (9594, '【数据异常】设备数据异常，请及时处理', '1楼,101,101-3 心率 睡眠监测带 126', 0, 1671403256519078138, 0, NULL, 12648, '2023-12-28 18:58:20', '2023-12-28 18:58:20', 1, NULL, NULL);
INSERT INTO `message` VALUES (9595, '【数据异常】设备数据异常，请及时处理', '1楼,101,101-3 心率 睡眠监测带 126', 0, 1671403256519078252, 1, '2023-12-28 19:15:04', 12647, '2023-12-28 18:58:20', '2023-12-28 18:58:20', 1, NULL, NULL);
INSERT INTO `message` VALUES (9596, '【数据异常】设备数据异常，请及时处理', '1楼,101,101-3 心率 睡眠监测带 128', 0, 1671403256519078138, 0, NULL, 12650, '2023-12-28 18:58:30', '2023-12-28 18:58:30', 1, NULL, NULL);
INSERT INTO `message` VALUES (9597, '【数据异常】设备数据异常，请及时处理', '1楼,101,101-3 心率 睡眠监测带 128', 0, 1671403256519078252, 1, '2023-12-28 19:15:04', 12649, '2023-12-28 18:58:30', '2023-12-28 18:58:30', 1, NULL, NULL);
INSERT INTO `message` VALUES (9598, '【数据异常】设备数据异常，请及时处理', '1楼,101,101-3 心率 睡眠监测带 120', 0, 1671403256519078138, 0, NULL, 12652, '2023-12-28 18:58:40', '2023-12-28 18:58:40', 1, NULL, NULL);
INSERT INTO `message` VALUES (9599, '【数据异常】设备数据异常，请及时处理', '1楼,101,101-3 心率 睡眠监测带 120', 0, 1671403256519078252, 1, '2023-12-28 19:15:04', 12651, '2023-12-28 18:58:40', '2023-12-28 18:58:40', 1, NULL, NULL);
INSERT INTO `message` VALUES (9602, '【数据异常】老人数据异常，请及时处理', '王金龙 离床次数 睡眠监测带 23', 0, 1671403256519078138, 0, NULL, 12657, '2023-12-28 19:08:20', '2023-12-28 19:08:20', 1, NULL, NULL);
INSERT INTO `message` VALUES (9603, '【数据异常】老人数据异常，请及时处理', '王金龙 离床次数 睡眠监测带 23', 0, 1671403256519078255, 0, NULL, 12656, '2023-12-28 19:08:20', '2023-12-28 19:08:20', 1, NULL, NULL);
INSERT INTO `message` VALUES (9604, '【数据异常】老人数据异常，请及时处理', '王金龙 离床次数 睡眠监测带 23', 0, 1671403256519078245, 0, NULL, 12655, '2023-12-28 19:08:20', '2023-12-28 19:08:20', 1, NULL, NULL);
INSERT INTO `message` VALUES (9607, '【数据异常】老人数据异常，请及时处理', '王金龙 离床次数 睡眠监测带 9', 0, 1671403256519078138, 0, NULL, 12662, '2023-12-28 19:08:30', '2023-12-28 19:08:30', 1, NULL, NULL);
INSERT INTO `message` VALUES (9608, '【数据异常】老人数据异常，请及时处理', '王金龙 离床次数 睡眠监测带 9', 0, 1671403256519078255, 0, NULL, 12661, '2023-12-28 19:08:30', '2023-12-28 19:08:30', 1, NULL, NULL);
INSERT INTO `message` VALUES (9609, '【数据异常】老人数据异常，请及时处理', '王金龙 离床次数 睡眠监测带 9', 0, 1671403256519078245, 0, NULL, 12660, '2023-12-28 19:08:30', '2023-12-28 19:08:30', 1, NULL, NULL);
INSERT INTO `message` VALUES (9612, '【数据异常】老人数据异常，请及时处理', '王金龙 离床次数 睡眠监测带 23', 0, 1671403256519078138, 0, NULL, 12667, '2023-12-28 19:08:50', '2023-12-28 19:08:50', 1, NULL, NULL);
INSERT INTO `message` VALUES (9613, '【数据异常】老人数据异常，请及时处理', '王金龙 离床次数 睡眠监测带 23', 0, 1671403256519078255, 0, NULL, 12666, '2023-12-28 19:08:50', '2023-12-28 19:08:50', 1, NULL, NULL);
INSERT INTO `message` VALUES (9614, '【数据异常】老人数据异常，请及时处理', '王金龙 离床次数 睡眠监测带 23', 0, 1671403256519078245, 0, NULL, 12665, '2023-12-28 19:08:50', '2023-12-28 19:08:50', 1, NULL, NULL);
INSERT INTO `message` VALUES (9617, '【数据异常】老人数据异常，请及时处理', '王金龙 离床次数 睡眠监测带 5', 0, 1671403256519078138, 0, NULL, 12672, '2023-12-28 19:09:00', '2023-12-28 19:09:00', 1, NULL, NULL);
INSERT INTO `message` VALUES (9618, '【数据异常】老人数据异常，请及时处理', '王金龙 离床次数 睡眠监测带 5', 0, 1671403256519078255, 0, NULL, 12671, '2023-12-28 19:09:00', '2023-12-28 19:09:00', 1, NULL, NULL);
INSERT INTO `message` VALUES (9619, '【数据异常】老人数据异常，请及时处理', '王金龙 离床次数 睡眠监测带 5', 0, 1671403256519078245, 0, NULL, 12670, '2023-12-28 19:09:00', '2023-12-28 19:09:00', 1, NULL, NULL);
INSERT INTO `message` VALUES (9622, '【数据异常】老人数据异常，请及时处理', '王金龙 离床次数 睡眠监测带 12', 0, 1671403256519078138, 0, NULL, 12677, '2023-12-28 19:09:10', '2023-12-28 19:09:10', 1, NULL, NULL);
INSERT INTO `message` VALUES (9623, '【数据异常】老人数据异常，请及时处理', '王金龙 离床次数 睡眠监测带 12', 0, 1671403256519078255, 0, NULL, 12676, '2023-12-28 19:09:10', '2023-12-28 19:09:10', 1, NULL, NULL);
INSERT INTO `message` VALUES (9624, '【数据异常】老人数据异常，请及时处理', '王金龙 离床次数 睡眠监测带 12', 0, 1671403256519078245, 0, NULL, 12675, '2023-12-28 19:09:10', '2023-12-28 19:09:10', 1, NULL, NULL);
INSERT INTO `message` VALUES (9625, '【数据异常】老人数据异常，请及时处理', '王金龙 离床次数 睡眠监测带 5', 0, 1671403256519078138, 0, NULL, 12680, '2023-12-28 19:09:20', '2023-12-28 19:09:20', 1, NULL, NULL);
INSERT INTO `message` VALUES (9626, '【数据异常】老人数据异常，请及时处理', '王金龙 离床次数 睡眠监测带 5', 0, 1671403256519078255, 0, NULL, 12679, '2023-12-28 19:09:20', '2023-12-28 19:09:20', 1, NULL, NULL);
INSERT INTO `message` VALUES (9627, '【数据异常】老人数据异常，请及时处理', '王金龙 离床次数 睡眠监测带 5', 0, 1671403256519078245, 0, NULL, 12678, '2023-12-28 19:09:20', '2023-12-28 19:09:20', 1, NULL, NULL);
INSERT INTO `message` VALUES (9628, '【数据异常】老人数据异常，请及时处理', '王金龙 离床次数 睡眠监测带 5', 0, 1671403256519078138, 0, NULL, 12683, '2023-12-28 19:09:30', '2023-12-28 19:09:30', 1, NULL, NULL);
INSERT INTO `message` VALUES (9629, '【数据异常】老人数据异常，请及时处理', '王金龙 离床次数 睡眠监测带 5', 0, 1671403256519078255, 0, NULL, 12682, '2023-12-28 19:09:30', '2023-12-28 19:09:30', 1, NULL, NULL);
INSERT INTO `message` VALUES (9630, '【数据异常】老人数据异常，请及时处理', '王金龙 离床次数 睡眠监测带 5', 0, 1671403256519078245, 0, NULL, 12681, '2023-12-28 19:09:30', '2023-12-28 19:09:30', 1, NULL, NULL);
INSERT INTO `message` VALUES (9631, '【数据异常】老人数据异常，请及时处理', '王金龙 离床次数 睡眠监测带 12', 0, 1671403256519078138, 0, NULL, 12686, '2023-12-28 19:09:40', '2023-12-28 19:09:40', 1, NULL, NULL);
INSERT INTO `message` VALUES (9632, '【数据异常】老人数据异常，请及时处理', '王金龙 离床次数 睡眠监测带 12', 0, 1671403256519078255, 0, NULL, 12685, '2023-12-28 19:09:40', '2023-12-28 19:09:40', 1, NULL, NULL);
INSERT INTO `message` VALUES (9633, '【数据异常】老人数据异常，请及时处理', '王金龙 离床次数 睡眠监测带 12', 0, 1671403256519078245, 0, NULL, 12684, '2023-12-28 19:09:40', '2023-12-28 19:09:40', 1, NULL, NULL);
INSERT INTO `message` VALUES (9634, '【数据异常】老人数据异常，请及时处理', '王金龙 离床次数 睡眠监测带 7', 0, 1671403256519078138, 0, NULL, 12689, '2023-12-28 19:09:50', '2023-12-28 19:09:50', 1, NULL, NULL);
INSERT INTO `message` VALUES (9635, '【数据异常】老人数据异常，请及时处理', '王金龙 离床次数 睡眠监测带 7', 0, 1671403256519078255, 0, NULL, 12688, '2023-12-28 19:09:50', '2023-12-28 19:09:50', 1, NULL, NULL);
INSERT INTO `message` VALUES (9636, '【数据异常】老人数据异常，请及时处理', '王金龙 离床次数 睡眠监测带 7', 0, 1671403256519078245, 0, NULL, 12687, '2023-12-28 19:09:50', '2023-12-28 19:09:50', 1, NULL, NULL);
INSERT INTO `message` VALUES (9637, '【数据异常】老人数据异常，请及时处理', '王金龙 离床次数 睡眠监测带 5', 0, 1671403256519078138, 0, NULL, 12692, '2023-12-28 19:10:00', '2023-12-28 19:10:00', 1, NULL, NULL);
INSERT INTO `message` VALUES (9638, '【数据异常】老人数据异常，请及时处理', '王金龙 离床次数 睡眠监测带 5', 0, 1671403256519078255, 0, NULL, 12691, '2023-12-28 19:10:00', '2023-12-28 19:10:00', 1, NULL, NULL);
INSERT INTO `message` VALUES (9639, '【数据异常】老人数据异常，请及时处理', '王金龙 离床次数 睡眠监测带 5', 0, 1671403256519078245, 0, NULL, 12690, '2023-12-28 19:10:00', '2023-12-28 19:10:00', 1, NULL, NULL);
INSERT INTO `message` VALUES (9640, '【数据异常】老人数据异常，请及时处理', '王金龙 离床次数 睡眠监测带 13', 0, 1671403256519078138, 0, NULL, 12695, '2023-12-28 19:10:10', '2023-12-28 19:10:10', 1, NULL, NULL);
INSERT INTO `message` VALUES (9641, '【数据异常】老人数据异常，请及时处理', '王金龙 离床次数 睡眠监测带 13', 0, 1671403256519078255, 0, NULL, 12694, '2023-12-28 19:10:10', '2023-12-28 19:10:10', 1, NULL, NULL);
INSERT INTO `message` VALUES (9642, '【数据异常】老人数据异常，请及时处理', '王金龙 离床次数 睡眠监测带 13', 0, 1671403256519078245, 0, NULL, 12693, '2023-12-28 19:10:10', '2023-12-28 19:10:10', 1, NULL, NULL);
INSERT INTO `message` VALUES (9643, '【数据异常】老人数据异常，请及时处理', '王金龙 离床次数 睡眠监测带 20', 0, 1671403256519078138, 0, NULL, 12698, '2023-12-28 19:10:20', '2023-12-28 19:10:20', 1, NULL, NULL);
INSERT INTO `message` VALUES (9644, '【数据异常】老人数据异常，请及时处理', '王金龙 离床次数 睡眠监测带 20', 0, 1671403256519078255, 0, NULL, 12697, '2023-12-28 19:10:20', '2023-12-28 19:10:20', 1, NULL, NULL);
INSERT INTO `message` VALUES (9645, '【数据异常】老人数据异常，请及时处理', '王金龙 离床次数 睡眠监测带 20', 0, 1671403256519078245, 0, NULL, 12696, '2023-12-28 19:10:20', '2023-12-28 19:10:20', 1, NULL, NULL);
INSERT INTO `message` VALUES (9646, '【数据异常】老人数据异常，请及时处理', '王金龙 离床次数 睡眠监测带 15', 0, 1671403256519078138, 0, NULL, 12701, '2023-12-28 19:10:30', '2023-12-28 19:10:30', 1, NULL, NULL);
INSERT INTO `message` VALUES (9647, '【数据异常】老人数据异常，请及时处理', '王金龙 离床次数 睡眠监测带 15', 0, 1671403256519078255, 0, NULL, 12700, '2023-12-28 19:10:30', '2023-12-28 19:10:30', 1, NULL, NULL);
INSERT INTO `message` VALUES (9648, '【数据异常】老人数据异常，请及时处理', '王金龙 离床次数 睡眠监测带 15', 0, 1671403256519078245, 0, NULL, 12699, '2023-12-28 19:10:30', '2023-12-28 19:10:30', 1, NULL, NULL);
INSERT INTO `message` VALUES (9649, '【数据异常】老人数据异常，请及时处理', '王金龙 离床次数 睡眠监测带 11', 0, 1671403256519078138, 0, NULL, 12704, '2023-12-28 19:10:40', '2023-12-28 19:10:40', 1, NULL, NULL);
INSERT INTO `message` VALUES (9650, '【数据异常】老人数据异常，请及时处理', '王金龙 离床次数 睡眠监测带 11', 0, 1671403256519078255, 0, NULL, 12703, '2023-12-28 19:10:40', '2023-12-28 19:10:40', 1, NULL, NULL);
INSERT INTO `message` VALUES (9651, '【数据异常】老人数据异常，请及时处理', '王金龙 离床次数 睡眠监测带 11', 0, 1671403256519078245, 0, NULL, 12702, '2023-12-28 19:10:40', '2023-12-28 19:10:40', 1, NULL, NULL);
INSERT INTO `message` VALUES (9652, '【数据异常】老人数据异常，请及时处理', '王金龙 离床次数 睡眠监测带 11', 0, 1671403256519078138, 0, NULL, 12707, '2023-12-28 19:10:50', '2023-12-28 19:10:50', 1, NULL, NULL);
INSERT INTO `message` VALUES (9653, '【数据异常】老人数据异常，请及时处理', '王金龙 离床次数 睡眠监测带 11', 0, 1671403256519078255, 0, NULL, 12706, '2023-12-28 19:10:50', '2023-12-28 19:10:50', 1, NULL, NULL);
INSERT INTO `message` VALUES (9654, '【数据异常】老人数据异常，请及时处理', '王金龙 离床次数 睡眠监测带 11', 0, 1671403256519078245, 0, NULL, 12705, '2023-12-28 19:10:50', '2023-12-28 19:10:50', 1, NULL, NULL);
INSERT INTO `message` VALUES (9655, '【数据异常】老人数据异常，请及时处理', '王金龙 离床次数 睡眠监测带 13', 0, 1671403256519078138, 0, NULL, 12710, '2023-12-28 19:11:00', '2023-12-28 19:11:00', 1, NULL, NULL);
INSERT INTO `message` VALUES (9656, '【数据异常】老人数据异常，请及时处理', '王金龙 离床次数 睡眠监测带 13', 0, 1671403256519078255, 0, NULL, 12709, '2023-12-28 19:11:00', '2023-12-28 19:11:00', 1, NULL, NULL);
INSERT INTO `message` VALUES (9657, '【数据异常】老人数据异常，请及时处理', '王金龙 离床次数 睡眠监测带 13', 0, 1671403256519078245, 1, '2023-12-28 19:14:01', 12708, '2023-12-28 19:11:00', '2023-12-28 19:11:00', 1, NULL, NULL);
INSERT INTO `message` VALUES (9658, '【数据异常】老人数据异常，请及时处理', '王金龙 离床次数 睡眠监测带 16', 0, 1671403256519078138, 0, NULL, 12713, '2023-12-28 19:11:10', '2023-12-28 19:11:10', 1, NULL, NULL);
INSERT INTO `message` VALUES (9659, '【数据异常】老人数据异常，请及时处理', '王金龙 离床次数 睡眠监测带 16', 0, 1671403256519078255, 0, NULL, 12712, '2023-12-28 19:11:10', '2023-12-28 19:11:10', 1, NULL, NULL);
INSERT INTO `message` VALUES (9660, '【数据异常】老人数据异常，请及时处理', '王金龙 离床次数 睡眠监测带 16', 0, 1671403256519078245, 1, '2023-12-28 19:14:01', 12711, '2023-12-28 19:11:10', '2023-12-28 19:11:10', 1, NULL, NULL);
INSERT INTO `message` VALUES (9661, '【数据异常】老人数据异常，请及时处理', '王金龙 离床次数 睡眠监测带 16', 0, 1671403256519078138, 0, NULL, 12716, '2023-12-28 19:11:20', '2023-12-28 19:11:20', 1, NULL, NULL);
INSERT INTO `message` VALUES (9662, '【数据异常】老人数据异常，请及时处理', '王金龙 离床次数 睡眠监测带 16', 0, 1671403256519078255, 0, NULL, 12715, '2023-12-28 19:11:20', '2023-12-28 19:11:20', 1, NULL, NULL);
INSERT INTO `message` VALUES (9663, '【数据异常】老人数据异常，请及时处理', '王金龙 离床次数 睡眠监测带 16', 0, 1671403256519078245, 1, '2023-12-28 19:14:01', 12714, '2023-12-28 19:11:20', '2023-12-28 19:11:20', 1, NULL, NULL);
INSERT INTO `message` VALUES (9664, '【数据异常】老人数据异常，请及时处理', '王金龙 离床次数 睡眠监测带 9', 0, 1671403256519078138, 0, NULL, 12719, '2023-12-28 19:11:30', '2023-12-28 19:11:30', 1, NULL, NULL);
INSERT INTO `message` VALUES (9665, '【数据异常】老人数据异常，请及时处理', '王金龙 离床次数 睡眠监测带 9', 0, 1671403256519078255, 0, NULL, 12718, '2023-12-28 19:11:30', '2023-12-28 19:11:30', 1, NULL, NULL);
INSERT INTO `message` VALUES (9666, '【数据异常】老人数据异常，请及时处理', '王金龙 离床次数 睡眠监测带 9', 0, 1671403256519078245, 1, '2023-12-28 19:14:01', 12717, '2023-12-28 19:11:30', '2023-12-28 19:11:30', 1, NULL, NULL);
INSERT INTO `message` VALUES (9667, '【数据异常】老人数据异常，请及时处理', '王金龙 离床次数 睡眠监测带 5', 0, 1671403256519078138, 0, NULL, 12722, '2023-12-28 19:11:40', '2023-12-28 19:11:40', 1, NULL, NULL);
INSERT INTO `message` VALUES (9668, '【数据异常】老人数据异常，请及时处理', '王金龙 离床次数 睡眠监测带 5', 0, 1671403256519078255, 0, NULL, 12721, '2023-12-28 19:11:40', '2023-12-28 19:11:40', 1, NULL, NULL);
INSERT INTO `message` VALUES (9669, '【数据异常】老人数据异常，请及时处理', '王金龙 离床次数 睡眠监测带 5', 0, 1671403256519078245, 1, '2023-12-28 19:12:02', 12720, '2023-12-28 19:11:40', '2023-12-28 19:11:40', 1, NULL, NULL);

-- ----------------------------
-- Table structure for nursing_elder
-- ----------------------------
DROP TABLE IF EXISTS `nursing_elder`;
CREATE TABLE `nursing_elder`  (
  `id` bigint NOT NULL AUTO_INCREMENT COMMENT 'id',
  `nursing_id` bigint NULL DEFAULT NULL COMMENT '护理员id',
  `elder_id` bigint NULL DEFAULT NULL COMMENT '老人id',
  `create_time` datetime NOT NULL COMMENT '创建时间',
  `update_time` datetime NULL DEFAULT NULL COMMENT '更新时间',
  `create_by` bigint NULL DEFAULT NULL COMMENT '创建人id',
  `update_by` bigint NULL DEFAULT NULL COMMENT '更新人id',
  `remark` varchar(255) CHARACTER SET utf8mb4 COLLATE utf8mb4_0900_ai_ci NULL DEFAULT NULL COMMENT '备注',
  PRIMARY KEY (`id`) USING BTREE
) ENGINE = InnoDB AUTO_INCREMENT = 344 CHARACTER SET = utf8mb4 COLLATE = utf8mb4_0900_ai_ci COMMENT = '护理员老人关联表' ROW_FORMAT = DYNAMIC;

-- ----------------------------
-- Records of nursing_elder
-- ----------------------------
INSERT INTO `nursing_elder` VALUES (314, 1671403256519078256, 252, '2023-12-28 18:45:20', '2023-12-28 18:45:20', 1671403256519078246, NULL, NULL);
INSERT INTO `nursing_elder` VALUES (315, 1671403256519078255, 252, '2023-12-28 18:45:20', '2023-12-28 18:45:20', 1671403256519078246, NULL, NULL);
INSERT INTO `nursing_elder` VALUES (316, 1671403256519078254, 252, '2023-12-28 18:45:20', '2023-12-28 18:45:20', 1671403256519078246, NULL, NULL);
INSERT INTO `nursing_elder` VALUES (317, 1671403256519078253, 252, '2023-12-28 18:45:20', '2023-12-28 18:45:20', 1671403256519078246, NULL, NULL);
INSERT INTO `nursing_elder` VALUES (318, 1671403256519078255, 253, '2023-12-28 18:45:30', '2023-12-28 18:45:30', 1671403256519078246, NULL, NULL);
INSERT INTO `nursing_elder` VALUES (319, 1671403256519078245, 253, '2023-12-28 18:45:30', '2023-12-28 18:45:30', 1671403256519078246, NULL, NULL);
INSERT INTO `nursing_elder` VALUES (320, 1671403256519078255, 260, '2023-12-28 18:45:40', '2023-12-28 18:45:40', 1671403256519078246, NULL, NULL);
INSERT INTO `nursing_elder` VALUES (321, 1671403256519078254, 260, '2023-12-28 18:45:40', '2023-12-28 18:45:40', 1671403256519078246, NULL, NULL);
INSERT INTO `nursing_elder` VALUES (322, 1671403256519078253, 258, '2023-12-28 18:45:49', '2023-12-28 18:45:49', 1671403256519078246, NULL, NULL);
INSERT INTO `nursing_elder` VALUES (323, 1671403256519078246, 258, '2023-12-28 18:45:49', '2023-12-28 18:45:49', 1671403256519078246, NULL, NULL);
INSERT INTO `nursing_elder` VALUES (324, 1671403256519078245, 258, '2023-12-28 18:45:49', '2023-12-28 18:45:49', 1671403256519078246, NULL, NULL);
INSERT INTO `nursing_elder` VALUES (325, 1671403256519078255, 259, '2023-12-28 18:46:00', '2023-12-28 18:46:00', 1671403256519078246, NULL, NULL);
INSERT INTO `nursing_elder` VALUES (326, 1671403256519078246, 259, '2023-12-28 18:46:00', '2023-12-28 18:46:00', 1671403256519078246, NULL, NULL);
INSERT INTO `nursing_elder` VALUES (327, 1671403256519078254, 259, '2023-12-28 18:46:00', '2023-12-28 18:46:00', 1671403256519078246, NULL, NULL);
INSERT INTO `nursing_elder` VALUES (328, 1671403256519078256, 254, '2023-12-28 18:46:07', '2023-12-28 18:46:07', 1671403256519078246, NULL, NULL);
INSERT INTO `nursing_elder` VALUES (329, 1671403256519078245, 254, '2023-12-28 18:46:07', '2023-12-28 18:46:07', 1671403256519078246, NULL, NULL);
INSERT INTO `nursing_elder` VALUES (332, 1671403256519078246, 257, '2023-12-28 18:46:21', '2023-12-28 18:46:21', 1671403256519078246, NULL, NULL);
INSERT INTO `nursing_elder` VALUES (333, 1671403256519078255, 257, '2023-12-28 18:46:21', '2023-12-28 18:46:21', 1671403256519078246, NULL, NULL);
INSERT INTO `nursing_elder` VALUES (334, 1671403256519078255, 262, '2023-12-28 18:46:30', '2023-12-28 18:46:30', 1671403256519078246, NULL, NULL);
INSERT INTO `nursing_elder` VALUES (335, 1671403256519078254, 262, '2023-12-28 18:46:30', '2023-12-28 18:46:30', 1671403256519078246, NULL, NULL);
INSERT INTO `nursing_elder` VALUES (336, 1671403256519078253, 262, '2023-12-28 18:46:30', '2023-12-28 18:46:30', 1671403256519078246, NULL, NULL);
INSERT INTO `nursing_elder` VALUES (337, 1671403256519078246, 255, '2023-12-28 18:46:40', '2023-12-28 18:46:40', 1671403256519078246, NULL, NULL);
INSERT INTO `nursing_elder` VALUES (338, 1671403256519078255, 255, '2023-12-28 18:46:40', '2023-12-28 18:46:40', 1671403256519078246, NULL, NULL);
INSERT INTO `nursing_elder` VALUES (339, 1671403256519078256, 255, '2023-12-28 18:46:40', '2023-12-28 18:46:40', 1671403256519078246, NULL, NULL);
INSERT INTO `nursing_elder` VALUES (340, 1671403256519078253, 255, '2023-12-28 18:46:40', '2023-12-28 18:46:40', 1671403256519078246, NULL, NULL);
INSERT INTO `nursing_elder` VALUES (341, 1671403256519078253, 256, '2023-12-28 18:49:17', '2023-12-28 18:49:17', 1671403256519078246, NULL, NULL);
INSERT INTO `nursing_elder` VALUES (342, 1671403256519078255, 256, '2023-12-28 18:49:17', '2023-12-28 18:49:17', 1671403256519078246, NULL, NULL);
INSERT INTO `nursing_elder` VALUES (343, 1671403256519078246, 256, '2023-12-28 18:49:17', '2023-12-28 18:49:17', 1671403256519078246, NULL, NULL);

-- ----------------------------
-- Table structure for nursing_level
-- ----------------------------
DROP TABLE IF EXISTS `nursing_level`;
CREATE TABLE `nursing_level`  (
  `id` int NOT NULL AUTO_INCREMENT COMMENT '主键ID',
  `name` varchar(50) CHARACTER SET utf8mb4 COLLATE utf8mb4_0900_ai_ci NOT NULL COMMENT '等级名称',
  `plan_id` int NOT NULL COMMENT '护理计划ID',
  `fee` decimal(10, 2) NOT NULL COMMENT '护理费用',
  `status` tinyint(1) NOT NULL DEFAULT 1 COMMENT '状态（0：禁用，1：启用）',
  `description` varchar(255) CHARACTER SET utf8mb4 COLLATE utf8mb4_0900_ai_ci NULL DEFAULT NULL COMMENT '等级说明',
  `create_time` datetime NOT NULL DEFAULT CURRENT_TIMESTAMP COMMENT '创建时间',
  `update_time` datetime NULL DEFAULT CURRENT_TIMESTAMP ON UPDATE CURRENT_TIMESTAMP COMMENT '更新时间',
  `create_by` bigint NULL DEFAULT NULL COMMENT '创建人id',
  `update_by` bigint NULL DEFAULT NULL COMMENT '更新人id',
  `remark` varchar(255) CHARACTER SET utf8mb4 COLLATE utf8mb4_0900_ai_ci NULL DEFAULT NULL COMMENT '备注',
  PRIMARY KEY (`id`) USING BTREE,
  UNIQUE INDEX `name`(`name`) USING BTREE
) ENGINE = InnoDB AUTO_INCREMENT = 79 CHARACTER SET = utf8mb4 COLLATE = utf8mb4_0900_ai_ci COMMENT = '护理等级表' ROW_FORMAT = DYNAMIC;

-- ----------------------------
-- Records of nursing_level
-- ----------------------------
INSERT INTO `nursing_level` VALUES (70, '三级护理等级', 115, 1000.00, 1, '三级护理等级适用于能够基本自理的老年人，需要一些简单的日常护理，该等级提供了基础的护理项目', '2023-12-28 17:21:19', '2024-05-26 16:33:15', 1671403256519078138, 1671403256519078138, NULL);
INSERT INTO `nursing_level` VALUES (71, '一级护理等级', 116, 2000.00, 1, '一级护理等级适用于需要一定程度护理和照料的老年人，该等级提供了基本的日常护理项目', '2023-12-28 17:21:21', '2024-05-26 16:33:15', 1671403256519078138, 1671403256519078138, NULL);
INSERT INTO `nursing_level` VALUES (72, '二级护理等级', 117, 1500.00, 1, '二级护理等级适用于能够自理但需要一定辅助护理的老年人，该等级提供了中等程度的照护项目', '2023-12-28 17:21:37', '2024-05-26 16:33:15', 1671403256519078138, 1671403256519078138, NULL);
INSERT INTO `nursing_level` VALUES (73, '特级护理等级', 118, 2700.00, 1, '特级护理等级适用于那些需要高度关注和专业照顾的老年人，包含了全面的护理项目和照顾', '2023-12-28 17:21:45', '2024-05-26 16:33:15', 1671403256519078138, 1671403256519078138, NULL);

-- ----------------------------
-- Table structure for nursing_plan
-- ----------------------------
DROP TABLE IF EXISTS `nursing_plan`;
CREATE TABLE `nursing_plan`  (
  `id` int NOT NULL AUTO_INCREMENT COMMENT '编号',
  `sort_no` int NULL DEFAULT NULL COMMENT '排序号',
  `plan_name` varchar(255) CHARACTER SET utf8mb4 COLLATE utf8mb4_0900_ai_ci NOT NULL DEFAULT '' COMMENT '名称',
  `status` tinyint NOT NULL DEFAULT 0 COMMENT '状态 0禁用 1启用',
  `create_time` datetime NOT NULL COMMENT '创建时间',
  `update_time` datetime NULL DEFAULT NULL COMMENT '更新时间',
  `create_by` bigint NULL DEFAULT NULL COMMENT '创建人id',
  `update_by` bigint NULL DEFAULT NULL COMMENT '更新人id',
  `remark` varchar(255) CHARACTER SET utf8mb4 COLLATE utf8mb4_0900_ai_ci NULL DEFAULT NULL COMMENT '备注',
  PRIMARY KEY (`id`) USING BTREE,
  UNIQUE INDEX `plan_name`(`plan_name`) USING BTREE
) ENGINE = InnoDB AUTO_INCREMENT = 124 CHARACTER SET = utf8mb4 COLLATE = utf8mb4_0900_ai_ci COMMENT = '护理计划表' ROW_FORMAT = DYNAMIC;

-- ----------------------------
-- Records of nursing_plan
-- ----------------------------
INSERT INTO `nursing_plan` VALUES (115, NULL, '三级护理计划', 1, '2023-12-28 17:17:33', '2023-12-28 17:17:33', 1671403256519078239, NULL, NULL);
INSERT INTO `nursing_plan` VALUES (116, NULL, '一级护理计划', 1, '2023-12-28 17:18:25', '2023-12-28 17:18:25', 1671403256519078239, NULL, NULL);
INSERT INTO `nursing_plan` VALUES (117, NULL, '二级护理计划', 1, '2023-12-28 17:19:15', '2023-12-28 17:19:47', 1671403256519078239, 1671403256519078239, NULL);
INSERT INTO `nursing_plan` VALUES (118, NULL, '特级护理计划', 1, '2023-12-28 17:20:40', '2023-12-28 17:20:40', 1671403256519078239, NULL, NULL);

-- ----------------------------
-- Table structure for nursing_project
-- ----------------------------
DROP TABLE IF EXISTS `nursing_project`;
CREATE TABLE `nursing_project`  (
  `id` bigint NOT NULL AUTO_INCREMENT COMMENT '编号',
  `name` varchar(100) CHARACTER SET utf8mb4 COLLATE utf8mb4_0900_ai_ci NULL DEFAULT NULL COMMENT '名称',
  `order_no` int NULL DEFAULT NULL COMMENT '排序号',
  `unit` varchar(50) CHARACTER SET utf8mb4 COLLATE utf8mb4_0900_ai_ci NULL DEFAULT NULL COMMENT '单位',
  `price` decimal(10, 2) NULL DEFAULT NULL COMMENT '价格',
  `image` varchar(255) CHARACTER SET utf8mb4 COLLATE utf8mb4_0900_ai_ci NULL DEFAULT NULL COMMENT '图片',
  `nursing_requirement` varchar(255) CHARACTER SET utf8mb4 COLLATE utf8mb4_0900_ai_ci NULL DEFAULT NULL COMMENT '护理要求',
  `status` int NOT NULL DEFAULT 1 COMMENT '状态（0：禁用，1：启用）',
  `create_by` varchar(50) CHARACTER SET utf8mb4 COLLATE utf8mb4_0900_ai_ci NULL DEFAULT NULL COMMENT '创建人',
  `update_by` varchar(50) CHARACTER SET utf8mb4 COLLATE utf8mb4_0900_ai_ci NULL DEFAULT NULL COMMENT '更新人',
  `remark` varchar(255) CHARACTER SET utf8mb4 COLLATE utf8mb4_0900_ai_ci NULL DEFAULT NULL COMMENT '备注',
  `create_time` datetime NOT NULL DEFAULT CURRENT_TIMESTAMP COMMENT '创建时间',
  `update_time` datetime NULL DEFAULT CURRENT_TIMESTAMP ON UPDATE CURRENT_TIMESTAMP COMMENT '更新时间',
  PRIMARY KEY (`id`) USING BTREE,
  UNIQUE INDEX `name`(`name`) USING BTREE
) ENGINE = InnoDB AUTO_INCREMENT = 96 CHARACTER SET = utf8mb4 COLLATE = utf8mb4_0900_ai_ci COMMENT = '护理项目表' ROW_FORMAT = DYNAMIC;

-- ----------------------------
-- Records of nursing_project
-- ----------------------------
INSERT INTO `nursing_project` VALUES (80, '翻身拍背', 1, '次', 30.00, 'https://yjy-slwl-oss.oss-cn-hangzhou.aliyuncs.com/0e53b016-4b6e-4b4c-b545-b81cdd185d3e.jpg', '帮助患者翻身，并进行背部按摩，以促进血液循环', 1, '1671403256519078239', '1671403256519078138', '翻身拍背', '2023-12-28 17:08:36', '2024-05-26 16:35:55');
INSERT INTO `nursing_project` VALUES (81, '复健运动', 2, '次', 50.00, 'https://yjy-slwl-oss.oss-cn-hangzhou.aliyuncs.com/0843add9-8519-4189-88f9-2dc41b3793e5.jpg', '根据患者的需要，执行定制的康复运动计划，旨在改善身体机能和增强肌肉力量', 1, '1671403256519078239', '1671403256519078138', '复健运动', '2023-12-28 17:10:17', '2024-05-26 16:35:55');
INSERT INTO `nursing_project` VALUES (82, '公共空间清', 3, '小时', 20.00, 'https://yjy-slwl-oss.oss-cn-hangzhou.aliyuncs.com/00f9799d-3220-4a75-8c77-fbd0504039cd.jpg', '对养老院公共区域进行定期清洁和消毒，包括走廊、客厅和就餐区等', 1, '1671403256519078239', '1671403256519078138', '公共空间清', '2023-12-28 17:11:02', '2024-05-26 16:35:55');
INSERT INTO `nursing_project` VALUES (83, '心理咨询', 6, '小时', 20.00, 'https://yjy-slwl-oss.oss-cn-hangzhou.aliyuncs.com/5b411f7b-628e-4ccb-a13f-ff1ac05e4a58.jpg', '提供专业的心理咨询服务，帮助患者处理情绪问题、调解矛盾和提供心理支持', 1, '1671403256519078239', '1671403256519078138', '心理咨询', '2023-12-28 17:11:39', '2024-05-26 16:35:55');
INSERT INTO `nursing_project` VALUES (84, '洗脚', 4, '次', 0.01, 'https://yjy-slwl-oss.oss-cn-hangzhou.aliyuncs.com/f1a35fca-f5a4-4c93-9a5e-bbaed9080655.jpg', '为患者提供舒适的足部护理，包括泡脚、按摩和修剪脚指甲等', 1, '1671403256519078239', '1671403256519078138', '洗脚', '2023-12-28 17:12:21', '2024-05-12 21:42:15');
INSERT INTO `nursing_project` VALUES (85, '助餐', 11, '餐', 15.00, 'https://yjy-slwl-oss.oss-cn-hangzhou.aliyuncs.com/43be3304-c1e8-478f-8358-fd8cbcb9452a.jpg', '为患者提供用餐辅助，包括帮助患者就餐、切割食物和适应特殊膳食需求等', 1, '1671403256519078239', '1671403256519078138', '助餐', '2023-12-28 17:12:45', '2024-05-26 16:35:55');
INSERT INTO `nursing_project` VALUES (86, '洗脸', 5, '次', 15.00, 'https://yjy-slwl-oss.oss-cn-hangzhou.aliyuncs.com/6e068eb5-2916-4c7e-bf5d-c157122d78f4.jpg', '为患者提供温和而舒适的洗脸服务，以保持面部卫生和清洁', 1, '1671403256519078239', '1671403256519078138', '洗脸', '2023-12-28 17:12:52', '2024-05-26 16:35:55');
INSERT INTO `nursing_project` VALUES (87, '助浴', 1, '次', 40.00, 'https://yjy-slwl-oss.oss-cn-hangzhou.aliyuncs.com/c98f1d47-9d9c-4177-a27d-ce53bbe7382d.jpg', '协助患者进行浴室洗浴，包括保证个人隐私、洗澡和擦干身体等过程', 1, '1671403256519078239', '1671403256519078138', '助浴', '2023-12-28 17:13:43', '2024-05-26 16:35:55');
INSERT INTO `nursing_project` VALUES (88, '整理床铺', 10, '次', 15.00, 'https://yjy-slwl-oss.oss-cn-hangzhou.aliyuncs.com/f5808913-0c15-4e41-a27d-c01e2b198056.jpg', '打扫和整理患者的床铺，包括更换床单、清理枕套和平整被褥等工作', 1, '1671403256519078239', '1671403256519078138', '整理床铺', '2023-12-28 17:14:31', '2024-05-26 16:35:55');
INSERT INTO `nursing_project` VALUES (89, '洗头', 1, '次', 20.00, 'https://yjy-slwl-oss.oss-cn-hangzhou.aliyuncs.com/f65a2979-4d50-4c3d-8962-c76bef061a9c.jpg', '将患者带到洗发间进行洗发，并提供按摩和护理，保持头皮健康', 1, '1671403256519078239', '1671403256519078138', '洗头', '2023-12-28 17:14:32', '2024-05-26 16:35:55');
INSERT INTO `nursing_project` VALUES (90, '衣物清洁', 9, '件', 5.00, 'https://yjy-slwl-oss.oss-cn-hangzhou.aliyuncs.com/5ea53c25-b855-486f-98e3-f26febb9db68.jpg', '提供患者衣物的清洗、熨烫和折叠等服务，确保他们穿着整洁干净的衣物', 1, '1671403256519078239', '1671403256519078138', '衣物清洁', '2023-12-28 17:15:06', '2024-05-26 16:35:55');
INSERT INTO `nursing_project` VALUES (91, '修剪指甲', 1, '次', 10.00, 'https://yjy-slwl-oss.oss-cn-hangzhou.aliyuncs.com/82a2053b-5e1d-4514-92e9-aa1383b0d601.jpg', '为患者修剪手指和脚趾的指甲，以保持个人卫生和舒适感', 1, '1671403256519078239', '1671403256519078138', '修剪指甲', '2023-12-28 17:15:12', '2024-05-26 16:35:42');

-- ----------------------------
-- Table structure for nursing_project_plan
-- ----------------------------
DROP TABLE IF EXISTS `nursing_project_plan`;
CREATE TABLE `nursing_project_plan`  (
  `id` int NOT NULL AUTO_INCREMENT,
  `plan_id` int NOT NULL COMMENT '计划id',
  `project_id` int NOT NULL COMMENT '项目id',
  `execute_time` varchar(50) CHARACTER SET utf8mb4 COLLATE utf8mb4_0900_ai_ci NOT NULL COMMENT '计划执行时间',
  `execute_cycle` int NOT NULL COMMENT '执行周期 0 天 1 周 2月',
  `execute_frequency` int NOT NULL COMMENT '执行频次',
  `create_time` datetime NOT NULL COMMENT '创建时间',
  `update_time` datetime NULL DEFAULT NULL COMMENT '更新时间',
  `create_by` bigint NULL DEFAULT NULL COMMENT '创建人id',
  `update_by` bigint NULL DEFAULT NULL COMMENT '更新人id',
  `remark` varchar(255) CHARACTER SET utf8mb4 COLLATE utf8mb4_0900_ai_ci NULL DEFAULT NULL COMMENT '备注',
  PRIMARY KEY (`id`) USING BTREE
) ENGINE = InnoDB AUTO_INCREMENT = 1734 CHARACTER SET = utf8mb4 COLLATE = utf8mb4_0900_ai_ci COMMENT = '护理计划和项目关联表' ROW_FORMAT = DYNAMIC;

-- ----------------------------
-- Records of nursing_project_plan
-- ----------------------------
INSERT INTO `nursing_project_plan` VALUES (1694, 115, 83, '08:00', 1, 1, '2023-12-28 17:17:33', '2023-12-28 17:17:33', 1671403256519078239, 1671403256519078138, NULL);
INSERT INTO `nursing_project_plan` VALUES (1695, 115, 82, '20:00', 0, 1, '2023-12-28 17:17:33', '2023-12-28 17:17:33', 1671403256519078239, 1671403256519078138, NULL);
INSERT INTO `nursing_project_plan` VALUES (1696, 115, 90, '17:00', 1, 1, '2023-12-28 17:17:33', '2023-12-28 17:17:33', 1671403256519078239, 1671403256519078138, NULL);
INSERT INTO `nursing_project_plan` VALUES (1697, 116, 80, '08:00', 1, 1, '2023-12-28 17:18:25', '2023-12-28 17:18:25', 1671403256519078239, 1671403256519078138, NULL);
INSERT INTO `nursing_project_plan` VALUES (1698, 116, 86, '09:00', 0, 1, '2023-12-28 17:18:25', '2023-12-28 17:18:25', 1671403256519078239, 1671403256519078138, NULL);
INSERT INTO `nursing_project_plan` VALUES (1699, 116, 91, '15:00', 1, 1, '2023-12-28 17:18:25', '2023-12-28 17:18:25', 1671403256519078239, 1671403256519078138, NULL);
INSERT INTO `nursing_project_plan` VALUES (1700, 116, 90, '17:00', 1, 2, '2023-12-28 17:18:25', '2023-12-28 17:18:25', 1671403256519078239, 1671403256519078138, NULL);
INSERT INTO `nursing_project_plan` VALUES (1701, 116, 87, '20:00', 1, 2, '2023-12-28 17:18:25', '2023-12-28 17:18:25', 1671403256519078239, 1671403256519078138, NULL);
INSERT INTO `nursing_project_plan` VALUES (1702, 116, 82, '21:00', 0, 1, '2023-12-28 17:18:25', '2023-12-28 17:18:25', 1671403256519078239, 1671403256519078138, NULL);
INSERT INTO `nursing_project_plan` VALUES (1703, 116, 88, '08:30', 0, 1, '2023-12-28 17:18:25', '2023-12-28 17:18:25', 1671403256519078239, 1671403256519078138, NULL);
INSERT INTO `nursing_project_plan` VALUES (1709, 117, 82, '08:00', 1, 1, '2023-12-28 17:19:46', '2023-12-28 17:19:46', 1671403256519078239, 1671403256519078138, NULL);
INSERT INTO `nursing_project_plan` VALUES (1710, 117, 86, '10:00', 0, 1, '2023-12-28 17:19:46', '2023-12-28 17:19:46', 1671403256519078239, 1671403256519078138, NULL);
INSERT INTO `nursing_project_plan` VALUES (1711, 117, 91, '16:00', 2, 1, '2023-12-28 17:19:46', '2023-12-28 17:19:46', 1671403256519078239, 1671403256519078138, NULL);
INSERT INTO `nursing_project_plan` VALUES (1712, 117, 88, '09:00', 0, 1, '2023-12-28 17:19:46', '2023-12-28 17:19:46', 1671403256519078239, 1671403256519078138, NULL);
INSERT INTO `nursing_project_plan` VALUES (1713, 117, 90, '12:00', 1, 2, '2023-12-28 17:19:46', '2023-12-28 17:19:46', 1671403256519078239, 1671403256519078138, NULL);
INSERT INTO `nursing_project_plan` VALUES (1714, 118, 80, '08:00', 1, 1, '2023-12-28 17:20:40', '2023-12-28 17:20:40', 1671403256519078239, 1671403256519078138, NULL);
INSERT INTO `nursing_project_plan` VALUES (1715, 118, 81, '14:00', 0, 3, '2023-12-28 17:20:40', '2023-12-28 17:20:40', 1671403256519078239, 1671403256519078138, NULL);
INSERT INTO `nursing_project_plan` VALUES (1716, 118, 82, '21:00', 2, 1, '2023-12-28 17:20:40', '2023-12-28 17:20:40', 1671403256519078239, 1671403256519078138, NULL);
INSERT INTO `nursing_project_plan` VALUES (1717, 118, 83, '10:00', 0, 1, '2023-12-28 17:20:40', '2023-12-28 17:20:40', 1671403256519078239, 1671403256519078138, NULL);
INSERT INTO `nursing_project_plan` VALUES (1718, 118, 85, '12:00', 0, 1, '2023-12-28 17:20:40', '2023-12-28 17:20:40', 1671403256519078239, 1671403256519078138, NULL);
INSERT INTO `nursing_project_plan` VALUES (1719, 118, 88, '08:00', 1, 1, '2023-12-28 17:20:40', '2023-12-28 17:20:40', 1671403256519078239, 1671403256519078138, NULL);
INSERT INTO `nursing_project_plan` VALUES (1720, 118, 90, '18:00', 1, 1, '2023-12-28 17:20:40', '2023-12-28 17:20:40', 1671403256519078239, 1671403256519078138, NULL);
INSERT INTO `nursing_project_plan` VALUES (1721, 118, 87, '08:00', 1, 2, '2023-12-28 17:20:40', '2023-12-28 17:20:40', 1671403256519078239, 1671403256519078138, NULL);
INSERT INTO `nursing_project_plan` VALUES (1722, 118, 91, '19:00', 1, 1, '2023-12-28 17:20:40', '2023-12-28 17:20:40', 1671403256519078239, 1671403256519078138, NULL);
INSERT INTO `nursing_project_plan` VALUES (1732, 123, 80, '08:00', 1, 1, '2024-05-24 18:30:14', '2024-05-24 18:30:14', 1671403256519078138, 1671403256519078138, NULL);
INSERT INTO `nursing_project_plan` VALUES (1733, 123, 83, '08:00', 1, 1, '2024-05-24 18:30:14', '2024-05-24 18:30:14', 1671403256519078138, 1671403256519078138, NULL);

-- ----------------------------
-- Table structure for nursing_task
-- ----------------------------
DROP TABLE IF EXISTS `nursing_task`;
CREATE TABLE `nursing_task`  (
  `id` bigint NOT NULL AUTO_INCREMENT COMMENT 'id',
  `nursing_id` bigint NULL DEFAULT NULL COMMENT '护理员id',
  `project_id` int NOT NULL COMMENT '项目id',
  `elder_id` bigint NULL DEFAULT NULL COMMENT '老人id',
  `bed_number` varchar(255) CHARACTER SET utf8mb4 COLLATE utf8mb4_0900_ai_ci NULL DEFAULT NULL COMMENT '床位编号',
  `task_type` tinyint NOT NULL DEFAULT 0 COMMENT '任务类型（2：月度任务，1订单任务）',
  `estimated_server_time` datetime NULL DEFAULT NULL COMMENT '预计服务时间',
  `real_server_time` datetime NULL DEFAULT NULL COMMENT '实际服务时间',
  `mark` varchar(2000) CHARACTER SET utf8mb4 COLLATE utf8mb4_0900_ai_ci NULL DEFAULT NULL COMMENT '执行记录',
  `cancel_reason` varchar(2000) CHARACTER SET utf8mb4 COLLATE utf8mb4_0900_ai_ci NULL DEFAULT NULL COMMENT '取消原因',
  `status` int NULL DEFAULT NULL COMMENT '状态  1待执行 2已执行 3已关闭 ',
  `rel_no` varchar(50) CHARACTER SET utf8mb4 COLLATE utf8mb4_0900_ai_ci NULL DEFAULT NULL COMMENT '关联单据编号',
  `task_image` varchar(255) CHARACTER SET utf8mb4 COLLATE utf8mb4_0900_ai_ci NULL DEFAULT NULL COMMENT '执行图片',
  `create_time` datetime NOT NULL COMMENT '创建时间',
  `update_time` datetime NULL DEFAULT NULL COMMENT '更新时间',
  `create_by` bigint NULL DEFAULT NULL COMMENT '创建人id',
  `update_by` bigint NULL DEFAULT NULL COMMENT '更新人id',
  `remark` varchar(255) CHARACTER SET utf8mb4 COLLATE utf8mb4_0900_ai_ci NULL DEFAULT NULL COMMENT '备注',
  PRIMARY KEY (`id`) USING BTREE
) ENGINE = InnoDB AUTO_INCREMENT = 10657 CHARACTER SET = utf8mb4 COLLATE = utf8mb4_0900_ai_ci COMMENT = '护理任务表' ROW_FORMAT = DYNAMIC;

-- ----------------------------
-- Records of nursing_task
-- ----------------------------
INSERT INTO `nursing_task` VALUES (10407, NULL, 82, 252, NULL, 2, '2023-12-28 20:00:00', NULL, NULL, NULL, 1, 'ZD202312281731061', NULL, '2023-12-28 17:31:06', '2023-12-28 17:31:06', 1671403256519078243, NULL, NULL);
INSERT INTO `nursing_task` VALUES (10408, NULL, 82, 252, NULL, 2, '2023-12-29 20:00:00', NULL, NULL, NULL, 1, 'ZD202312281731061', NULL, '2023-12-28 17:31:06', '2023-12-28 17:31:06', 1671403256519078243, NULL, NULL);
INSERT INTO `nursing_task` VALUES (10409, NULL, 82, 252, NULL, 2, '2023-12-30 20:00:00', NULL, NULL, NULL, 1, 'ZD202312281731061', NULL, '2023-12-28 17:31:06', '2023-12-28 17:31:06', 1671403256519078243, NULL, NULL);
INSERT INTO `nursing_task` VALUES (10410, NULL, 82, 252, NULL, 2, '2023-12-31 20:00:00', NULL, NULL, NULL, 1, 'ZD202312281731061', NULL, '2023-12-28 17:31:06', '2023-12-28 17:31:06', 1671403256519078243, NULL, NULL);
INSERT INTO `nursing_task` VALUES (10411, NULL, 86, 253, NULL, 2, '2023-12-28 09:00:00', NULL, NULL, NULL, 1, 'ZD202312281733011', NULL, '2023-12-28 17:33:02', '2023-12-28 17:33:02', 1671403256519078243, NULL, NULL);
INSERT INTO `nursing_task` VALUES (10412, NULL, 86, 253, NULL, 2, '2023-12-29 09:00:00', NULL, NULL, NULL, 1, 'ZD202312281733011', NULL, '2023-12-28 17:33:02', '2023-12-28 17:33:02', 1671403256519078243, NULL, NULL);
INSERT INTO `nursing_task` VALUES (10413, NULL, 86, 253, NULL, 2, '2023-12-30 09:00:00', NULL, NULL, NULL, 1, 'ZD202312281733011', NULL, '2023-12-28 17:33:02', '2023-12-28 17:33:02', 1671403256519078243, NULL, NULL);
INSERT INTO `nursing_task` VALUES (10414, NULL, 86, 253, NULL, 2, '2023-12-31 09:00:00', NULL, NULL, NULL, 1, 'ZD202312281733011', NULL, '2023-12-28 17:33:02', '2023-12-28 17:33:02', 1671403256519078243, NULL, NULL);
INSERT INTO `nursing_task` VALUES (10415, NULL, 82, 253, NULL, 2, '2023-12-28 21:00:00', NULL, NULL, NULL, 1, 'ZD202312281733011', NULL, '2023-12-28 17:33:02', '2023-12-28 17:33:02', 1671403256519078243, NULL, NULL);
INSERT INTO `nursing_task` VALUES (10416, NULL, 82, 253, NULL, 2, '2023-12-29 21:00:00', NULL, NULL, NULL, 1, 'ZD202312281733011', NULL, '2023-12-28 17:33:02', '2023-12-28 17:33:02', 1671403256519078243, NULL, NULL);
INSERT INTO `nursing_task` VALUES (10417, NULL, 82, 253, NULL, 2, '2023-12-30 21:00:00', NULL, NULL, NULL, 1, 'ZD202312281733011', NULL, '2023-12-28 17:33:02', '2023-12-28 17:33:02', 1671403256519078243, NULL, NULL);
INSERT INTO `nursing_task` VALUES (10418, NULL, 82, 253, NULL, 2, '2023-12-31 21:00:00', NULL, NULL, NULL, 1, 'ZD202312281733011', NULL, '2023-12-28 17:33:02', '2023-12-28 17:33:02', 1671403256519078243, NULL, NULL);
INSERT INTO `nursing_task` VALUES (10419, NULL, 88, 253, NULL, 2, '2023-12-28 08:30:00', '2023-12-28 08:30:00', '按时执行', NULL, 2, 'ZD202312281733011', 'https://yjy-slwl-oss.oss-cn-hangzhou.aliyuncs.com/1853a5ee-6a7c-49e1-9ec5-4e30bc9f3544.jpg', '2023-12-28 17:33:02', '2023-12-28 18:38:54', 1671403256519078243, 1671403256519078246, NULL);
INSERT INTO `nursing_task` VALUES (10420, NULL, 88, 253, NULL, 2, '2023-12-29 08:30:00', NULL, NULL, NULL, 1, 'ZD202312281733011', NULL, '2023-12-28 17:33:02', '2023-12-28 17:33:02', 1671403256519078243, NULL, NULL);
INSERT INTO `nursing_task` VALUES (10421, NULL, 88, 253, NULL, 2, '2023-12-30 08:30:00', NULL, NULL, NULL, 1, 'ZD202312281733011', NULL, '2023-12-28 17:33:02', '2023-12-28 17:33:02', 1671403256519078243, NULL, NULL);
INSERT INTO `nursing_task` VALUES (10422, NULL, 88, 253, NULL, 2, '2023-12-31 08:30:00', NULL, NULL, NULL, 1, 'ZD202312281733011', NULL, '2023-12-28 17:33:02', '2023-12-28 17:33:02', 1671403256519078243, NULL, NULL);
INSERT INTO `nursing_task` VALUES (10423, NULL, 86, 254, NULL, 2, '2023-12-28 10:00:00', NULL, NULL, NULL, 1, 'ZD202312281735011', NULL, '2023-12-28 17:35:01', '2023-12-28 17:35:01', 1671403256519078243, NULL, NULL);
INSERT INTO `nursing_task` VALUES (10424, NULL, 86, 254, NULL, 2, '2023-12-29 10:00:00', NULL, NULL, NULL, 1, 'ZD202312281735011', NULL, '2023-12-28 17:35:01', '2023-12-28 17:35:01', 1671403256519078243, NULL, NULL);
INSERT INTO `nursing_task` VALUES (10425, NULL, 86, 254, NULL, 2, '2023-12-30 10:00:00', NULL, NULL, NULL, 1, 'ZD202312281735011', NULL, '2023-12-28 17:35:01', '2023-12-28 17:35:01', 1671403256519078243, NULL, NULL);
INSERT INTO `nursing_task` VALUES (10426, NULL, 86, 254, NULL, 2, '2023-12-31 10:00:00', NULL, NULL, NULL, 1, 'ZD202312281735011', NULL, '2023-12-28 17:35:01', '2023-12-28 17:35:01', 1671403256519078243, NULL, NULL);
INSERT INTO `nursing_task` VALUES (10427, NULL, 91, 254, NULL, 2, '2023-12-28 16:00:00', NULL, NULL, NULL, 1, 'ZD202312281735011', NULL, '2023-12-28 17:35:01', '2023-12-28 17:35:01', 1671403256519078243, NULL, NULL);
INSERT INTO `nursing_task` VALUES (10428, NULL, 88, 254, NULL, 2, '2023-12-28 09:00:00', NULL, NULL, NULL, 1, 'ZD202312281735011', NULL, '2023-12-28 17:35:01', '2023-12-28 17:35:01', 1671403256519078243, NULL, NULL);
INSERT INTO `nursing_task` VALUES (10429, NULL, 88, 254, NULL, 2, '2023-12-29 09:00:00', NULL, NULL, NULL, 1, 'ZD202312281735011', NULL, '2023-12-28 17:35:01', '2023-12-28 17:35:01', 1671403256519078243, NULL, NULL);
INSERT INTO `nursing_task` VALUES (10430, NULL, 88, 254, NULL, 2, '2023-12-30 09:00:00', NULL, NULL, NULL, 1, 'ZD202312281735011', NULL, '2023-12-28 17:35:01', '2023-12-28 17:35:01', 1671403256519078243, NULL, NULL);
INSERT INTO `nursing_task` VALUES (10431, NULL, 88, 254, NULL, 2, '2023-12-31 09:00:00', NULL, NULL, NULL, 1, 'ZD202312281735011', NULL, '2023-12-28 17:35:01', '2023-12-28 17:35:01', 1671403256519078243, NULL, NULL);
INSERT INTO `nursing_task` VALUES (10432, NULL, 81, 255, NULL, 2, '2023-12-28 14:00:00', NULL, NULL, NULL, 1, 'ZD202312281736461', NULL, '2023-12-28 17:36:46', '2023-12-28 17:36:46', 1671403256519078243, NULL, NULL);
INSERT INTO `nursing_task` VALUES (10433, NULL, 81, 255, NULL, 2, '2023-12-28 17:00:00', NULL, NULL, NULL, 1, 'ZD202312281736461', NULL, '2023-12-28 17:36:46', '2023-12-28 17:36:46', 1671403256519078243, NULL, NULL);
INSERT INTO `nursing_task` VALUES (10434, NULL, 81, 255, NULL, 2, '2023-12-28 20:00:00', NULL, NULL, NULL, 1, 'ZD202312281736461', NULL, '2023-12-28 17:36:46', '2023-12-28 17:36:46', 1671403256519078243, NULL, NULL);
INSERT INTO `nursing_task` VALUES (10435, NULL, 81, 255, NULL, 2, '2023-12-29 14:00:00', NULL, NULL, NULL, 1, 'ZD202312281736461', NULL, '2023-12-28 17:36:46', '2023-12-28 17:36:46', 1671403256519078243, NULL, NULL);
INSERT INTO `nursing_task` VALUES (10436, NULL, 81, 255, NULL, 2, '2023-12-29 17:00:00', NULL, NULL, NULL, 1, 'ZD202312281736461', NULL, '2023-12-28 17:36:46', '2023-12-28 17:36:46', 1671403256519078243, NULL, NULL);
INSERT INTO `nursing_task` VALUES (10437, NULL, 81, 255, NULL, 2, '2023-12-29 20:00:00', NULL, NULL, NULL, 1, 'ZD202312281736461', NULL, '2023-12-28 17:36:46', '2023-12-28 17:36:46', 1671403256519078243, NULL, NULL);
INSERT INTO `nursing_task` VALUES (10438, NULL, 81, 255, NULL, 2, '2023-12-30 14:00:00', NULL, NULL, NULL, 1, 'ZD202312281736461', NULL, '2023-12-28 17:36:46', '2023-12-28 17:36:46', 1671403256519078243, NULL, NULL);
INSERT INTO `nursing_task` VALUES (10439, NULL, 81, 255, NULL, 2, '2023-12-30 17:00:00', NULL, NULL, NULL, 1, 'ZD202312281736461', NULL, '2023-12-28 17:36:46', '2023-12-28 17:36:46', 1671403256519078243, NULL, NULL);
INSERT INTO `nursing_task` VALUES (10440, NULL, 81, 255, NULL, 2, '2023-12-30 20:00:00', NULL, NULL, NULL, 1, 'ZD202312281736461', NULL, '2023-12-28 17:36:46', '2023-12-28 17:36:46', 1671403256519078243, NULL, NULL);
INSERT INTO `nursing_task` VALUES (10441, NULL, 81, 255, NULL, 2, '2023-12-31 14:00:00', NULL, NULL, NULL, 1, 'ZD202312281736461', NULL, '2023-12-28 17:36:46', '2023-12-28 17:36:46', 1671403256519078243, NULL, NULL);
INSERT INTO `nursing_task` VALUES (10442, NULL, 81, 255, NULL, 2, '2023-12-31 17:00:00', NULL, NULL, NULL, 1, 'ZD202312281736461', NULL, '2023-12-28 17:36:46', '2023-12-28 17:36:46', 1671403256519078243, NULL, NULL);
INSERT INTO `nursing_task` VALUES (10443, NULL, 81, 255, NULL, 2, '2023-12-31 20:00:00', NULL, NULL, NULL, 1, 'ZD202312281736461', NULL, '2023-12-28 17:36:46', '2023-12-28 17:36:46', 1671403256519078243, NULL, NULL);
INSERT INTO `nursing_task` VALUES (10444, NULL, 82, 255, NULL, 2, '2023-12-28 21:00:00', NULL, NULL, NULL, 1, 'ZD202312281736461', NULL, '2023-12-28 17:36:46', '2023-12-28 17:36:46', 1671403256519078243, NULL, NULL);
INSERT INTO `nursing_task` VALUES (10445, NULL, 83, 255, NULL, 2, '2023-12-28 10:00:00', NULL, NULL, NULL, 1, 'ZD202312281736461', NULL, '2023-12-28 17:36:46', '2023-12-28 17:36:46', 1671403256519078243, NULL, NULL);
INSERT INTO `nursing_task` VALUES (10446, NULL, 83, 255, NULL, 2, '2023-12-29 10:00:00', '2023-12-28 17:00:00', '按时执行', NULL, 2, 'ZD202312281736461', 'https://yjy-slwl-oss.oss-cn-hangzhou.aliyuncs.com/dcd32233-2457-42fe-a540-b3cd0a7248c4.jpg', '2023-12-28 17:36:46', '2023-12-28 18:37:24', 1671403256519078243, 1671403256519078246, NULL);
INSERT INTO `nursing_task` VALUES (10447, NULL, 83, 255, NULL, 2, '2023-12-30 10:00:00', NULL, NULL, NULL, 1, 'ZD202312281736461', NULL, '2023-12-28 17:36:46', '2023-12-28 17:36:46', 1671403256519078243, NULL, NULL);
INSERT INTO `nursing_task` VALUES (10448, NULL, 83, 255, NULL, 2, '2023-12-31 10:00:00', NULL, NULL, NULL, 1, 'ZD202312281736461', NULL, '2023-12-28 17:36:46', '2023-12-28 17:36:46', 1671403256519078243, NULL, NULL);
INSERT INTO `nursing_task` VALUES (10449, NULL, 85, 255, NULL, 2, '2023-12-28 12:00:00', '2023-12-28 12:00:00', '按时执行', NULL, 2, 'ZD202312281736461', 'https://yjy-slwl-oss.oss-cn-hangzhou.aliyuncs.com/42660031-5428-4cdd-92d2-97842c336ae6.jpg', '2023-12-28 17:36:46', '2023-12-28 18:34:53', 1671403256519078243, 1671403256519078246, NULL);
INSERT INTO `nursing_task` VALUES (10450, NULL, 85, 255, NULL, 2, '2023-12-29 12:00:00', '2023-12-29 12:00:00', '按时执行', NULL, 2, 'ZD202312281736461', 'https://yjy-slwl-oss.oss-cn-hangzhou.aliyuncs.com/1996d384-c886-4819-8aa8-22cd0c1c0077.jpg', '2023-12-28 17:36:46', '2023-12-28 18:38:09', 1671403256519078243, 1671403256519078246, NULL);
INSERT INTO `nursing_task` VALUES (10451, NULL, 85, 255, NULL, 2, '2023-12-30 12:00:00', NULL, NULL, NULL, 1, 'ZD202312281736461', NULL, '2023-12-28 17:36:46', '2023-12-28 17:36:46', 1671403256519078243, NULL, NULL);
INSERT INTO `nursing_task` VALUES (10452, NULL, 85, 255, NULL, 2, '2023-12-31 12:00:00', NULL, NULL, NULL, 1, 'ZD202312281736461', NULL, '2023-12-28 17:36:46', '2023-12-28 17:36:46', 1671403256519078243, NULL, NULL);
INSERT INTO `nursing_task` VALUES (10453, NULL, 86, 256, NULL, 2, '2023-12-28 09:00:00', NULL, NULL, NULL, 1, 'ZD202312281738361', NULL, '2023-12-28 17:38:37', '2023-12-28 17:38:37', 1671403256519078243, NULL, NULL);
INSERT INTO `nursing_task` VALUES (10454, NULL, 86, 256, NULL, 2, '2023-12-29 09:00:00', NULL, NULL, NULL, 1, 'ZD202312281738361', NULL, '2023-12-28 17:38:37', '2023-12-28 17:38:37', 1671403256519078243, NULL, NULL);
INSERT INTO `nursing_task` VALUES (10455, NULL, 86, 256, NULL, 2, '2023-12-30 09:00:00', NULL, NULL, NULL, 1, 'ZD202312281738361', NULL, '2023-12-28 17:38:37', '2023-12-28 17:38:37', 1671403256519078243, NULL, NULL);
INSERT INTO `nursing_task` VALUES (10456, NULL, 86, 256, NULL, 2, '2023-12-31 09:00:00', NULL, NULL, NULL, 1, 'ZD202312281738361', NULL, '2023-12-28 17:38:37', '2023-12-28 17:38:37', 1671403256519078243, NULL, NULL);
INSERT INTO `nursing_task` VALUES (10457, NULL, 82, 256, NULL, 2, '2023-12-28 21:00:00', NULL, NULL, NULL, 1, 'ZD202312281738361', NULL, '2023-12-28 17:38:37', '2023-12-28 17:38:37', 1671403256519078243, NULL, NULL);
INSERT INTO `nursing_task` VALUES (10458, NULL, 82, 256, NULL, 2, '2023-12-29 21:00:00', NULL, NULL, NULL, 1, 'ZD202312281738361', NULL, '2023-12-28 17:38:37', '2023-12-28 17:38:37', 1671403256519078243, NULL, NULL);
INSERT INTO `nursing_task` VALUES (10459, NULL, 82, 256, NULL, 2, '2023-12-30 21:00:00', NULL, NULL, NULL, 1, 'ZD202312281738361', NULL, '2023-12-28 17:38:37', '2023-12-28 17:38:37', 1671403256519078243, NULL, NULL);
INSERT INTO `nursing_task` VALUES (10460, NULL, 82, 256, NULL, 2, '2023-12-31 21:00:00', NULL, NULL, NULL, 1, 'ZD202312281738361', NULL, '2023-12-28 17:38:37', '2023-12-28 17:38:37', 1671403256519078243, NULL, NULL);
INSERT INTO `nursing_task` VALUES (10461, NULL, 88, 256, NULL, 2, '2023-12-28 08:30:00', '2023-12-28 08:30:00', '按时执行', NULL, 2, 'ZD202312281738361', 'https://yjy-slwl-oss.oss-cn-hangzhou.aliyuncs.com/31fc6092-3fca-4a62-9fd0-6bffd0905a53.jpg', '2023-12-28 17:38:37', '2023-12-28 18:33:56', 1671403256519078243, 1671403256519078246, NULL);
INSERT INTO `nursing_task` VALUES (10462, NULL, 88, 256, NULL, 2, '2023-12-29 08:30:00', NULL, NULL, NULL, 1, 'ZD202312281738361', NULL, '2023-12-28 17:38:37', '2023-12-28 17:38:37', 1671403256519078243, NULL, NULL);
INSERT INTO `nursing_task` VALUES (10463, NULL, 88, 256, NULL, 2, '2023-12-30 08:30:00', NULL, NULL, NULL, 1, 'ZD202312281738361', NULL, '2023-12-28 17:38:37', '2023-12-28 17:38:37', 1671403256519078243, NULL, NULL);
INSERT INTO `nursing_task` VALUES (10464, NULL, 88, 256, NULL, 2, '2023-12-31 08:30:00', NULL, NULL, NULL, 1, 'ZD202312281738361', NULL, '2023-12-28 17:38:37', '2023-12-28 17:38:37', 1671403256519078243, NULL, NULL);
INSERT INTO `nursing_task` VALUES (10465, NULL, 86, 257, NULL, 2, '2023-12-28 10:00:00', NULL, NULL, NULL, 1, 'ZD202312281740271', NULL, '2023-12-28 17:40:28', '2023-12-28 17:40:28', 1671403256519078243, NULL, NULL);
INSERT INTO `nursing_task` VALUES (10466, NULL, 86, 257, NULL, 2, '2023-12-29 10:00:00', NULL, NULL, NULL, 1, 'ZD202312281740271', NULL, '2023-12-28 17:40:28', '2023-12-28 17:40:28', 1671403256519078243, NULL, NULL);
INSERT INTO `nursing_task` VALUES (10467, NULL, 86, 257, NULL, 2, '2023-12-30 10:00:00', NULL, NULL, NULL, 1, 'ZD202312281740271', NULL, '2023-12-28 17:40:28', '2023-12-28 17:40:28', 1671403256519078243, NULL, NULL);
INSERT INTO `nursing_task` VALUES (10468, NULL, 86, 257, NULL, 2, '2023-12-31 10:00:00', NULL, NULL, NULL, 1, 'ZD202312281740271', NULL, '2023-12-28 17:40:28', '2023-12-28 17:40:28', 1671403256519078243, NULL, NULL);
INSERT INTO `nursing_task` VALUES (10469, NULL, 91, 257, NULL, 2, '2023-12-28 16:00:00', NULL, NULL, NULL, 1, 'ZD202312281740271', NULL, '2023-12-28 17:40:28', '2023-12-28 17:40:28', 1671403256519078243, NULL, NULL);
INSERT INTO `nursing_task` VALUES (10470, NULL, 88, 257, NULL, 2, '2023-12-28 09:00:00', NULL, NULL, NULL, 1, 'ZD202312281740271', NULL, '2023-12-28 17:40:28', '2023-12-28 17:40:28', 1671403256519078243, NULL, NULL);
INSERT INTO `nursing_task` VALUES (10471, NULL, 88, 257, NULL, 2, '2023-12-29 09:00:00', NULL, NULL, NULL, 1, 'ZD202312281740271', NULL, '2023-12-28 17:40:28', '2023-12-28 17:40:28', 1671403256519078243, NULL, NULL);
INSERT INTO `nursing_task` VALUES (10472, NULL, 88, 257, NULL, 2, '2023-12-30 09:00:00', NULL, NULL, NULL, 1, 'ZD202312281740271', NULL, '2023-12-28 17:40:28', '2023-12-28 17:40:28', 1671403256519078243, NULL, NULL);
INSERT INTO `nursing_task` VALUES (10473, NULL, 88, 257, NULL, 2, '2023-12-31 09:00:00', NULL, NULL, NULL, 1, 'ZD202312281740271', NULL, '2023-12-28 17:40:28', '2023-12-28 17:40:28', 1671403256519078243, NULL, NULL);
INSERT INTO `nursing_task` VALUES (10474, NULL, 81, 258, NULL, 2, '2023-12-28 14:00:00', NULL, NULL, NULL, 1, 'ZD202312281742161', NULL, '2023-12-28 17:42:16', '2023-12-28 17:42:16', 1671403256519078243, NULL, NULL);
INSERT INTO `nursing_task` VALUES (10475, NULL, 81, 258, NULL, 2, '2023-12-28 17:00:00', NULL, NULL, NULL, 1, 'ZD202312281742161', NULL, '2023-12-28 17:42:16', '2023-12-28 17:42:16', 1671403256519078243, NULL, NULL);
INSERT INTO `nursing_task` VALUES (10476, NULL, 81, 258, NULL, 2, '2023-12-28 20:00:00', NULL, NULL, NULL, 1, 'ZD202312281742161', NULL, '2023-12-28 17:42:16', '2023-12-28 17:42:16', 1671403256519078243, NULL, NULL);
INSERT INTO `nursing_task` VALUES (10477, NULL, 81, 258, NULL, 2, '2023-12-29 14:00:00', NULL, NULL, NULL, 1, 'ZD202312281742161', NULL, '2023-12-28 17:42:16', '2023-12-28 17:42:16', 1671403256519078243, NULL, NULL);
INSERT INTO `nursing_task` VALUES (10478, NULL, 81, 258, NULL, 2, '2023-12-29 17:00:00', NULL, NULL, NULL, 1, 'ZD202312281742161', NULL, '2023-12-28 17:42:16', '2023-12-28 17:42:16', 1671403256519078243, NULL, NULL);
INSERT INTO `nursing_task` VALUES (10479, NULL, 81, 258, NULL, 2, '2023-12-29 20:00:00', NULL, NULL, NULL, 1, 'ZD202312281742161', NULL, '2023-12-28 17:42:16', '2023-12-28 17:42:16', 1671403256519078243, NULL, NULL);
INSERT INTO `nursing_task` VALUES (10480, NULL, 81, 258, NULL, 2, '2023-12-30 14:00:00', NULL, NULL, NULL, 1, 'ZD202312281742161', NULL, '2023-12-28 17:42:16', '2023-12-28 17:42:16', 1671403256519078243, NULL, NULL);
INSERT INTO `nursing_task` VALUES (10481, NULL, 81, 258, NULL, 2, '2023-12-30 17:00:00', NULL, NULL, NULL, 1, 'ZD202312281742161', NULL, '2023-12-28 17:42:16', '2023-12-28 17:42:16', 1671403256519078243, NULL, NULL);
INSERT INTO `nursing_task` VALUES (10482, NULL, 81, 258, NULL, 2, '2023-12-30 20:00:00', NULL, NULL, NULL, 1, 'ZD202312281742161', NULL, '2023-12-28 17:42:16', '2023-12-28 17:42:16', 1671403256519078243, NULL, NULL);
INSERT INTO `nursing_task` VALUES (10483, NULL, 81, 258, NULL, 2, '2023-12-31 14:00:00', NULL, NULL, NULL, 1, 'ZD202312281742161', NULL, '2023-12-28 17:42:16', '2023-12-28 17:42:16', 1671403256519078243, NULL, NULL);
INSERT INTO `nursing_task` VALUES (10484, NULL, 81, 258, NULL, 2, '2023-12-31 17:00:00', NULL, NULL, NULL, 1, 'ZD202312281742161', NULL, '2023-12-28 17:42:16', '2023-12-28 17:42:16', 1671403256519078243, NULL, NULL);
INSERT INTO `nursing_task` VALUES (10485, NULL, 81, 258, NULL, 2, '2023-12-31 20:00:00', NULL, NULL, NULL, 1, 'ZD202312281742161', NULL, '2023-12-28 17:42:16', '2023-12-28 17:42:16', 1671403256519078243, NULL, NULL);
INSERT INTO `nursing_task` VALUES (10486, NULL, 82, 258, NULL, 2, '2023-12-28 21:00:00', NULL, NULL, NULL, 1, 'ZD202312281742161', NULL, '2023-12-28 17:42:16', '2023-12-28 17:42:16', 1671403256519078243, NULL, NULL);
INSERT INTO `nursing_task` VALUES (10487, NULL, 83, 258, NULL, 2, '2023-12-28 10:00:00', '2023-12-28 10:00:00', '按时执行', NULL, 2, 'ZD202312281742161', 'https://yjy-slwl-oss.oss-cn-hangzhou.aliyuncs.com/b1229540-7750-438a-9b8b-2f585603e9e9.jpg', '2023-12-28 17:42:16', '2023-12-28 18:40:14', 1671403256519078243, 1671403256519078246, NULL);
INSERT INTO `nursing_task` VALUES (10488, NULL, 83, 258, NULL, 2, '2023-12-29 10:00:00', NULL, NULL, NULL, 1, 'ZD202312281742161', NULL, '2023-12-28 17:42:16', '2023-12-28 17:42:16', 1671403256519078243, NULL, NULL);
INSERT INTO `nursing_task` VALUES (10489, NULL, 83, 258, NULL, 2, '2023-12-30 10:00:00', NULL, NULL, NULL, 1, 'ZD202312281742161', NULL, '2023-12-28 17:42:16', '2023-12-28 17:42:16', 1671403256519078243, NULL, NULL);
INSERT INTO `nursing_task` VALUES (10490, NULL, 83, 258, NULL, 2, '2023-12-31 10:00:00', NULL, NULL, NULL, 1, 'ZD202312281742161', NULL, '2023-12-28 17:42:16', '2023-12-28 17:42:16', 1671403256519078243, NULL, NULL);
INSERT INTO `nursing_task` VALUES (10491, NULL, 85, 258, NULL, 2, '2023-12-28 12:00:00', NULL, NULL, NULL, 1, 'ZD202312281742161', NULL, '2023-12-28 17:42:16', '2023-12-28 17:42:16', 1671403256519078243, NULL, NULL);
INSERT INTO `nursing_task` VALUES (10492, NULL, 85, 258, NULL, 2, '2023-12-29 12:00:00', NULL, NULL, NULL, 1, 'ZD202312281742161', NULL, '2023-12-28 17:42:16', '2023-12-28 17:42:16', 1671403256519078243, NULL, NULL);
INSERT INTO `nursing_task` VALUES (10493, NULL, 85, 258, NULL, 2, '2023-12-30 12:00:00', NULL, NULL, NULL, 1, 'ZD202312281742161', NULL, '2023-12-28 17:42:16', '2023-12-28 17:42:16', 1671403256519078243, NULL, NULL);
INSERT INTO `nursing_task` VALUES (10494, NULL, 85, 258, NULL, 2, '2023-12-31 12:00:00', NULL, NULL, NULL, 1, 'ZD202312281742161', NULL, '2023-12-28 17:42:16', '2023-12-28 17:42:16', 1671403256519078243, NULL, NULL);
INSERT INTO `nursing_task` VALUES (10495, NULL, 86, 259, NULL, 2, '2023-12-28 09:00:00', NULL, NULL, NULL, 1, 'ZD202312281744311', NULL, '2023-12-28 17:44:32', '2023-12-28 17:44:32', 1671403256519078243, NULL, NULL);
INSERT INTO `nursing_task` VALUES (10496, NULL, 86, 259, NULL, 2, '2023-12-29 09:00:00', NULL, NULL, NULL, 1, 'ZD202312281744311', NULL, '2023-12-28 17:44:32', '2023-12-28 17:44:32', 1671403256519078243, NULL, NULL);
INSERT INTO `nursing_task` VALUES (10497, NULL, 86, 259, NULL, 2, '2023-12-30 09:00:00', NULL, NULL, NULL, 1, 'ZD202312281744311', NULL, '2023-12-28 17:44:32', '2023-12-28 17:44:32', 1671403256519078243, NULL, NULL);
INSERT INTO `nursing_task` VALUES (10498, NULL, 86, 259, NULL, 2, '2023-12-31 09:00:00', NULL, NULL, NULL, 1, 'ZD202312281744311', NULL, '2023-12-28 17:44:32', '2023-12-28 17:44:32', 1671403256519078243, NULL, NULL);
INSERT INTO `nursing_task` VALUES (10499, NULL, 82, 259, NULL, 2, '2023-12-28 21:00:00', NULL, NULL, NULL, 1, 'ZD202312281744311', NULL, '2023-12-28 17:44:32', '2023-12-28 17:44:32', 1671403256519078243, NULL, NULL);
INSERT INTO `nursing_task` VALUES (10500, NULL, 82, 259, NULL, 2, '2023-12-29 21:00:00', NULL, NULL, NULL, 1, 'ZD202312281744311', NULL, '2023-12-28 17:44:32', '2023-12-28 17:44:32', 1671403256519078243, NULL, NULL);
INSERT INTO `nursing_task` VALUES (10501, NULL, 82, 259, NULL, 2, '2023-12-30 21:00:00', NULL, NULL, NULL, 1, 'ZD202312281744311', NULL, '2023-12-28 17:44:32', '2023-12-28 17:44:32', 1671403256519078243, NULL, NULL);
INSERT INTO `nursing_task` VALUES (10502, NULL, 82, 259, NULL, 2, '2023-12-31 21:00:00', NULL, NULL, NULL, 1, 'ZD202312281744311', NULL, '2023-12-28 17:44:32', '2023-12-28 17:44:32', 1671403256519078243, NULL, NULL);
INSERT INTO `nursing_task` VALUES (10503, NULL, 88, 259, NULL, 2, '2023-12-28 08:30:00', '2023-12-28 08:30:00', '已执行', NULL, 2, 'ZD202312281744311', 'https://yjy-slwl-oss.oss-cn-hangzhou.aliyuncs.com/10e50c96-3a4e-45be-8a74-b139214b1e86.jpg', '2023-12-28 17:44:32', '2023-12-28 18:30:07', 1671403256519078243, 1671403256519078246, NULL);
INSERT INTO `nursing_task` VALUES (10504, NULL, 88, 259, NULL, 2, '2023-12-29 08:30:00', NULL, NULL, NULL, 1, 'ZD202312281744311', NULL, '2023-12-28 17:44:32', '2023-12-28 17:44:32', 1671403256519078243, NULL, NULL);
INSERT INTO `nursing_task` VALUES (10505, NULL, 88, 259, NULL, 2, '2023-12-30 08:30:00', NULL, NULL, NULL, 1, 'ZD202312281744311', NULL, '2023-12-28 17:44:32', '2023-12-28 17:44:32', 1671403256519078243, NULL, NULL);
INSERT INTO `nursing_task` VALUES (10506, NULL, 88, 259, NULL, 2, '2023-12-31 08:30:00', NULL, NULL, NULL, 1, 'ZD202312281744311', NULL, '2023-12-28 17:44:32', '2023-12-28 17:44:32', 1671403256519078243, NULL, NULL);
INSERT INTO `nursing_task` VALUES (10507, NULL, 81, 260, NULL, 2, '2023-12-28 14:00:00', NULL, NULL, NULL, 1, 'ZD202312281747391', NULL, '2023-12-28 17:47:40', '2023-12-28 17:47:40', 1671403256519078243, NULL, NULL);
INSERT INTO `nursing_task` VALUES (10508, NULL, 81, 260, NULL, 2, '2023-12-28 17:00:00', NULL, NULL, NULL, 1, 'ZD202312281747391', NULL, '2023-12-28 17:47:40', '2023-12-28 17:47:40', 1671403256519078243, NULL, NULL);
INSERT INTO `nursing_task` VALUES (10509, NULL, 81, 260, NULL, 2, '2023-12-28 20:00:00', NULL, NULL, NULL, 1, 'ZD202312281747391', NULL, '2023-12-28 17:47:40', '2023-12-28 17:47:40', 1671403256519078243, NULL, NULL);
INSERT INTO `nursing_task` VALUES (10510, NULL, 81, 260, NULL, 2, '2023-12-29 14:00:00', NULL, NULL, NULL, 1, 'ZD202312281747391', NULL, '2023-12-28 17:47:40', '2023-12-28 17:47:40', 1671403256519078243, NULL, NULL);
INSERT INTO `nursing_task` VALUES (10511, NULL, 81, 260, NULL, 2, '2023-12-29 17:00:00', NULL, NULL, NULL, 1, 'ZD202312281747391', NULL, '2023-12-28 17:47:40', '2023-12-28 17:47:40', 1671403256519078243, NULL, NULL);
INSERT INTO `nursing_task` VALUES (10512, NULL, 81, 260, NULL, 2, '2023-12-29 20:00:00', NULL, NULL, NULL, 1, 'ZD202312281747391', NULL, '2023-12-28 17:47:40', '2023-12-28 17:47:40', 1671403256519078243, NULL, NULL);
INSERT INTO `nursing_task` VALUES (10513, NULL, 81, 260, NULL, 2, '2023-12-30 14:00:00', NULL, NULL, NULL, 1, 'ZD202312281747391', NULL, '2023-12-28 17:47:40', '2023-12-28 17:47:40', 1671403256519078243, NULL, NULL);
INSERT INTO `nursing_task` VALUES (10514, NULL, 81, 260, NULL, 2, '2023-12-30 17:00:00', NULL, NULL, NULL, 1, 'ZD202312281747391', NULL, '2023-12-28 17:47:40', '2023-12-28 17:47:40', 1671403256519078243, NULL, NULL);
INSERT INTO `nursing_task` VALUES (10515, NULL, 81, 260, NULL, 2, '2023-12-30 20:00:00', NULL, NULL, NULL, 1, 'ZD202312281747391', NULL, '2023-12-28 17:47:40', '2023-12-28 17:47:40', 1671403256519078243, NULL, NULL);
INSERT INTO `nursing_task` VALUES (10516, NULL, 81, 260, NULL, 2, '2023-12-31 14:00:00', NULL, NULL, NULL, 1, 'ZD202312281747391', NULL, '2023-12-28 17:47:40', '2023-12-28 17:47:40', 1671403256519078243, NULL, NULL);
INSERT INTO `nursing_task` VALUES (10517, NULL, 81, 260, NULL, 2, '2023-12-31 17:00:00', NULL, NULL, NULL, 1, 'ZD202312281747391', NULL, '2023-12-28 17:47:40', '2023-12-28 17:47:40', 1671403256519078243, NULL, NULL);
INSERT INTO `nursing_task` VALUES (10518, NULL, 81, 260, NULL, 2, '2023-12-31 20:00:00', NULL, NULL, NULL, 1, 'ZD202312281747391', NULL, '2023-12-28 17:47:40', '2023-12-28 17:47:40', 1671403256519078243, NULL, NULL);
INSERT INTO `nursing_task` VALUES (10519, NULL, 82, 260, NULL, 2, '2023-12-28 21:00:00', '2023-12-28 21:00:00', '按时执行', NULL, 2, 'ZD202312281747391', 'https://yjy-slwl-oss.oss-cn-hangzhou.aliyuncs.com/88fe546d-1da8-44ad-9b39-1ca32c27d97b.jpg', '2023-12-28 17:47:40', '2023-12-28 18:36:03', 1671403256519078243, 1671403256519078246, NULL);
INSERT INTO `nursing_task` VALUES (10520, NULL, 83, 260, NULL, 2, '2023-12-28 10:00:00', '2023-12-28 10:00:00', '按时执行', NULL, 2, 'ZD202312281747391', 'https://yjy-slwl-oss.oss-cn-hangzhou.aliyuncs.com/8349cc01-6442-4974-bb1b-7a8f477ffe3c.jpg', '2023-12-28 17:47:40', '2023-12-28 18:34:21', 1671403256519078243, 1671403256519078246, NULL);
INSERT INTO `nursing_task` VALUES (10521, NULL, 83, 260, NULL, 2, '2023-12-29 10:00:00', NULL, NULL, NULL, 1, 'ZD202312281747391', NULL, '2023-12-28 17:47:40', '2023-12-28 17:47:40', 1671403256519078243, NULL, NULL);
INSERT INTO `nursing_task` VALUES (10522, NULL, 83, 260, NULL, 2, '2023-12-30 10:00:00', NULL, NULL, NULL, 1, 'ZD202312281747391', NULL, '2023-12-28 17:47:40', '2023-12-28 17:47:40', 1671403256519078243, NULL, NULL);
INSERT INTO `nursing_task` VALUES (10523, NULL, 83, 260, NULL, 2, '2023-12-31 10:00:00', NULL, NULL, NULL, 1, 'ZD202312281747391', NULL, '2023-12-28 17:47:40', '2023-12-28 17:47:40', 1671403256519078243, NULL, NULL);
INSERT INTO `nursing_task` VALUES (10524, NULL, 85, 260, NULL, 2, '2023-12-28 12:00:00', NULL, NULL, NULL, 1, 'ZD202312281747391', NULL, '2023-12-28 17:47:40', '2023-12-28 17:47:40', 1671403256519078243, NULL, NULL);
INSERT INTO `nursing_task` VALUES (10525, NULL, 85, 260, NULL, 2, '2023-12-29 12:00:00', NULL, NULL, NULL, 1, 'ZD202312281747391', NULL, '2023-12-28 17:47:40', '2023-12-28 17:47:40', 1671403256519078243, NULL, NULL);
INSERT INTO `nursing_task` VALUES (10526, NULL, 85, 260, NULL, 2, '2023-12-30 12:00:00', NULL, NULL, NULL, 1, 'ZD202312281747391', NULL, '2023-12-28 17:47:40', '2023-12-28 17:47:40', 1671403256519078243, NULL, NULL);
INSERT INTO `nursing_task` VALUES (10527, NULL, 85, 260, NULL, 2, '2023-12-31 12:00:00', NULL, NULL, NULL, 1, 'ZD202312281747391', NULL, '2023-12-28 17:47:40', '2023-12-28 17:47:40', 1671403256519078243, NULL, NULL);
INSERT INTO `nursing_task` VALUES (10532, NULL, 81, 262, NULL, 2, '2023-12-28 14:00:00', '2023-12-28 14:00:00', '按时执行', NULL, 2, 'ZD202312281751431', 'https://yjy-slwl-oss.oss-cn-hangzhou.aliyuncs.com/b353cc32-838a-4ecd-beeb-76c0c91d43d0.jpg', '2023-12-28 17:51:43', '2023-12-28 18:32:49', 1671403256519078243, 1671403256519078246, NULL);
INSERT INTO `nursing_task` VALUES (10533, NULL, 81, 262, NULL, 2, '2023-12-28 17:00:00', NULL, NULL, NULL, 1, 'ZD202312281751431', NULL, '2023-12-28 17:51:43', '2023-12-28 17:51:43', 1671403256519078243, NULL, NULL);
INSERT INTO `nursing_task` VALUES (10534, NULL, 81, 262, NULL, 2, '2023-12-28 20:00:00', NULL, NULL, NULL, 1, 'ZD202312281751431', NULL, '2023-12-28 17:51:43', '2023-12-28 17:51:43', 1671403256519078243, NULL, NULL);
INSERT INTO `nursing_task` VALUES (10535, NULL, 81, 262, NULL, 2, '2023-12-29 14:00:00', NULL, NULL, NULL, 1, 'ZD202312281751431', NULL, '2023-12-28 17:51:43', '2023-12-28 17:51:43', 1671403256519078243, NULL, NULL);
INSERT INTO `nursing_task` VALUES (10536, NULL, 81, 262, NULL, 2, '2023-12-29 17:00:00', NULL, NULL, NULL, 1, 'ZD202312281751431', NULL, '2023-12-28 17:51:43', '2023-12-28 17:51:43', 1671403256519078243, NULL, NULL);
INSERT INTO `nursing_task` VALUES (10537, NULL, 81, 262, NULL, 2, '2023-12-29 20:00:00', NULL, NULL, NULL, 1, 'ZD202312281751431', NULL, '2023-12-28 17:51:43', '2023-12-28 17:51:43', 1671403256519078243, NULL, NULL);
INSERT INTO `nursing_task` VALUES (10538, NULL, 81, 262, NULL, 2, '2023-12-30 14:00:00', NULL, NULL, NULL, 1, 'ZD202312281751431', NULL, '2023-12-28 17:51:43', '2023-12-28 17:51:43', 1671403256519078243, NULL, NULL);
INSERT INTO `nursing_task` VALUES (10539, NULL, 81, 262, NULL, 2, '2023-12-30 17:00:00', NULL, NULL, NULL, 1, 'ZD202312281751431', NULL, '2023-12-28 17:51:43', '2023-12-28 17:51:43', 1671403256519078243, NULL, NULL);
INSERT INTO `nursing_task` VALUES (10540, NULL, 81, 262, NULL, 2, '2023-12-30 20:00:00', NULL, NULL, NULL, 1, 'ZD202312281751431', NULL, '2023-12-28 17:51:43', '2023-12-28 17:51:43', 1671403256519078243, NULL, NULL);
INSERT INTO `nursing_task` VALUES (10541, NULL, 81, 262, NULL, 2, '2023-12-31 14:00:00', NULL, NULL, NULL, 1, 'ZD202312281751431', NULL, '2023-12-28 17:51:43', '2023-12-28 17:51:43', 1671403256519078243, NULL, NULL);
INSERT INTO `nursing_task` VALUES (10542, NULL, 81, 262, NULL, 2, '2023-12-31 17:00:00', NULL, NULL, NULL, 1, 'ZD202312281751431', NULL, '2023-12-28 17:51:43', '2023-12-28 17:51:43', 1671403256519078243, NULL, NULL);
INSERT INTO `nursing_task` VALUES (10543, NULL, 81, 262, NULL, 2, '2023-12-31 20:00:00', NULL, NULL, NULL, 1, 'ZD202312281751431', NULL, '2023-12-28 17:51:43', '2023-12-28 17:51:43', 1671403256519078243, NULL, NULL);
INSERT INTO `nursing_task` VALUES (10544, NULL, 82, 262, NULL, 2, '2023-12-28 21:00:00', NULL, NULL, NULL, 1, 'ZD202312281751431', NULL, '2023-12-28 17:51:43', '2023-12-28 17:51:43', 1671403256519078243, NULL, NULL);
INSERT INTO `nursing_task` VALUES (10545, NULL, 83, 262, NULL, 2, '2023-12-28 10:00:00', '2023-12-28 22:00:00', '已经执行', NULL, 2, 'ZD202312281751431', 'https://yjy-slwl-oss.oss-cn-hangzhou.aliyuncs.com/39a32067-b6ea-4e11-b659-c98757ead225.jpg', '2023-12-28 17:51:43', '2023-12-28 18:31:45', 1671403256519078243, 1671403256519078246, NULL);
INSERT INTO `nursing_task` VALUES (10546, NULL, 83, 262, NULL, 2, '2023-12-29 10:00:00', NULL, NULL, NULL, 1, 'ZD202312281751431', NULL, '2023-12-28 17:51:43', '2023-12-28 17:51:43', 1671403256519078243, NULL, NULL);
INSERT INTO `nursing_task` VALUES (10547, NULL, 83, 262, NULL, 2, '2023-12-30 10:00:00', NULL, NULL, NULL, 1, 'ZD202312281751431', NULL, '2023-12-28 17:51:43', '2023-12-28 17:51:43', 1671403256519078243, NULL, NULL);
INSERT INTO `nursing_task` VALUES (10548, NULL, 83, 262, NULL, 2, '2023-12-31 10:00:00', NULL, NULL, NULL, 1, 'ZD202312281751431', NULL, '2023-12-28 17:51:43', '2023-12-28 17:51:43', 1671403256519078243, NULL, NULL);
INSERT INTO `nursing_task` VALUES (10549, NULL, 85, 262, NULL, 2, '2023-12-28 12:00:00', NULL, NULL, NULL, 1, 'ZD202312281751431', NULL, '2023-12-28 17:51:43', '2023-12-28 17:51:43', 1671403256519078243, NULL, NULL);
INSERT INTO `nursing_task` VALUES (10550, NULL, 85, 262, NULL, 2, '2023-12-29 12:00:00', NULL, NULL, NULL, 1, 'ZD202312281751431', NULL, '2023-12-28 17:51:43', '2023-12-28 17:51:43', 1671403256519078243, NULL, NULL);
INSERT INTO `nursing_task` VALUES (10551, NULL, 85, 262, NULL, 2, '2023-12-30 12:00:00', NULL, NULL, NULL, 1, 'ZD202312281751431', NULL, '2023-12-28 17:51:43', '2023-12-28 17:51:43', 1671403256519078243, NULL, NULL);
INSERT INTO `nursing_task` VALUES (10552, NULL, 85, 262, NULL, 2, '2023-12-31 12:00:00', '2023-12-31 12:00:00', '按时执行', NULL, 2, 'ZD202312281751431', 'https://yjy-slwl-oss.oss-cn-hangzhou.aliyuncs.com/aeead710-503a-4961-b324-37c207bf0276.jpg', '2023-12-28 17:51:43', '2023-12-28 18:39:28', 1671403256519078243, 1671403256519078246, NULL);
INSERT INTO `nursing_task` VALUES (10591, NULL, 84, 257, NULL, 1, '2023-12-28 18:49:00', '2023-12-28 18:25:56', '已经服务好了', NULL, 2, 'ZD202312281819531', 'https://yjy-slwl-oss.oss-cn-hangzhou.aliyuncs.com/cb18d97a-a88f-4868-bb6a-0bd5d8d9e3cc.jpg', '2023-12-28 18:20:01', '2023-12-28 18:26:14', 10, 1671403256519078138, NULL);
INSERT INTO `nursing_task` VALUES (10592, NULL, 84, 257, NULL, 1, '2023-12-28 18:50:00', '2023-12-28 18:26:40', '洗完啦', NULL, 2, 'ZD202312281820581', 'https://yjy-slwl-oss.oss-cn-hangzhou.aliyuncs.com/cd784d8b-f500-4b91-bec5-352f75802724.jpg', '2023-12-28 18:21:05', '2023-12-28 18:26:50', 10, 1671403256519078138, NULL);
INSERT INTO `nursing_task` VALUES (10593, NULL, 84, 257, NULL, 1, '2023-12-28 19:53:00', NULL, NULL, NULL, 1, 'ZD202312281822161', NULL, '2023-12-28 18:22:22', '2023-12-28 18:22:22', 10, 10, NULL);
INSERT INTO `nursing_task` VALUES (10594, NULL, 84, 257, NULL, 1, '2023-12-28 18:52:00', '2023-12-28 18:00:00', '执行', NULL, 2, 'ZD202312281822391', 'https://yjy-slwl-oss.oss-cn-hangzhou.aliyuncs.com/edb32f76-ac29-45a6-abd0-d140aeb9246b.jpg', '2023-12-28 18:22:49', '2023-12-28 18:35:29', 10, 1671403256519078246, NULL);
INSERT INTO `nursing_task` VALUES (10595, NULL, 84, 257, NULL, 1, '2023-12-28 18:53:00', NULL, NULL, NULL, 3, 'ZD202312281823041', NULL, '2023-12-28 18:23:14', '2023-12-28 18:23:14', 10, 10, NULL);
INSERT INTO `nursing_task` VALUES (10596, NULL, 80, 267, NULL, 2, '2024-01-17 08:00:00', NULL, NULL, NULL, 1, 'ZD202401172322071', NULL, '2024-01-17 23:22:07', '2024-01-17 23:22:07', 1671403256519078138, NULL, NULL);
INSERT INTO `nursing_task` VALUES (10597, NULL, 80, 267, NULL, 2, '2024-01-24 08:00:00', NULL, NULL, NULL, 1, 'ZD202401172322071', NULL, '2024-01-17 23:22:07', '2024-01-17 23:22:07', 1671403256519078138, NULL, NULL);
INSERT INTO `nursing_task` VALUES (10598, NULL, 80, 267, NULL, 2, '2024-01-31 08:00:00', NULL, NULL, NULL, 1, 'ZD202401172322071', NULL, '2024-01-17 23:22:07', '2024-01-17 23:22:07', 1671403256519078138, NULL, NULL);
INSERT INTO `nursing_task` VALUES (10599, NULL, 86, 267, NULL, 2, '2024-01-17 09:00:00', NULL, NULL, NULL, 1, 'ZD202401172322071', NULL, '2024-01-17 23:22:07', '2024-01-17 23:22:07', 1671403256519078138, NULL, NULL);
INSERT INTO `nursing_task` VALUES (10600, NULL, 86, 267, NULL, 2, '2024-01-18 09:00:00', NULL, NULL, NULL, 1, 'ZD202401172322071', NULL, '2024-01-17 23:22:07', '2024-01-17 23:22:07', 1671403256519078138, NULL, NULL);
INSERT INTO `nursing_task` VALUES (10601, NULL, 86, 267, NULL, 2, '2024-01-19 09:00:00', NULL, NULL, NULL, 1, 'ZD202401172322071', NULL, '2024-01-17 23:22:07', '2024-01-17 23:22:07', 1671403256519078138, NULL, NULL);
INSERT INTO `nursing_task` VALUES (10602, NULL, 86, 267, NULL, 2, '2024-01-20 09:00:00', NULL, NULL, NULL, 1, 'ZD202401172322071', NULL, '2024-01-17 23:22:07', '2024-01-17 23:22:07', 1671403256519078138, NULL, NULL);
INSERT INTO `nursing_task` VALUES (10603, NULL, 86, 267, NULL, 2, '2024-01-21 09:00:00', NULL, NULL, NULL, 1, 'ZD202401172322071', NULL, '2024-01-17 23:22:07', '2024-01-17 23:22:07', 1671403256519078138, NULL, NULL);
INSERT INTO `nursing_task` VALUES (10604, NULL, 86, 267, NULL, 2, '2024-01-22 09:00:00', NULL, NULL, NULL, 1, 'ZD202401172322071', NULL, '2024-01-17 23:22:07', '2024-01-17 23:22:07', 1671403256519078138, NULL, NULL);
INSERT INTO `nursing_task` VALUES (10605, NULL, 86, 267, NULL, 2, '2024-01-23 09:00:00', NULL, NULL, NULL, 1, 'ZD202401172322071', NULL, '2024-01-17 23:22:07', '2024-01-17 23:22:07', 1671403256519078138, NULL, NULL);
INSERT INTO `nursing_task` VALUES (10606, NULL, 86, 267, NULL, 2, '2024-01-24 09:00:00', NULL, NULL, NULL, 1, 'ZD202401172322071', NULL, '2024-01-17 23:22:07', '2024-01-17 23:22:07', 1671403256519078138, NULL, NULL);
INSERT INTO `nursing_task` VALUES (10607, NULL, 86, 267, NULL, 2, '2024-01-25 09:00:00', NULL, NULL, NULL, 1, 'ZD202401172322071', NULL, '2024-01-17 23:22:07', '2024-01-17 23:22:07', 1671403256519078138, NULL, NULL);
INSERT INTO `nursing_task` VALUES (10608, NULL, 86, 267, NULL, 2, '2024-01-26 09:00:00', NULL, NULL, NULL, 1, 'ZD202401172322071', NULL, '2024-01-17 23:22:07', '2024-01-17 23:22:07', 1671403256519078138, NULL, NULL);
INSERT INTO `nursing_task` VALUES (10609, NULL, 86, 267, NULL, 2, '2024-01-27 09:00:00', NULL, NULL, NULL, 1, 'ZD202401172322071', NULL, '2024-01-17 23:22:07', '2024-01-17 23:22:07', 1671403256519078138, NULL, NULL);
INSERT INTO `nursing_task` VALUES (10610, NULL, 86, 267, NULL, 2, '2024-01-28 09:00:00', NULL, NULL, NULL, 1, 'ZD202401172322071', NULL, '2024-01-17 23:22:07', '2024-01-17 23:22:07', 1671403256519078138, NULL, NULL);
INSERT INTO `nursing_task` VALUES (10611, NULL, 86, 267, NULL, 2, '2024-01-29 09:00:00', NULL, NULL, NULL, 1, 'ZD202401172322071', NULL, '2024-01-17 23:22:07', '2024-01-17 23:22:07', 1671403256519078138, NULL, NULL);
INSERT INTO `nursing_task` VALUES (10612, NULL, 86, 267, NULL, 2, '2024-01-30 09:00:00', NULL, NULL, NULL, 1, 'ZD202401172322071', NULL, '2024-01-17 23:22:07', '2024-01-17 23:22:07', 1671403256519078138, NULL, NULL);
INSERT INTO `nursing_task` VALUES (10613, NULL, 86, 267, NULL, 2, '2024-01-31 09:00:00', NULL, NULL, NULL, 1, 'ZD202401172322071', NULL, '2024-01-17 23:22:07', '2024-01-17 23:22:07', 1671403256519078138, NULL, NULL);
INSERT INTO `nursing_task` VALUES (10614, NULL, 91, 267, NULL, 2, '2024-01-17 15:00:00', NULL, NULL, NULL, 1, 'ZD202401172322071', NULL, '2024-01-17 23:22:07', '2024-01-17 23:22:07', 1671403256519078138, NULL, NULL);
INSERT INTO `nursing_task` VALUES (10615, NULL, 91, 267, NULL, 2, '2024-01-24 15:00:00', NULL, NULL, NULL, 1, 'ZD202401172322071', NULL, '2024-01-17 23:22:07', '2024-01-17 23:22:07', 1671403256519078138, NULL, NULL);
INSERT INTO `nursing_task` VALUES (10616, NULL, 91, 267, NULL, 2, '2024-01-31 15:00:00', NULL, NULL, NULL, 1, 'ZD202401172322071', NULL, '2024-01-17 23:22:07', '2024-01-17 23:22:07', 1671403256519078138, NULL, NULL);
INSERT INTO `nursing_task` VALUES (10617, NULL, 90, 267, NULL, 2, '2024-01-17 17:00:00', NULL, NULL, NULL, 1, 'ZD202401172322071', NULL, '2024-01-17 23:22:07', '2024-01-17 23:22:07', 1671403256519078138, NULL, NULL);
INSERT INTO `nursing_task` VALUES (10618, NULL, 90, 267, NULL, 2, '2024-01-20 17:00:00', NULL, NULL, NULL, 1, 'ZD202401172322071', NULL, '2024-01-17 23:22:07', '2024-01-17 23:22:07', 1671403256519078138, NULL, NULL);
INSERT INTO `nursing_task` VALUES (10619, NULL, 90, 267, NULL, 2, '2024-01-24 17:00:00', NULL, NULL, NULL, 1, 'ZD202401172322071', NULL, '2024-01-17 23:22:07', '2024-01-17 23:22:07', 1671403256519078138, NULL, NULL);
INSERT INTO `nursing_task` VALUES (10620, NULL, 90, 267, NULL, 2, '2024-01-27 17:00:00', NULL, NULL, NULL, 1, 'ZD202401172322071', NULL, '2024-01-17 23:22:07', '2024-01-17 23:22:07', 1671403256519078138, NULL, NULL);
INSERT INTO `nursing_task` VALUES (10621, NULL, 90, 267, NULL, 2, '2024-01-31 17:00:00', NULL, NULL, NULL, 1, 'ZD202401172322071', NULL, '2024-01-17 23:22:07', '2024-01-17 23:22:07', 1671403256519078138, NULL, NULL);
INSERT INTO `nursing_task` VALUES (10622, NULL, 87, 267, NULL, 2, '2024-01-17 20:00:00', NULL, NULL, NULL, 1, 'ZD202401172322071', NULL, '2024-01-17 23:22:07', '2024-01-17 23:22:07', 1671403256519078138, NULL, NULL);
INSERT INTO `nursing_task` VALUES (10623, NULL, 87, 267, NULL, 2, '2024-01-20 20:00:00', NULL, NULL, NULL, 1, 'ZD202401172322071', NULL, '2024-01-17 23:22:07', '2024-01-17 23:22:07', 1671403256519078138, NULL, NULL);
INSERT INTO `nursing_task` VALUES (10624, NULL, 87, 267, NULL, 2, '2024-01-24 20:00:00', NULL, NULL, NULL, 1, 'ZD202401172322071', NULL, '2024-01-17 23:22:07', '2024-01-17 23:22:07', 1671403256519078138, NULL, NULL);
INSERT INTO `nursing_task` VALUES (10625, NULL, 87, 267, NULL, 2, '2024-01-27 20:00:00', NULL, NULL, NULL, 1, 'ZD202401172322071', NULL, '2024-01-17 23:22:07', '2024-01-17 23:22:07', 1671403256519078138, NULL, NULL);
INSERT INTO `nursing_task` VALUES (10626, NULL, 87, 267, NULL, 2, '2024-01-31 20:00:00', NULL, NULL, NULL, 1, 'ZD202401172322071', NULL, '2024-01-17 23:22:07', '2024-01-17 23:22:07', 1671403256519078138, NULL, NULL);
INSERT INTO `nursing_task` VALUES (10627, NULL, 82, 267, NULL, 2, '2024-01-17 21:00:00', NULL, NULL, NULL, 1, 'ZD202401172322071', NULL, '2024-01-17 23:22:07', '2024-01-17 23:22:07', 1671403256519078138, NULL, NULL);
INSERT INTO `nursing_task` VALUES (10628, NULL, 82, 267, NULL, 2, '2024-01-18 21:00:00', NULL, NULL, NULL, 1, 'ZD202401172322071', NULL, '2024-01-17 23:22:07', '2024-01-17 23:22:07', 1671403256519078138, NULL, NULL);
INSERT INTO `nursing_task` VALUES (10629, NULL, 82, 267, NULL, 2, '2024-01-19 21:00:00', NULL, NULL, NULL, 1, 'ZD202401172322071', NULL, '2024-01-17 23:22:07', '2024-01-17 23:22:07', 1671403256519078138, NULL, NULL);
INSERT INTO `nursing_task` VALUES (10630, NULL, 82, 267, NULL, 2, '2024-01-20 21:00:00', NULL, NULL, NULL, 1, 'ZD202401172322071', NULL, '2024-01-17 23:22:07', '2024-01-17 23:22:07', 1671403256519078138, NULL, NULL);
INSERT INTO `nursing_task` VALUES (10631, NULL, 82, 267, NULL, 2, '2024-01-21 21:00:00', NULL, NULL, NULL, 1, 'ZD202401172322071', NULL, '2024-01-17 23:22:07', '2024-01-17 23:22:07', 1671403256519078138, NULL, NULL);
INSERT INTO `nursing_task` VALUES (10632, NULL, 82, 267, NULL, 2, '2024-01-22 21:00:00', NULL, NULL, NULL, 1, 'ZD202401172322071', NULL, '2024-01-17 23:22:07', '2024-01-17 23:22:07', 1671403256519078138, NULL, NULL);
INSERT INTO `nursing_task` VALUES (10633, NULL, 82, 267, NULL, 2, '2024-01-23 21:00:00', NULL, NULL, NULL, 1, 'ZD202401172322071', NULL, '2024-01-17 23:22:07', '2024-01-17 23:22:07', 1671403256519078138, NULL, NULL);
INSERT INTO `nursing_task` VALUES (10634, NULL, 82, 267, NULL, 2, '2024-01-24 21:00:00', NULL, NULL, NULL, 1, 'ZD202401172322071', NULL, '2024-01-17 23:22:07', '2024-01-17 23:22:07', 1671403256519078138, NULL, NULL);
INSERT INTO `nursing_task` VALUES (10635, NULL, 82, 267, NULL, 2, '2024-01-25 21:00:00', NULL, NULL, NULL, 1, 'ZD202401172322071', NULL, '2024-01-17 23:22:07', '2024-01-17 23:22:07', 1671403256519078138, NULL, NULL);
INSERT INTO `nursing_task` VALUES (10636, NULL, 82, 267, NULL, 2, '2024-01-26 21:00:00', NULL, NULL, NULL, 1, 'ZD202401172322071', NULL, '2024-01-17 23:22:07', '2024-01-17 23:22:07', 1671403256519078138, NULL, NULL);
INSERT INTO `nursing_task` VALUES (10637, NULL, 82, 267, NULL, 2, '2024-01-27 21:00:00', NULL, NULL, NULL, 1, 'ZD202401172322071', NULL, '2024-01-17 23:22:07', '2024-01-17 23:22:07', 1671403256519078138, NULL, NULL);
INSERT INTO `nursing_task` VALUES (10638, NULL, 82, 267, NULL, 2, '2024-01-28 21:00:00', NULL, NULL, NULL, 1, 'ZD202401172322071', NULL, '2024-01-17 23:22:07', '2024-01-17 23:22:07', 1671403256519078138, NULL, NULL);
INSERT INTO `nursing_task` VALUES (10639, NULL, 82, 267, NULL, 2, '2024-01-29 21:00:00', NULL, NULL, NULL, 1, 'ZD202401172322071', NULL, '2024-01-17 23:22:07', '2024-01-17 23:22:07', 1671403256519078138, NULL, NULL);
INSERT INTO `nursing_task` VALUES (10640, NULL, 82, 267, NULL, 2, '2024-01-30 21:00:00', NULL, NULL, NULL, 1, 'ZD202401172322071', NULL, '2024-01-17 23:22:07', '2024-01-17 23:22:07', 1671403256519078138, NULL, NULL);
INSERT INTO `nursing_task` VALUES (10641, NULL, 82, 267, NULL, 2, '2024-01-31 21:00:00', NULL, NULL, NULL, 1, 'ZD202401172322071', NULL, '2024-01-17 23:22:07', '2024-01-17 23:22:07', 1671403256519078138, NULL, NULL);
INSERT INTO `nursing_task` VALUES (10642, NULL, 88, 267, NULL, 2, '2024-01-17 08:30:00', NULL, NULL, NULL, 1, 'ZD202401172322071', NULL, '2024-01-17 23:22:07', '2024-01-17 23:22:07', 1671403256519078138, NULL, NULL);
INSERT INTO `nursing_task` VALUES (10643, NULL, 88, 267, NULL, 2, '2024-01-18 08:30:00', NULL, NULL, NULL, 1, 'ZD202401172322071', NULL, '2024-01-17 23:22:07', '2024-01-17 23:22:07', 1671403256519078138, NULL, NULL);
INSERT INTO `nursing_task` VALUES (10644, NULL, 88, 267, NULL, 2, '2024-01-19 08:30:00', NULL, NULL, NULL, 1, 'ZD202401172322071', NULL, '2024-01-17 23:22:07', '2024-01-17 23:22:07', 1671403256519078138, NULL, NULL);
INSERT INTO `nursing_task` VALUES (10645, NULL, 88, 267, NULL, 2, '2024-01-20 08:30:00', NULL, NULL, NULL, 1, 'ZD202401172322071', NULL, '2024-01-17 23:22:07', '2024-01-17 23:22:07', 1671403256519078138, NULL, NULL);
INSERT INTO `nursing_task` VALUES (10646, NULL, 88, 267, NULL, 2, '2024-01-21 08:30:00', NULL, NULL, NULL, 1, 'ZD202401172322071', NULL, '2024-01-17 23:22:07', '2024-01-17 23:22:07', 1671403256519078138, NULL, NULL);
INSERT INTO `nursing_task` VALUES (10647, NULL, 88, 267, NULL, 2, '2024-01-22 08:30:00', NULL, NULL, NULL, 1, 'ZD202401172322071', NULL, '2024-01-17 23:22:07', '2024-01-17 23:22:07', 1671403256519078138, NULL, NULL);
INSERT INTO `nursing_task` VALUES (10648, NULL, 88, 267, NULL, 2, '2024-01-23 08:30:00', NULL, NULL, NULL, 1, 'ZD202401172322071', NULL, '2024-01-17 23:22:07', '2024-01-17 23:22:07', 1671403256519078138, NULL, NULL);
INSERT INTO `nursing_task` VALUES (10649, NULL, 88, 267, NULL, 2, '2024-01-24 08:30:00', NULL, NULL, NULL, 1, 'ZD202401172322071', NULL, '2024-01-17 23:22:07', '2024-01-17 23:22:07', 1671403256519078138, NULL, NULL);
INSERT INTO `nursing_task` VALUES (10650, NULL, 88, 267, NULL, 2, '2024-01-25 08:30:00', NULL, NULL, NULL, 1, 'ZD202401172322071', NULL, '2024-01-17 23:22:07', '2024-01-17 23:22:07', 1671403256519078138, NULL, NULL);
INSERT INTO `nursing_task` VALUES (10651, NULL, 88, 267, NULL, 2, '2024-01-26 08:30:00', NULL, NULL, NULL, 1, 'ZD202401172322071', NULL, '2024-01-17 23:22:07', '2024-01-17 23:22:07', 1671403256519078138, NULL, NULL);
INSERT INTO `nursing_task` VALUES (10652, NULL, 88, 267, NULL, 2, '2024-01-27 08:30:00', NULL, NULL, NULL, 1, 'ZD202401172322071', NULL, '2024-01-17 23:22:07', '2024-01-17 23:22:07', 1671403256519078138, NULL, NULL);
INSERT INTO `nursing_task` VALUES (10653, NULL, 88, 267, NULL, 2, '2024-01-28 08:30:00', NULL, NULL, NULL, 1, 'ZD202401172322071', NULL, '2024-01-17 23:22:07', '2024-01-17 23:22:07', 1671403256519078138, NULL, NULL);
INSERT INTO `nursing_task` VALUES (10654, NULL, 88, 267, NULL, 2, '2024-01-29 08:30:00', NULL, NULL, NULL, 1, 'ZD202401172322071', NULL, '2024-01-17 23:22:07', '2024-01-17 23:22:07', 1671403256519078138, NULL, NULL);
INSERT INTO `nursing_task` VALUES (10655, NULL, 88, 267, NULL, 2, '2024-01-30 08:30:00', NULL, NULL, NULL, 1, 'ZD202401172322071', NULL, '2024-01-17 23:22:07', '2024-01-17 23:22:07', 1671403256519078138, NULL, NULL);
INSERT INTO `nursing_task` VALUES (10656, NULL, 88, 267, NULL, 2, '2024-01-31 08:30:00', NULL, NULL, NULL, 1, 'ZD202401172322071', NULL, '2024-01-17 23:22:07', '2024-01-17 23:22:07', 1671403256519078138, NULL, NULL);

-- ----------------------------
-- Table structure for order
-- ----------------------------
DROP TABLE IF EXISTS `order`;
CREATE TABLE `order`  (
  `id` bigint NOT NULL AUTO_INCREMENT COMMENT 'id',
  `trading_order_no` bigint NULL DEFAULT 0 COMMENT '交易系统订单号',
  `payment_status` tinyint NULL DEFAULT NULL COMMENT '付款状态,1.未付 2已付 3已关闭',
  `amount` decimal(32, 2) NULL DEFAULT NULL COMMENT '金额',
  `refund` decimal(12, 2) NULL DEFAULT 0.00 COMMENT '退款金额【付款后，单位：元',
  `is_refund` varchar(32) CHARACTER SET utf8mb4 COLLATE utf8mb4_general_ci NULL DEFAULT NULL COMMENT '是否有退款：YES，NO',
  `member_id` bigint NULL DEFAULT NULL COMMENT '客户id',
  `project_id` bigint NULL DEFAULT NULL COMMENT '服务项目id',
  `elder_id` bigint NULL DEFAULT NULL COMMENT '服务对象ID',
  `estimated_arrival_time` datetime NULL DEFAULT NULL COMMENT '预计服务时间',
  `mark` varchar(2000) CHARACTER SET utf8mb4 COLLATE utf8mb4_0900_ai_ci NULL DEFAULT NULL COMMENT '备注',
  `reason` varchar(2000) CHARACTER SET utf8mb4 COLLATE utf8mb4_0900_ai_ci NULL DEFAULT NULL COMMENT '取消原因',
  `status` int NULL DEFAULT NULL COMMENT '订单状态 0待支付 1待执行 2已执行 3已完成 4已关闭 5已退款',
  `create_time` datetime NOT NULL COMMENT '创建时间',
  `update_time` datetime NULL DEFAULT NULL COMMENT '更新时间',
  `create_by` bigint NULL DEFAULT NULL COMMENT '创建人id',
  `update_by` bigint NULL DEFAULT NULL COMMENT '更新人id',
  `remark` varchar(255) CHARACTER SET utf8mb4 COLLATE utf8mb4_0900_ai_ci NULL DEFAULT NULL COMMENT '备注',
  `view_status` varchar(255) CHARACTER SET utf8mb4 COLLATE utf8mb4_0900_ai_ci NULL DEFAULT '0' COMMENT '是否可见 0可见 1不可见',
  `order_no` varchar(50) CHARACTER SET utf8mb4 COLLATE utf8mb4_0900_ai_ci NULL DEFAULT NULL COMMENT '订单编号',
  `o_create_type` tinyint NULL DEFAULT NULL COMMENT '取消人类型 1前台 2后台',
  PRIMARY KEY (`id`) USING BTREE
) ENGINE = InnoDB AUTO_INCREMENT = 316 CHARACTER SET = utf8mb4 COLLATE = utf8mb4_0900_ai_ci COMMENT = '订单' ROW_FORMAT = DYNAMIC;

-- ----------------------------
-- Records of order
-- ----------------------------
INSERT INTO `order` VALUES (310, 1740316628899553280, 2, 0.01, NULL, NULL, 10, 84, 257, '2023-12-28 18:49:00', NULL, NULL, 3, '2023-12-28 18:19:52', '2023-12-28 18:50:00', 10, 1, NULL, '0', 'DD202312281819521', NULL);
INSERT INTO `order` VALUES (311, 1740316902875684864, 2, 0.01, NULL, NULL, 10, 84, 257, '2023-12-28 18:50:00', NULL, NULL, 3, '2023-12-28 18:20:58', '2023-12-28 18:51:00', 10, 1, NULL, '0', 'DD202312281820571', NULL);
INSERT INTO `order` VALUES (312, 1740317230400495616, 2, 0.01, NULL, NULL, 10, 84, 257, '2023-12-28 19:53:00', NULL, NULL, 1, '2023-12-28 18:22:16', '2023-12-28 18:22:16', 10, 10, NULL, '0', 'DD202312281822151', NULL);
INSERT INTO `order` VALUES (313, 1740317327507021824, 2, 0.01, NULL, NULL, 10, 84, 257, '2023-12-28 18:52:00', NULL, NULL, 3, '2023-12-28 18:22:39', '2023-12-28 18:53:00', 10, 1, NULL, '0', 'DD202312281822391', NULL);
INSERT INTO `order` VALUES (314, 1740317433018933248, 2, 0.01, NULL, NULL, 10, 84, 257, '2023-12-28 18:53:00', NULL, NULL, 5, '2023-12-28 18:23:04', '2023-12-28 18:23:05', 10, 10, NULL, '0', 'DD202312281823041', NULL);
INSERT INTO `order` VALUES (315, 1740319103496970240, 3, 0.01, NULL, NULL, 10, 84, 257, '2023-12-28 18:59:00', NULL, '不需要此项服务了', 4, '2023-12-28 18:29:42', '2023-12-28 18:29:49', 10, 10, NULL, '0', 'DD202312281829421', 1);

-- ----------------------------
-- Table structure for pay_channel
-- ----------------------------
DROP TABLE IF EXISTS `pay_channel`;
CREATE TABLE `pay_channel`  (
  `id` bigint NOT NULL COMMENT '主键',
  `channel_name` varchar(32) CHARACTER SET utf8mb4 COLLATE utf8mb4_unicode_ci NULL DEFAULT NULL COMMENT '通道名称',
  `channel_label` varchar(32) CHARACTER SET utf8mb4 COLLATE utf8mb4_unicode_ci NULL DEFAULT NULL COMMENT '通道唯一标记',
  `domain` varchar(255) CHARACTER SET utf8mb4 COLLATE utf8mb4_unicode_ci NULL DEFAULT NULL COMMENT '域名',
  `app_id` varchar(32) CHARACTER SET utf8mb3 COLLATE utf8mb3_bin NOT NULL COMMENT '商户appid',
  `public_key` varchar(2000) CHARACTER SET utf8mb3 COLLATE utf8mb3_bin NOT NULL COMMENT '支付公钥',
  `merchant_private_key` varchar(2000) CHARACTER SET utf8mb3 COLLATE utf8mb3_bin NOT NULL COMMENT '商户私钥',
  `other_config` varchar(1000) CHARACTER SET utf8mb4 COLLATE utf8mb4_unicode_ci NULL DEFAULT NULL COMMENT '其他配置',
  `encrypt_key` varchar(255) CHARACTER SET utf8mb4 COLLATE utf8mb4_0900_ai_ci NULL DEFAULT NULL COMMENT 'AES混淆密钥',
  `notify_url` varchar(255) CHARACTER SET utf8mb4 COLLATE utf8mb4_unicode_ci NULL DEFAULT NULL COMMENT '回调地址',
  `enable_flag` varchar(10) CHARACTER SET utf8mb4 COLLATE utf8mb4_unicode_ci NULL DEFAULT NULL COMMENT '是否有效',
  `enterprise_id` bigint NULL DEFAULT NULL COMMENT '商户ID【系统内部识别使用】',
  `create_time` datetime NOT NULL COMMENT '创建时间',
  `update_time` datetime NULL DEFAULT NULL COMMENT '更新时间',
  `create_by` bigint NULL DEFAULT NULL COMMENT '创建人id',
  `update_by` bigint NULL DEFAULT NULL COMMENT '更新人id',
  `remark` varchar(255) CHARACTER SET utf8mb4 COLLATE utf8mb4_0900_ai_ci NULL DEFAULT NULL COMMENT '备注',
  PRIMARY KEY (`id`) USING BTREE
) ENGINE = InnoDB CHARACTER SET = utf8mb4 COLLATE = utf8mb4_unicode_ci COMMENT = '交易渠道表' ROW_FORMAT = DYNAMIC;

-- ----------------------------
-- Records of pay_channel
-- ----------------------------

-- ----------------------------
-- Table structure for pending_tasks
-- ----------------------------
DROP TABLE IF EXISTS `pending_tasks`;
CREATE TABLE `pending_tasks`  (
  `id` bigint NOT NULL AUTO_INCREMENT COMMENT '主键',
  `code` varchar(255) CHARACTER SET utf8mb4 COLLATE utf8mb4_unicode_ci NULL DEFAULT NULL COMMENT '编号',
  `title` varchar(255) CHARACTER SET utf8mb4 COLLATE utf8mb4_unicode_ci NULL DEFAULT NULL COMMENT '标题',
  `type` tinyint NULL DEFAULT NULL COMMENT '类型（1：退住，2：请假，3：入住）',
  `assignee` varchar(64) CHARACTER SET utf8mb4 COLLATE utf8mb4_unicode_ci NULL DEFAULT NULL COMMENT '操作人',
  `assignee_id` bigint NULL DEFAULT NULL COMMENT '操作人id',
  `status` tinyint NULL DEFAULT NULL COMMENT '状态（1：申请中，2:已完成，3:已关闭）',
  `application_time` datetime NULL DEFAULT NULL COMMENT '申请时间',
  `applicat` varchar(64) CHARACTER SET utf8mb4 COLLATE utf8mb4_unicode_ci NULL DEFAULT NULL COMMENT '申请人',
  `applicat_id` bigint NULL DEFAULT NULL COMMENT '申请人id',
  `finish_time` datetime NULL DEFAULT NULL COMMENT '完成时间',
  `is_handle` tinyint NULL DEFAULT NULL COMMENT '是否处理完成（0：未处理，1：已处理）',
  `create_time` datetime NULL DEFAULT NULL,
  `update_time` datetime NULL DEFAULT NULL,
  `create_by` bigint NULL DEFAULT NULL,
  `update_by` bigint NULL DEFAULT NULL,
  `step_no` int NULL DEFAULT NULL COMMENT '审核步骤（从0开始）',
  PRIMARY KEY (`id`) USING BTREE
) ENGINE = InnoDB AUTO_INCREMENT = 1137 CHARACTER SET = utf8mb4 COLLATE = utf8mb4_unicode_ci COMMENT = '待办任务表' ROW_FORMAT = DYNAMIC;

-- ----------------------------
-- Records of pending_tasks
-- ----------------------------

-- ----------------------------
-- Table structure for prepaid_recharge_record
-- ----------------------------
DROP TABLE IF EXISTS `prepaid_recharge_record`;
CREATE TABLE `prepaid_recharge_record`  (
  `id` bigint NOT NULL AUTO_INCREMENT COMMENT 'id',
  `recharge_amount` decimal(10, 2) NOT NULL COMMENT '充值金额（元）',
  `recharge_voucher` varchar(255) CHARACTER SET utf8mb4 COLLATE utf8mb4_0900_ai_ci NOT NULL COMMENT '充值凭证',
  `recharge_method` varchar(50) CHARACTER SET utf8mb4 COLLATE utf8mb4_0900_ai_ci NOT NULL COMMENT '充值方式',
  `elder_id` bigint NOT NULL COMMENT '老人ID',
  `prepaid_recharge_no` varchar(50) CHARACTER SET utf8mb4 COLLATE utf8mb4_0900_ai_ci NOT NULL DEFAULT '' COMMENT '预缴款编号',
  `create_time` datetime NOT NULL COMMENT '创建时间',
  `update_time` datetime NULL DEFAULT NULL COMMENT '更新时间',
  `create_by` bigint NULL DEFAULT NULL COMMENT '创建人id',
  `update_by` bigint NULL DEFAULT NULL COMMENT '更新人id',
  `remark` varchar(255) CHARACTER SET utf8mb4 COLLATE utf8mb4_0900_ai_ci NULL DEFAULT NULL COMMENT '备注',
  PRIMARY KEY (`id`) USING BTREE
) ENGINE = InnoDB AUTO_INCREMENT = 244 CHARACTER SET = utf8mb4 COLLATE = utf8mb4_0900_ai_ci COMMENT = '预交款充值记录表' ROW_FORMAT = DYNAMIC;

-- ----------------------------
-- Records of prepaid_recharge_record
-- ----------------------------
INSERT INTO `prepaid_recharge_record` VALUES (239, 645.00, 'https://yjy-slwl-oss.oss-cn-hangzhou.aliyuncs.com/a9d1d3d5-8ca8-4df5-8bb4-0b1e317fb6dd.png', '支付宝', 266, 'YJ202312281804061', '2023-12-28 18:04:06', '2023-12-28 18:04:06', 1671403256519078245, NULL, '补缴');
INSERT INTO `prepaid_recharge_record` VALUES (240, 700.00, 'https://yjy-slwl-oss.oss-cn-hangzhou.aliyuncs.com/02c9eec6-91ac-43e4-afbc-a59e356d6f7c.png', '现金', 265, 'YJ202312281804561', '2023-12-28 18:04:56', '2023-12-28 18:04:56', 1671403256519078245, NULL, '补缴钱');
INSERT INTO `prepaid_recharge_record` VALUES (241, 194.00, 'https://yjy-slwl-oss.oss-cn-hangzhou.aliyuncs.com/d574fadd-24ba-4ea6-991b-efc49b6d67f7.png', '支付宝', 261, 'YJ202312281805551', '2023-12-28 18:05:56', '2023-12-28 18:05:56', 1671403256519078245, NULL, '补缴钱');
INSERT INTO `prepaid_recharge_record` VALUES (242, 532.00, 'https://yjy-slwl-oss.oss-cn-hangzhou.aliyuncs.com/7ed285ce-0575-4c20-b208-4b4c60d31e39.png', '现金', 263, 'YJ202312281806331', '2023-12-28 18:06:34', '2023-12-28 18:06:34', 1671403256519078245, NULL, '补缴');
INSERT INTO `prepaid_recharge_record` VALUES (243, 484.00, 'https://yjy-slwl-oss.oss-cn-hangzhou.aliyuncs.com/befba015-561f-49f6-b12c-3561cb342c7b.png', '网银', 264, 'YJ202312281807081', '2023-12-28 18:07:09', '2023-12-28 18:07:09', 1671403256519078245, NULL, '交差的钱');

-- ----------------------------
-- Table structure for refund_record
-- ----------------------------
DROP TABLE IF EXISTS `refund_record`;
CREATE TABLE `refund_record`  (
  `id` bigint NOT NULL AUTO_INCREMENT COMMENT '主键',
  `trading_order_no` bigint NULL DEFAULT NULL COMMENT '交易系统订单号【对于三方来说：商户订单】',
  `product_order_no` bigint NULL DEFAULT NULL COMMENT '业务系统订单号',
  `refund_no` bigint NULL DEFAULT NULL COMMENT '本次退款订单号',
  `enterprise_id` bigint NULL DEFAULT NULL COMMENT '商户号',
  `trading_channel` varchar(32) CHARACTER SET utf8mb4 COLLATE utf8mb4_0900_ai_ci NULL DEFAULT NULL COMMENT '退款渠道【支付宝、微信、现金】',
  `refund_status` int NULL DEFAULT NULL COMMENT '退款状态：0-未知错误 1-退款中，2-成功, 3-失败',
  `refund_code` varchar(80) CHARACTER SET utf8mb3 COLLATE utf8mb3_general_ci NULL DEFAULT NULL COMMENT '返回编码',
  `refund_msg` text CHARACTER SET utf8mb3 COLLATE utf8mb3_general_ci NULL COMMENT '返回信息',
  `memo` varchar(255) CHARACTER SET utf8mb3 COLLATE utf8mb3_general_ci NULL DEFAULT NULL COMMENT '备注【订单门店，桌台信息】',
  `refund_amount` decimal(12, 2) NOT NULL COMMENT '本次退款金额',
  `total` decimal(12, 2) NULL DEFAULT NULL COMMENT '原订单金额',
  `create_time` datetime NOT NULL COMMENT '创建时间',
  `update_time` datetime NULL DEFAULT NULL COMMENT '更新时间',
  `create_by` bigint NULL DEFAULT NULL COMMENT '创建人id',
  `update_by` bigint NULL DEFAULT NULL COMMENT '更新人id',
  `remark` varchar(255) CHARACTER SET utf8mb4 COLLATE utf8mb4_0900_ai_ci NULL DEFAULT NULL COMMENT '备注',
  `create_type` tinyint NULL DEFAULT NULL COMMENT '1 前台 2后台',
  PRIMARY KEY (`id`) USING BTREE,
  INDEX `trading_order_no`(`trading_order_no`) USING BTREE,
  INDEX `product_order_no`(`product_order_no`) USING BTREE,
  INDEX `refund_no`(`refund_no`) USING BTREE,
  INDEX `create_time`(`create_time`) USING BTREE,
  INDEX `refund_status`(`refund_status`) USING BTREE
) ENGINE = InnoDB AUTO_INCREMENT = 210 CHARACTER SET = utf8mb4 COLLATE = utf8mb4_unicode_ci COMMENT = '退款记录表' ROW_FORMAT = DYNAMIC;

-- ----------------------------
-- Records of refund_record
-- ----------------------------
INSERT INTO `refund_record` VALUES (205, 983, 983, NULL, NULL, NULL, 2, NULL, '2', '2', 235.49, NULL, '2023-12-28 18:05:21', '2023-12-28 18:05:21', 1671403256519078245, NULL, '退款清算', 2);
INSERT INTO `refund_record` VALUES (206, 979, 979, NULL, NULL, NULL, 2, NULL, '3', '1', 97.23, NULL, '2023-12-28 18:05:58', '2023-12-28 18:05:58', 1671403256519078245, NULL, '退款清算', 2);
INSERT INTO `refund_record` VALUES (207, 981, 981, NULL, NULL, NULL, 2, NULL, '2', '2', 177.16, NULL, '2023-12-28 18:06:36', '2023-12-28 18:06:36', 1671403256519078245, NULL, '退款清算', 2);
INSERT INTO `refund_record` VALUES (208, 982, 982, NULL, NULL, NULL, 2, NULL, '3', '1', 242.07, NULL, '2023-12-28 18:07:10', '2023-12-28 18:07:10', 1671403256519078245, NULL, '退款清算', 2);
INSERT INTO `refund_record` VALUES (209, 1740317433018933248, 314, -9014101332158641622, 1561414331, '小程序支付', 2, '200', '网关请求成功', '人力不足', 0.01, NULL, '2023-12-28 18:23:33', '2023-12-28 18:24:00', 1671403256519078240, 1, '人力不足', 2);

-- ----------------------------
-- Table structure for reservation
-- ----------------------------
DROP TABLE IF EXISTS `reservation`;
CREATE TABLE `reservation`  (
  `id` bigint NOT NULL AUTO_INCREMENT COMMENT '主键ID',
  `name` varchar(50) CHARACTER SET utf8mb4 COLLATE utf8mb4_0900_ai_ci NOT NULL COMMENT '预约人姓名',
  `mobile` varchar(20) CHARACTER SET utf8mb4 COLLATE utf8mb4_0900_ai_ci NOT NULL COMMENT '预约人手机号',
  `time` datetime NOT NULL COMMENT '预约时间',
  `visitor` varchar(50) CHARACTER SET utf8mb4 COLLATE utf8mb4_0900_ai_ci NOT NULL COMMENT '探访人',
  `type` int NOT NULL COMMENT '预约类型，0：参观预约，1：探访预约',
  `status` int NOT NULL COMMENT '预约状态，0：待报道，1：已完成，2：取消，3：过期',
  `create_time` datetime NOT NULL COMMENT '创建时间',
  `update_time` datetime NULL DEFAULT NULL COMMENT '更新时间',
  `create_by` bigint NULL DEFAULT NULL COMMENT '创建人id',
  `update_by` bigint NULL DEFAULT NULL COMMENT '更新人id',
  `remark` varchar(255) CHARACTER SET utf8mb4 COLLATE utf8mb4_0900_ai_ci NULL DEFAULT NULL COMMENT '备注',
  PRIMARY KEY (`id`) USING BTREE,
  UNIQUE INDEX `name_mobile_time_visitor`(`mobile`, `time`) USING BTREE
) ENGINE = InnoDB AUTO_INCREMENT = 296 CHARACTER SET = utf8mb4 COLLATE = utf8mb4_0900_ai_ci COMMENT = '预约信息表' ROW_FORMAT = DYNAMIC;

-- ----------------------------
-- Records of reservation
-- ----------------------------
INSERT INTO `reservation` VALUES (279, '张家容', '13101254566', '2024-01-02 09:30:00', '张丽', 0, 3, '2023-12-28 17:47:57', '2023-12-28 17:47:57', 9, NULL, NULL);
INSERT INTO `reservation` VALUES (280, '陈宇福', '13214587899', '2024-01-06 11:00:00', '陈俊达', 0, 3, '2023-12-28 17:50:15', '2023-12-28 17:50:15', 9, NULL, NULL);
INSERT INTO `reservation` VALUES (281, '冯佳慧', '15101455266', '2024-01-16 13:30:00', '江俊生', 0, 3, '2023-12-28 17:52:02', '2023-12-28 17:52:02', 9, NULL, NULL);
INSERT INTO `reservation` VALUES (282, '林志平', '15214587433', '2024-01-20 10:30:00', '冯惠玲', 0, 0, '2023-12-28 17:52:50', '2023-12-28 17:52:50', 9, NULL, NULL);
INSERT INTO `reservation` VALUES (283, '叶于玟', '13201236544', '2024-02-02 12:00:00', '李美志', 0, 0, '2023-12-28 17:53:45', '2023-12-28 17:53:45', 9, NULL, NULL);
INSERT INTO `reservation` VALUES (284, '王学玉', '13104578468', '2024-02-10 15:30:00', '王志伟', 0, 0, '2023-12-28 17:54:57', '2023-12-28 17:54:57', 9, NULL, NULL);
INSERT INTO `reservation` VALUES (285, '黄静', '13601545688', '2024-01-25 10:00:00', '黄东贵', 0, 0, '2023-12-28 17:56:12', '2023-12-28 17:56:12', 9, NULL, NULL);
INSERT INTO `reservation` VALUES (286, '杨正信', '13601547899', '2024-02-06 13:00:00', '林柏燕', 0, 0, '2023-12-28 17:57:28', '2023-12-28 17:57:28', 9, NULL, NULL);
INSERT INTO `reservation` VALUES (287, '赵美玲', '13604512378', '2024-01-17 10:00:00', '吴世伟', 0, 3, '2023-12-28 17:58:38', '2023-12-28 17:58:38', 9, NULL, NULL);
INSERT INTO `reservation` VALUES (288, '弓百良', '17015256988', '2024-01-28 13:00:00', '黄国星', 0, 1, '2023-12-28 17:59:48', '2023-12-28 17:59:48', 9, 1671403256519078247, NULL);
INSERT INTO `reservation` VALUES (289, '林秋萍', '13101545699', '2024-01-05 10:00:00', '欧浩', 1, 3, '2023-12-28 18:04:34', '2023-12-28 18:04:34', 9, NULL, NULL);
INSERT INTO `reservation` VALUES (290, '王白木', '13614526366', '2024-01-10 13:00:00', '张峰', 1, 3, '2023-12-28 18:05:37', '2023-12-28 18:05:37', 9, NULL, NULL);
INSERT INTO `reservation` VALUES (291, '黄立启', '13645888789', '2024-01-20 15:00:00', '许峰', 1, 0, '2023-12-28 18:06:56', '2023-12-28 18:06:56', 9, NULL, NULL);
INSERT INTO `reservation` VALUES (292, '吴俊宁', '13114566668', '2024-01-18 11:30:00', '秦秀英', 1, 1, '2023-12-28 18:07:29', '2023-12-28 18:07:29', 9, 1671403256519078138, NULL);
INSERT INTO `reservation` VALUES (293, '王军', '13604124599', '2024-01-30 08:00:00', '王金龙', 1, 1, '2023-12-28 18:14:13', '2023-12-28 18:14:13', 9, 1671403256519078247, NULL);

-- ----------------------------
-- Table structure for retreat
-- ----------------------------
DROP TABLE IF EXISTS `retreat`;
CREATE TABLE `retreat`  (
  `id` bigint NOT NULL AUTO_INCREMENT COMMENT '主键',
  `retreat_code` varchar(255) CHARACTER SET utf8mb3 COLLATE utf8mb3_unicode_ci NULL DEFAULT NULL COMMENT '退住编号',
  `title` varchar(255) CHARACTER SET utf8mb4 COLLATE utf8mb4_0900_ai_ci NULL DEFAULT NULL COMMENT '标题',
  `elder_id` bigint NULL DEFAULT NULL COMMENT '老人id',
  `name` varchar(50) CHARACTER SET utf8mb4 COLLATE utf8mb4_0900_ai_ci NULL DEFAULT NULL COMMENT '姓名',
  `id_card_no` varchar(20) CHARACTER SET utf8mb4 COLLATE utf8mb4_0900_ai_ci NULL DEFAULT NULL COMMENT '身份证号',
  `phone` varchar(50) CHARACTER SET utf8mb4 COLLATE utf8mb4_0900_ai_ci NULL DEFAULT NULL COMMENT '联系方式',
  `address` varchar(255) CHARACTER SET utf8mb4 COLLATE utf8mb4_0900_ai_ci NULL DEFAULT NULL COMMENT '家庭住址',
  `check_in_start_time` datetime NULL DEFAULT NULL COMMENT '入住开始时间',
  `check_in_end_time` datetime NULL DEFAULT NULL COMMENT '入住结束时间',
  `cost_start_time` datetime NULL DEFAULT NULL COMMENT '费用开始时间',
  `cost_end_time` datetime NULL DEFAULT NULL COMMENT '费用结束时间',
  `nursing_level_name` varchar(50) CHARACTER SET utf8mb4 COLLATE utf8mb4_0900_ai_ci NULL DEFAULT NULL COMMENT '护理等级',
  `bed_number` varchar(200) CHARACTER SET utf8mb4 COLLATE utf8mb4_0900_ai_ci NULL DEFAULT NULL COMMENT '入住床位',
  `contract_name` varchar(50) CHARACTER SET utf8mb4 COLLATE utf8mb4_0900_ai_ci NULL DEFAULT NULL COMMENT '签约合同',
  `contract_url` varchar(255) CHARACTER SET utf8mb4 COLLATE utf8mb4_0900_ai_ci NULL DEFAULT NULL COMMENT '合同URL',
  `contract_no` varchar(100) CHARACTER SET utf8mb4 COLLATE utf8mb4_0900_ai_ci NULL DEFAULT NULL COMMENT '合同编号',
  `nursing_name` varchar(20) CHARACTER SET utf8mb4 COLLATE utf8mb4_0900_ai_ci NULL DEFAULT NULL COMMENT '护理员名称',
  `check_out_time` datetime NULL DEFAULT NULL COMMENT '退住时间',
  `reason` varchar(255) CHARACTER SET utf8mb4 COLLATE utf8mb4_0900_ai_ci NULL DEFAULT NULL COMMENT '退住原因',
  `remark` varchar(255) CHARACTER SET utf8mb4 COLLATE utf8mb4_0900_ai_ci NULL DEFAULT NULL COMMENT '备注',
  `applicat` varchar(20) CHARACTER SET utf8mb4 COLLATE utf8mb4_0900_ai_ci NULL DEFAULT NULL COMMENT '申请人',
  `applicat_id` bigint NULL DEFAULT NULL COMMENT '申请人id',
  `dept_no` varchar(100) CHARACTER SET utf8mb4 COLLATE utf8mb4_0900_ai_ci NULL DEFAULT NULL COMMENT '申请人部门编号',
  `create_time` datetime NULL DEFAULT NULL COMMENT '申请时间',
  `update_time` datetime NULL DEFAULT NULL COMMENT '更新时间',
  `create_by` bigint NULL DEFAULT NULL COMMENT '创建人id',
  `update_by` bigint NULL DEFAULT NULL COMMENT '更新人id',
  PRIMARY KEY (`id`) USING BTREE
) ENGINE = InnoDB AUTO_INCREMENT = 240 CHARACTER SET = utf8mb4 COLLATE = utf8mb4_0900_ai_ci COMMENT = '退住表' ROW_FORMAT = DYNAMIC;

-- ----------------------------
-- Records of retreat
-- ----------------------------
INSERT INTO `retreat` VALUES (235, 'TZ202312281804171', '秦志强的退住申请', 266, '秦志强', '410603198704251036', '15000000000', '幸福大街', '2023-12-28 00:00:00', '2024-12-28 23:59:59', '2023-12-28 00:00:00', '2024-09-28 23:59:59', '三级护理等级', '507-1', '入住合同', 'https://yjy-slwl-oss.oss-cn-hangzhou.aliyuncs.com/ce3534a3-eff6-40f6-b64a-8e63b7ccc69a.pdf', 'HT202312281801171', '', '2023-12-31 23:59:59', '老人个人原因', NULL, '阮建安', 1671403256519078245, '100001005001000', '2023-12-28 18:04:17', NULL, 1671403256519078245, NULL);
INSERT INTO `retreat` VALUES (236, 'TZ202312281805211', '宋美丽的退住申请', 265, '宋美丽', '420608196209252086', '15111111111', '快乐小区', '2023-12-28 00:00:00', '2024-12-28 23:59:59', '2023-12-28 00:00:00', '2024-07-28 23:59:59', '特级护理等级', '204-1', '入住合同', 'https://yjy-slwl-oss.oss-cn-hangzhou.aliyuncs.com/b3dfe80b-0814-452e-8fa5-f5cdfa9d9e03.pdf', 'HT202312281759291', '', '2023-12-30 23:59:59', '费用高昂', NULL, '阮建安', 1671403256519078245, '100001005001000', '2023-12-28 18:05:21', NULL, 1671403256519078245, NULL);
INSERT INTO `retreat` VALUES (237, 'TZ202312281805571', '撒爱国的退住申请', 261, '撒爱国', '110507194306251039', '18555555555', '幸福社区', '2023-12-28 00:00:00', '2024-12-28 23:59:59', '2023-12-28 00:00:00', '2024-12-28 23:59:59', '三级护理等级', '303-1', '入住合同', 'https://yjy-slwl-oss.oss-cn-hangzhou.aliyuncs.com/5e9a01de-af59-49bd-a82e-7073731d984b.pdf', 'HT202312281749391', '', '2023-12-29 23:59:59', '老人个人原因', NULL, '阮建安', 1671403256519078245, '100001005001000', '2023-12-28 18:05:57', NULL, 1671403256519078245, NULL);
INSERT INTO `retreat` VALUES (238, 'TZ202312281806361', '金爱英的退住申请', 263, '金爱英', '410307198604262026', '13666666666', '快乐大街', '2023-12-28 00:00:00', '2024-12-28 23:59:59', '2023-12-28 00:00:00', '2024-12-28 23:59:59', '三级护理等级', '304-1', '入住合同', 'https://yjy-slwl-oss.oss-cn-hangzhou.aliyuncs.com/732f59fb-c31b-4fde-a25b-b89486072556.pdf', 'HT202312281753261', '', '2023-12-30 23:59:59', '违规退住', NULL, '阮建安', 1671403256519078245, '100001005001000', '2023-12-28 18:06:36', NULL, 1671403256519078245, NULL);
INSERT INTO `retreat` VALUES (239, 'TZ202312281807091', '朴傲的退住申请', 264, '朴傲', '410608194208266038', '18999999999', '幸福大街', '2023-12-28 00:00:00', '2024-12-28 23:59:59', '2023-12-28 00:00:00', '2024-12-28 23:59:59', '二级护理等级', '306-1', '入住合同', 'https://yjy-slwl-oss.oss-cn-hangzhou.aliyuncs.com/f3c5f1a0-a7c9-4d3b-b457-33718a5e7f4e.pdf', 'HT202312281757441', '', '2023-12-29 23:59:59', '老人个人原因', NULL, '阮建安', 1671403256519078245, '100001005001000', '2023-12-28 18:07:10', NULL, 1671403256519078245, NULL);

-- ----------------------------
-- Table structure for retreat_bill
-- ----------------------------
DROP TABLE IF EXISTS `retreat_bill`;
CREATE TABLE `retreat_bill`  (
  `id` bigint NOT NULL AUTO_INCREMENT COMMENT '主键',
  `retreat_id` bigint NULL DEFAULT NULL COMMENT '退住id',
  `bill_json` text CHARACTER SET utf8mb4 COLLATE utf8mb4_unicode_ci NULL COMMENT '账单json数据',
  `refund_voucher_url` varchar(255) CHARACTER SET utf8mb4 COLLATE utf8mb4_unicode_ci NULL DEFAULT NULL COMMENT '退款凭证URL',
  `trading_channel` varchar(255) CHARACTER SET utf8mb4 COLLATE utf8mb4_unicode_ci NULL DEFAULT NULL COMMENT '支付渠道',
  `elder_id` bigint NULL DEFAULT NULL COMMENT '老人ID',
  `refund_amount` decimal(10, 2) NULL DEFAULT NULL COMMENT '退款金额',
  `create_time` datetime NULL DEFAULT NULL COMMENT '创建时间',
  `update_time` datetime NULL DEFAULT NULL COMMENT '更新时间',
  `create_by` bigint NULL DEFAULT NULL COMMENT '创建人',
  `update_by` bigint NULL DEFAULT NULL COMMENT '更新人',
  `remark` varchar(255) CHARACTER SET utf8mb4 COLLATE utf8mb4_unicode_ci NULL DEFAULT NULL COMMENT '备注',
  PRIMARY KEY (`id`) USING BTREE
) ENGINE = InnoDB AUTO_INCREMENT = 161 CHARACTER SET = utf8mb4 COLLATE = utf8mb4_unicode_ci COMMENT = '退住账单' ROW_FORMAT = DYNAMIC;

-- ----------------------------
-- Records of retreat_bill
-- ----------------------------
INSERT INTO `retreat_bill` VALUES (156, 235, '{\"dueBackList\":[],\"arrearageList\":[{\"code\":\"ZD202312281801171\",\"type\":0,\"billMonth\":\"2023-12\",\"amount\":0.16}],\"balanceVo\":{\"id\":\"125\",\"createTime\":\"2023-12-28 18:01:18\",\"createDay\":null,\"updateTime\":\"2023-12-28 18:04:06\",\"createBy\":\"1671403256519078243\",\"updateBy\":\"1671403256519078245\",\"dataState\":null,\"remark\":null,\"createType\":null,\"creator\":null,\"adminCreator\":null,\"memberCreator\":null,\"updater\":null,\"prepaidBalance\":0,\"depositAmount\":0,\"arrearsAmount\":0,\"paymentDeadline\":null,\"status\":0,\"elderId\":\"266\",\"elderName\":\"秦志强\",\"bedNo\":\"507-1\",\"description\":null},\"unpaidList\":[]}', NULL, NULL, 266, 0.00, '2023-12-28 18:04:17', '2023-12-28 18:04:17', 1671403256519078245, NULL, NULL);
INSERT INTO `retreat_bill` VALUES (157, 236, '{\"dueBackList\":[{\"code\":\"ZD202312281759291\",\"type\":0,\"billMonth\":\"2023-12\",\"amount\":3.23,\"nursingName\":null,\"realAmount\":null,\"remark\":null,\"tradingOrderNo\":null,\"surplusDay\":null,\"realDay\":3,\"dueBackDay\":1}],\"arrearageList\":[],\"balanceVo\":{\"id\":\"124\",\"createTime\":\"2023-12-28 17:59:29\",\"createDay\":null,\"updateTime\":\"2023-12-28 18:04:56\",\"createBy\":\"1671403256519078243\",\"updateBy\":\"1671403256519078245\",\"dataState\":null,\"remark\":null,\"createType\":null,\"creator\":null,\"adminCreator\":null,\"memberCreator\":null,\"updater\":null,\"prepaidBalance\":0,\"depositAmount\":0,\"arrearsAmount\":0,\"paymentDeadline\":null,\"status\":0,\"elderId\":\"265\",\"elderName\":\"宋美丽\",\"bedNo\":\"204-1\",\"description\":null},\"unpaidList\":[]}', 'https://yjy-slwl-oss.oss-cn-hangzhou.aliyuncs.com/7ab28cb8-ece5-4dc7-b8c1-fe63f917f7ab.png', '支付宝', 265, 3.00, '2023-12-28 18:05:21', '2023-12-28 18:05:21', 1671403256519078245, NULL, '退多交的钱');
INSERT INTO `retreat_bill` VALUES (158, 237, '{\"dueBackList\":[{\"code\":\"ZD202312281749391\",\"type\":0,\"billMonth\":\"2023-12\",\"amount\":0.45,\"nursingName\":null,\"realAmount\":null,\"remark\":null,\"tradingOrderNo\":null,\"surplusDay\":null,\"realDay\":2,\"dueBackDay\":2}],\"arrearageList\":[],\"balanceVo\":{\"id\":\"120\",\"createTime\":\"2023-12-28 17:49:39\",\"createDay\":null,\"updateTime\":\"2023-12-28 18:05:56\",\"createBy\":\"1671403256519078243\",\"updateBy\":\"1671403256519078245\",\"dataState\":null,\"remark\":null,\"createType\":null,\"creator\":null,\"adminCreator\":null,\"memberCreator\":null,\"updater\":null,\"prepaidBalance\":0,\"depositAmount\":0,\"arrearsAmount\":0,\"paymentDeadline\":null,\"status\":0,\"elderId\":\"261\",\"elderName\":\"撒爱国\",\"bedNo\":\"303-1\",\"description\":null},\"unpaidList\":[]}', NULL, NULL, 261, 0.00, '2023-12-28 18:05:57', '2023-12-28 18:05:57', 1671403256519078245, NULL, NULL);
INSERT INTO `retreat_bill` VALUES (159, 238, '{\"dueBackList\":[],\"arrearageList\":[{\"code\":\"ZD202312281753261\",\"type\":0,\"billMonth\":\"2023-12\",\"amount\":0.26}],\"balanceVo\":{\"id\":\"122\",\"createTime\":\"2023-12-28 17:53:26\",\"createDay\":null,\"updateTime\":\"2023-12-28 18:06:34\",\"createBy\":\"1671403256519078243\",\"updateBy\":\"1671403256519078245\",\"dataState\":null,\"remark\":null,\"createType\":null,\"creator\":null,\"adminCreator\":null,\"memberCreator\":null,\"updater\":null,\"prepaidBalance\":0,\"depositAmount\":0,\"arrearsAmount\":0,\"paymentDeadline\":null,\"status\":0,\"elderId\":\"263\",\"elderName\":\"金爱英\",\"bedNo\":\"304-1\",\"description\":null},\"unpaidList\":[]}', NULL, NULL, 263, 0.00, '2023-12-28 18:06:36', '2023-12-28 18:06:36', 1671403256519078245, NULL, NULL);
INSERT INTO `retreat_bill` VALUES (160, 239, '{\"dueBackList\":[{\"code\":\"ZD202312281757441\",\"type\":0,\"billMonth\":\"2023-12\",\"amount\":0.13,\"nursingName\":null,\"realAmount\":null,\"remark\":null,\"tradingOrderNo\":null,\"surplusDay\":null,\"realDay\":2,\"dueBackDay\":2}],\"arrearageList\":[],\"balanceVo\":{\"id\":\"123\",\"createTime\":\"2023-12-28 17:57:45\",\"createDay\":null,\"updateTime\":\"2023-12-28 18:07:09\",\"createBy\":\"1671403256519078243\",\"updateBy\":\"1671403256519078245\",\"dataState\":null,\"remark\":null,\"createType\":null,\"creator\":null,\"adminCreator\":null,\"memberCreator\":null,\"updater\":null,\"prepaidBalance\":0,\"depositAmount\":0,\"arrearsAmount\":0,\"paymentDeadline\":null,\"status\":0,\"elderId\":\"264\",\"elderName\":\"朴傲\",\"bedNo\":\"306-1\",\"description\":null},\"unpaidList\":[]}', NULL, NULL, 264, 0.00, '2023-12-28 18:07:10', '2023-12-28 18:07:10', 1671403256519078245, NULL, NULL);

-- ----------------------------
-- Table structure for room
-- ----------------------------
DROP TABLE IF EXISTS `room`;
CREATE TABLE `room`  (
  `id` bigint NOT NULL AUTO_INCREMENT COMMENT '主键ID',
  `code` varchar(255) CHARACTER SET utf8mb4 COLLATE utf8mb4_0900_ai_ci NULL DEFAULT NULL COMMENT '房间编号',
  `sort` int NULL DEFAULT NULL COMMENT '排序号',
  `type_name` varchar(255) CHARACTER SET utf8mb4 COLLATE utf8mb4_0900_ai_ci NULL DEFAULT NULL COMMENT '房间类型名称',
  `floor_id` bigint NULL DEFAULT NULL COMMENT '楼层id',
  `create_time` datetime NULL DEFAULT NULL COMMENT '创建时间',
  `update_time` datetime NULL DEFAULT NULL COMMENT '更新时间',
  `is_deleted` tinyint(1) NULL DEFAULT 0 COMMENT '是否删除',
  `create_by` bigint NULL DEFAULT NULL COMMENT '创建人id',
  `update_by` bigint NULL DEFAULT NULL COMMENT '更新人id',
  `remark` varchar(255) CHARACTER SET utf8mb4 COLLATE utf8mb4_0900_ai_ci NULL DEFAULT NULL COMMENT '备注',
  PRIMARY KEY (`id`) USING BTREE,
  UNIQUE INDEX `code`(`code`) USING BTREE
) ENGINE = InnoDB AUTO_INCREMENT = 137 CHARACTER SET = utf8mb4 COLLATE = utf8mb4_0900_ai_ci COMMENT = '房间表' ROW_FORMAT = DYNAMIC;

-- ----------------------------
-- Records of room
-- ----------------------------
INSERT INTO `room` VALUES (79, '101', 1, '特护房', 403, '2023-12-28 16:09:47', '2023-12-28 16:09:47', 0, 1671403256519078239, 1671403256519078239, NULL);
INSERT INTO `room` VALUES (80, '102', 2, '普通双人间', 403, '2023-12-28 16:11:21', '2023-12-28 16:11:21', 0, 1671403256519078239, 1671403256519078239, NULL);
INSERT INTO `room` VALUES (81, '103', 3, '普通单人间', 403, '2023-12-28 16:13:13', '2023-12-28 16:13:20', 0, 1671403256519078239, 1671403256519078239, NULL);
INSERT INTO `room` VALUES (82, '104', 4, '豪华双人间', 403, '2023-12-28 16:14:09', '2023-12-28 16:14:09', 0, 1671403256519078239, 1671403256519078239, NULL);
INSERT INTO `room` VALUES (83, '105', 5, '豪华单人间', 403, '2023-12-28 16:14:57', '2023-12-28 16:14:57', 0, 1671403256519078239, 1671403256519078239, NULL);
INSERT INTO `room` VALUES (84, '106', 6, '双人套房', 403, '2023-12-28 16:15:33', '2023-12-28 16:17:43', 0, 1671403256519078239, 1671403256519078239, NULL);
INSERT INTO `room` VALUES (85, '107', 7, '单人套房', 403, '2023-12-28 16:16:35', '2023-12-28 16:16:35', 0, 1671403256519078239, 1671403256519078239, NULL);
INSERT INTO `room` VALUES (86, '201', 1, '特护房', 404, '2023-12-28 16:18:26', '2023-12-28 16:18:26', 0, 1671403256519078239, 1671403256519078239, NULL);
INSERT INTO `room` VALUES (87, '202', 2, '普通双人间', 404, '2023-12-28 16:18:41', '2023-12-28 16:18:41', 0, 1671403256519078239, 1671403256519078239, NULL);
INSERT INTO `room` VALUES (88, '203', 3, '普通单人间', 404, '2023-12-28 16:18:56', '2023-12-28 16:18:56', 0, 1671403256519078239, 1671403256519078239, NULL);
INSERT INTO `room` VALUES (89, '204', 4, '豪华双人间', 404, '2023-12-28 16:19:11', '2023-12-28 16:19:11', 0, 1671403256519078239, 1671403256519078239, NULL);
INSERT INTO `room` VALUES (90, '205', 5, '豪华单人间', 404, '2023-12-28 16:19:22', '2023-12-28 16:19:22', 0, 1671403256519078239, 1671403256519078239, NULL);
INSERT INTO `room` VALUES (91, '206', 6, '双人套房', 404, '2023-12-28 16:19:35', '2023-12-28 16:19:35', 0, 1671403256519078239, 1671403256519078239, NULL);
INSERT INTO `room` VALUES (92, '207', 7, '单人套房', 404, '2023-12-28 16:19:48', '2023-12-28 16:19:48', 0, 1671403256519078239, 1671403256519078239, NULL);
INSERT INTO `room` VALUES (93, '301', 1, '特护房', 405, '2023-12-28 16:23:44', '2023-12-28 16:23:44', 0, 1671403256519078239, 1671403256519078239, NULL);
INSERT INTO `room` VALUES (94, '302', 2, '普通双人间', 405, '2023-12-28 16:23:58', '2023-12-28 16:23:58', 0, 1671403256519078239, 1671403256519078239, NULL);
INSERT INTO `room` VALUES (95, '303', 3, '普通单人间', 405, '2023-12-28 16:24:10', '2023-12-28 16:24:10', 0, 1671403256519078239, 1671403256519078239, NULL);
INSERT INTO `room` VALUES (96, '304', 4, '豪华双人间', 405, '2023-12-28 16:24:24', '2023-12-28 16:24:24', 0, 1671403256519078239, 1671403256519078239, NULL);
INSERT INTO `room` VALUES (97, '305', 5, '豪华单人间', 405, '2023-12-28 16:24:38', '2023-12-28 16:24:38', 0, 1671403256519078239, 1671403256519078239, NULL);
INSERT INTO `room` VALUES (98, '306', 6, '双人套房', 405, '2023-12-28 16:24:52', '2023-12-28 16:24:52', 0, 1671403256519078239, 1671403256519078239, NULL);
INSERT INTO `room` VALUES (99, '307', 7, '单人套房', 405, '2023-12-28 16:25:07', '2023-12-28 16:25:07', 0, 1671403256519078239, 1671403256519078239, NULL);
INSERT INTO `room` VALUES (100, '401', 1, '特护房', 406, '2023-12-28 16:27:56', '2023-12-28 16:27:56', 0, 1671403256519078239, 1671403256519078239, NULL);
INSERT INTO `room` VALUES (101, '402', 2, '普通双人间', 406, '2023-12-28 16:28:09', '2023-12-28 16:28:09', 0, 1671403256519078239, 1671403256519078239, NULL);
INSERT INTO `room` VALUES (102, '403', 3, '普通单人间', 406, '2023-12-28 16:28:23', '2023-12-28 16:28:23', 0, 1671403256519078239, 1671403256519078239, NULL);
INSERT INTO `room` VALUES (103, '404', 4, '豪华双人间', 406, '2023-12-28 16:28:36', '2023-12-28 16:28:36', 0, 1671403256519078239, 1671403256519078239, NULL);
INSERT INTO `room` VALUES (104, '405', 5, '豪华单人间', 406, '2023-12-28 16:28:51', '2023-12-28 16:28:51', 0, 1671403256519078239, 1671403256519078239, NULL);
INSERT INTO `room` VALUES (105, '406', 6, '双人套房', 406, '2023-12-28 16:29:02', '2023-12-28 16:29:02', 0, 1671403256519078239, 1671403256519078239, NULL);
INSERT INTO `room` VALUES (106, '407', 7, '单人套房', 406, '2023-12-28 16:29:15', '2023-12-28 16:29:15', 0, 1671403256519078239, 1671403256519078239, NULL);
INSERT INTO `room` VALUES (107, '501', 1, '特护房', 407, '2023-12-28 16:31:33', '2023-12-28 16:31:33', 0, 1671403256519078239, 1671403256519078239, NULL);
INSERT INTO `room` VALUES (108, '502', 2, '普通双人间', 407, '2023-12-28 16:31:43', '2023-12-28 16:31:43', 0, 1671403256519078239, 1671403256519078239, NULL);
INSERT INTO `room` VALUES (109, '503', 3, '普通单人间', 407, '2023-12-28 16:32:00', '2023-12-28 16:32:00', 0, 1671403256519078239, 1671403256519078239, NULL);
INSERT INTO `room` VALUES (111, '504', 4, '豪华双人间', 407, '2023-12-28 16:32:15', '2023-12-28 16:32:15', 0, 1671403256519078239, 1671403256519078239, NULL);
INSERT INTO `room` VALUES (112, '505', 5, '豪华单人间', 407, '2023-12-28 16:32:26', '2023-12-28 16:32:26', 0, 1671403256519078239, 1671403256519078239, NULL);
INSERT INTO `room` VALUES (113, '506', 6, '双人套房', 407, '2023-12-28 16:32:39', '2023-12-28 16:32:39', 0, 1671403256519078239, 1671403256519078239, NULL);
INSERT INTO `room` VALUES (114, '507', 7, '单人套房', 407, '2023-12-28 16:32:50', '2023-12-28 16:32:50', 0, 1671403256519078239, 1671403256519078239, NULL);
INSERT INTO `room` VALUES (115, '601', 1, '特护房', 408, '2023-12-28 16:35:47', '2023-12-28 16:35:47', 0, 1671403256519078239, 1671403256519078239, NULL);
INSERT INTO `room` VALUES (116, '602', 2, '普通双人间', 408, '2023-12-28 16:35:57', '2023-12-28 16:35:57', 0, 1671403256519078239, 1671403256519078239, NULL);
INSERT INTO `room` VALUES (117, '603', 3, '普通单人间', 408, '2023-12-28 16:36:07', '2023-12-28 16:36:07', 0, 1671403256519078239, 1671403256519078239, NULL);
INSERT INTO `room` VALUES (118, '604', 4, '豪华双人间', 408, '2023-12-28 16:36:21', '2023-12-28 16:37:07', 0, 1671403256519078239, 1671403256519078239, NULL);
INSERT INTO `room` VALUES (119, '605', 5, '豪华单人间', 408, '2023-12-28 16:36:33', '2023-12-28 16:37:13', 0, 1671403256519078239, 1671403256519078239, NULL);
INSERT INTO `room` VALUES (120, '606', 6, '双人套房', 408, '2023-12-28 16:37:21', '2023-12-28 16:37:47', 0, 1671403256519078239, 1671403256519078239, NULL);
INSERT INTO `room` VALUES (121, '607', 7, '单人套房', 408, '2023-12-28 16:37:34', '2023-12-28 16:37:34', 0, 1671403256519078239, 1671403256519078239, NULL);
INSERT INTO `room` VALUES (122, '701', 1, '特护房', 409, '2023-12-28 16:42:09', '2023-12-28 16:42:09', 0, 1671403256519078239, 1671403256519078239, NULL);
INSERT INTO `room` VALUES (123, '702', 2, '普通双人间', 409, '2023-12-28 16:42:16', '2023-12-28 16:42:16', 0, 1671403256519078239, 1671403256519078239, NULL);
INSERT INTO `room` VALUES (124, '703', 3, '普通单人间', 409, '2023-12-28 16:42:24', '2023-12-28 16:42:24', 0, 1671403256519078239, 1671403256519078239, NULL);
INSERT INTO `room` VALUES (125, '704', 4, '豪华双人间', 409, '2023-12-28 16:42:43', '2023-12-28 16:42:43', 0, 1671403256519078239, 1671403256519078239, NULL);
INSERT INTO `room` VALUES (126, '705', 5, '豪华单人间', 409, '2023-12-28 16:42:57', '2023-12-28 16:42:57', 0, 1671403256519078239, 1671403256519078239, NULL);
INSERT INTO `room` VALUES (127, '706', 6, '双人套房', 409, '2023-12-28 16:43:09', '2023-12-28 16:43:09', 0, 1671403256519078239, 1671403256519078239, NULL);
INSERT INTO `room` VALUES (128, '707', 7, '单人套房', 409, '2023-12-28 16:43:19', '2023-12-28 16:43:19', 0, 1671403256519078239, 1671403256519078239, NULL);
INSERT INTO `room` VALUES (129, '801', 1, '特护房', 410, '2023-12-28 16:46:28', '2023-12-28 16:46:28', 0, 1671403256519078239, 1671403256519078239, NULL);
INSERT INTO `room` VALUES (130, '802', 2, '普通双人间', 410, '2023-12-28 16:46:36', '2023-12-28 16:46:36', 0, 1671403256519078239, 1671403256519078239, NULL);
INSERT INTO `room` VALUES (131, '803', 3, '普通单人间', 410, '2023-12-28 16:46:43', '2023-12-28 16:46:43', 0, 1671403256519078239, 1671403256519078239, NULL);
INSERT INTO `room` VALUES (132, '804', 4, '豪华双人间', 410, '2023-12-28 16:46:56', '2023-12-28 16:46:56', 0, 1671403256519078239, 1671403256519078239, NULL);
INSERT INTO `room` VALUES (133, '805', 5, '豪华单人间', 410, '2023-12-28 16:47:07', '2023-12-28 16:47:07', 0, 1671403256519078239, 1671403256519078239, NULL);
INSERT INTO `room` VALUES (134, '806', 6, '双人套房', 410, '2023-12-28 16:47:15', '2023-12-28 16:47:15', 0, 1671403256519078239, 1671403256519078239, NULL);
INSERT INTO `room` VALUES (135, '807', 7, '单人套房', 410, '2023-12-28 16:47:24', '2023-12-28 16:47:24', 0, 1671403256519078239, 1671403256519078239, NULL);

-- ----------------------------
-- Table structure for room_type
-- ----------------------------
DROP TABLE IF EXISTS `room_type`;
CREATE TABLE `room_type`  (
  `id` bigint NOT NULL AUTO_INCREMENT COMMENT '主键ID',
  `name` varchar(50) CHARACTER SET utf8mb4 COLLATE utf8mb4_0900_ai_ci NOT NULL COMMENT '房型名称',
  `bed_count` int NOT NULL DEFAULT 0 COMMENT '床位数量',
  `price` decimal(10, 2) NOT NULL COMMENT '床位费用',
  `introduction` varchar(500) CHARACTER SET utf8mb4 COLLATE utf8mb4_0900_ai_ci NULL DEFAULT NULL COMMENT '介绍',
  `photo` varchar(255) CHARACTER SET utf8mb4 COLLATE utf8mb4_0900_ai_ci NULL DEFAULT NULL COMMENT '照片',
  `status` tinyint NOT NULL COMMENT '状态，0：禁用，1：启用',
  `create_time` datetime NOT NULL COMMENT '创建时间',
  `update_time` datetime NULL DEFAULT NULL COMMENT '更新时间',
  `create_by` bigint NULL DEFAULT NULL COMMENT '创建人id',
  `update_by` bigint NULL DEFAULT NULL COMMENT '更新人id',
  `remark` varchar(255) CHARACTER SET utf8mb4 COLLATE utf8mb4_0900_ai_ci NULL DEFAULT NULL COMMENT '备注',
  PRIMARY KEY (`id`) USING BTREE,
  UNIQUE INDEX `name`(`name`) USING BTREE
) ENGINE = InnoDB AUTO_INCREMENT = 119 CHARACTER SET = utf8mb4 COLLATE = utf8mb4_0900_ai_ci COMMENT = '房型表' ROW_FORMAT = DYNAMIC;

-- ----------------------------
-- Records of room_type
-- ----------------------------
INSERT INTO `room_type` VALUES (112, '单人套房', 0, 4000.00, '宽敞舒适的套房，配备独立卫生间和基本生活设施，满足独自居住的需求，提供私密性和舒适度', 'https://yjy-slwl-oss.oss-cn-hangzhou.aliyuncs.com/96022947-eed2-4f61-9a47-cead16268a4a.png', 1, '2023-12-28 15:54:31', '2023-12-28 15:54:31', 1671403256519078239, 1671403256519078239, NULL);
INSERT INTO `room_type` VALUES (113, '双人套房', 0, 6000.00, '适合夫妻或朋友两人居住的套房，设有独立卫生间和基本生活设施，提供共享空间和私密性', 'https://yjy-slwl-oss.oss-cn-hangzhou.aliyuncs.com/b2b3b270-c6f5-428a-a3d3-062a464a0cdf.png', 1, '2023-12-28 15:55:30', '2023-12-28 15:55:30', 1671403256519078239, 1671403256519078239, NULL);
INSERT INTO `room_type` VALUES (114, '豪华单人间', 0, 3000.00, '豪华装修的单人房间，提供舒适的居住环境和高品质的服务，设计精美，配备独立卫生间和必需设施', 'https://yjy-slwl-oss.oss-cn-hangzhou.aliyuncs.com/7a99e431-88c6-415e-91ee-d4fca75a3aad.png', 1, '2023-12-28 15:56:25', '2023-12-28 15:56:25', 1671403256519078239, 1671403256519078239, NULL);
INSERT INTO `room_type` VALUES (115, '豪华双人间', 0, 4500.00, '精心装修的双人房间，提供舒适和豪华的居住环境，配备独立卫生间和高品质的家具', 'https://yjy-slwl-oss.oss-cn-hangzhou.aliyuncs.com/f5246b64-a458-485c-90a4-83c9e1545b1f.png', 1, '2023-12-28 15:57:10', '2023-12-28 15:57:10', 1671403256519078239, 1671403256519078239, NULL);
INSERT INTO `room_type` VALUES (116, '普通单人间', 0, 2000.00, '简洁实用的单人房间，提供基本的居住设施和舒适度，适合独自居住的老年人，提供相对经济实惠的居住选择', 'https://yjy-slwl-oss.oss-cn-hangzhou.aliyuncs.com/4e23e7cb-bbf2-4610-8023-cda4393eb228.png', 1, '2023-12-28 15:58:02', '2023-12-28 15:58:02', 1671403256519078239, 1671403256519078239, NULL);
INSERT INTO `room_type` VALUES (117, '普通双人间', 0, 3500.00, '标准的双人房间，提供基本的舒适居住环境。配备共用卫生间和必要的家具', 'https://yjy-slwl-oss.oss-cn-hangzhou.aliyuncs.com/a9c06a37-14d7-44db-8baa-b76ec51f10e4.png', 1, '2023-12-28 16:03:11', '2023-12-28 16:07:39', 1671403256519078239, 1671403256519078239, NULL);
INSERT INTO `room_type` VALUES (118, '特护房', 0, 8000.00, '专为特殊护理需求设计的房间，配备个性化护理设施和服务，提供特别关注、监测和护理', 'https://yjy-slwl-oss.oss-cn-hangzhou.aliyuncs.com/8102c6cf-3010-4994-a808-d3b79a7451df.png', 1, '2023-12-28 16:08:12', '2023-12-28 16:08:12', 1671403256519078239, 1671403256519078239, NULL);

-- ----------------------------
-- Table structure for sys_dept
-- ----------------------------
DROP TABLE IF EXISTS `sys_dept`;
CREATE TABLE `sys_dept`  (
  `id` bigint NOT NULL AUTO_INCREMENT COMMENT '部门id',
  `parent_dept_no` varchar(20) CHARACTER SET utf8mb3 COLLATE utf8mb3_bin NOT NULL DEFAULT '0' COMMENT '父部门编号',
  `dept_no` varchar(20) CHARACTER SET utf8mb3 COLLATE utf8mb3_bin NOT NULL DEFAULT '0' COMMENT '部门编号:',
  `dept_name` varchar(30) CHARACTER SET utf8mb3 COLLATE utf8mb3_bin NOT NULL DEFAULT '' COMMENT '部门名称',
  `sort_no` int NOT NULL DEFAULT 0 COMMENT '排序',
  `data_state` char(1) CHARACTER SET utf8mb3 COLLATE utf8mb3_bin NOT NULL DEFAULT '0' COMMENT '数据状态（0正常 1停用）',
  `create_time` datetime NOT NULL COMMENT '创建时间',
  `update_time` datetime NULL DEFAULT NULL COMMENT '更新时间',
  `create_by` bigint NULL DEFAULT NULL COMMENT '创建者',
  `update_by` bigint NULL DEFAULT NULL COMMENT '更新者',
  `leader_id` bigint NULL DEFAULT NULL COMMENT '负责人Id',
  `remark` varchar(500) CHARACTER SET utf8mb3 COLLATE utf8mb3_bin NULL DEFAULT NULL COMMENT '备注',
  PRIMARY KEY (`id`) USING BTREE,
  UNIQUE INDEX `parent_dept_no_dept_name`(`parent_dept_no`, `dept_name`) USING BTREE
) ENGINE = InnoDB AUTO_INCREMENT = 1671445634122588459 CHARACTER SET = utf8mb3 COLLATE = utf8mb3_bin COMMENT = '部门表' ROW_FORMAT = DYNAMIC;

-- ----------------------------
-- Records of sys_dept
-- ----------------------------
INSERT INTO `sys_dept` VALUES (1662011013253304321, '100000000000000', '100001000000000', '智慧养老院', 1, '0', '2023-05-21 16:21:19', '2023-06-23 03:40:22', 1671403256519078138, 1671403256519078138, NULL, '');
INSERT INTO `sys_dept` VALUES (1671445634122588436, '100001000000000', '100001001000000', '院长办公室', 1, '0', '2023-12-28 10:58:25', '2024-05-24 17:31:44', 1671403256519078138, 1671403256519078138, NULL, '负责制定养老院规章制度、中心发展规划');
INSERT INTO `sys_dept` VALUES (1671445634122588437, '100001000000000', '100001002000000', '财务部', 2, '0', '2023-12-28 10:58:56', '2024-05-24 17:32:01', 1671403256519078138, 1671403256519078138, NULL, '负责建立健全养老院内部管理及资产管理制度');
INSERT INTO `sys_dept` VALUES (1671445634122588439, '100001002000000', '100001002002000', '结算组', 2, '0', '2023-12-28 10:59:23', '2023-12-28 10:59:23', 1671403256519078138, 1671403256519078138, NULL, '');
INSERT INTO `sys_dept` VALUES (1671445634122588440, '100001000000000', '100001003000000', '行政部', 3, '0', '2023-12-28 10:59:47', '2024-05-24 17:32:13', 1671403256519078138, 1671403256519078138, NULL, '负责各类信息的上传下达、做好院内部门之间的协同和沟通');
INSERT INTO `sys_dept` VALUES (1671445634122588441, '100001003000000', '100001003001000', '人事组', 1, '0', '2023-12-28 11:00:15', '2024-05-09 18:35:01', 1671403256519078138, 1671403256519078138, NULL, '');
INSERT INTO `sys_dept` VALUES (1671445634122588442, '100001000000000', '100001004000000', '后勤部', 4, '0', '2023-12-28 11:00:39', '2024-05-24 17:32:56', 1671403256519078138, 1671403256519078138, NULL, '负责制定工程部各系统设备的维修保养工作计划');
INSERT INTO `sys_dept` VALUES (1671445634122588443, '100001004000000', '100001004001000', '后勤组', 1, '0', '2023-12-28 11:00:53', '2023-12-28 11:20:20', 1671403256519078138, 1671403256519078138, NULL, '');
INSERT INTO `sys_dept` VALUES (1671445634122588445, '100001000000000', '100001005000000', '护理部', 5, '0', '2023-12-28 11:01:35', '2024-05-24 17:32:43', 1671403256519078138, 1671403256519078138, NULL, '负责制定日常生活照料的详细服务内容和工作流程');
INSERT INTO `sys_dept` VALUES (1671445634122588446, '100001005000000', '100001005001000', '护理组', 1, '0', '2023-12-28 11:01:51', '2023-12-28 11:01:51', 1671403256519078138, 1671403256519078138, NULL, '');
INSERT INTO `sys_dept` VALUES (1671445634122588447, '100001000000000', '100001006000000', '销售部', 6, '0', '2023-12-28 11:02:16', '2024-05-24 17:33:11', 1671403256519078138, 1671403256519078138, NULL, '全面负责客户服务中心的整体运营和管理');
INSERT INTO `sys_dept` VALUES (1671445634122588448, '100001006000000', '100001006001000', '销售组', 1, '0', '2023-12-28 11:02:25', '2023-12-28 11:02:25', 1671403256519078138, 1671403256519078138, NULL, '');
INSERT INTO `sys_dept` VALUES (1671445634122588449, '100001000000000', '100001007000000', '法务部', 7, '0', '2023-12-28 11:02:45', '2024-05-24 17:33:25', 1671403256519078138, 1671403256519078138, NULL, '负责妥善保管工作的合同专用章');
INSERT INTO `sys_dept` VALUES (1671445634122588450, '100001007000000', '100001007001000', '法务组', 1, '0', '2023-12-28 11:02:57', '2023-12-28 11:02:57', 1671403256519078138, 1671403256519078138, NULL, '');
INSERT INTO `sys_dept` VALUES (1671445634122588451, '100001000000000', '100001008000000', '售后部', 8, '0', '2023-12-28 11:03:17', '2024-05-24 17:33:39', 1671403256519078138, 1671403256519078138, NULL, '根据公司业务发展，优化客服中心的服务规范、标准流程和评估体系');
INSERT INTO `sys_dept` VALUES (1671445634122588452, '100001008000000', '100001008001000', '客服组', 1, '0', '2023-12-28 11:03:31', '2023-12-28 11:03:31', 1671403256519078138, 1671403256519078138, NULL, '');
INSERT INTO `sys_dept` VALUES (1671445634122588454, '100001001000000', '100001001002000', '院办组', 1, '0', '2024-01-10 19:32:51', '2024-05-24 17:31:20', 1671403256519078138, 1671403256519078138, NULL, '');

-- ----------------------------
-- Table structure for sys_post
-- ----------------------------
DROP TABLE IF EXISTS `sys_post`;
CREATE TABLE `sys_post`  (
  `id` bigint NOT NULL AUTO_INCREMENT COMMENT '岗位ID',
  `dept_no` varchar(20) CHARACTER SET utf8mb3 COLLATE utf8mb3_bin NOT NULL DEFAULT '0' COMMENT '部门编号',
  `post_no` varchar(22) CHARACTER SET utf8mb3 COLLATE utf8mb3_bin NOT NULL COMMENT '岗位编码：父部门编号+01【2位】',
  `post_name` varchar(50) CHARACTER SET utf8mb3 COLLATE utf8mb3_bin NOT NULL COMMENT '岗位名称',
  `sort_no` int NULL DEFAULT NULL COMMENT '显示顺序',
  `data_state` char(1) CHARACTER SET utf8mb3 COLLATE utf8mb3_bin NOT NULL DEFAULT '0' COMMENT '数据状态（0正常 1停用）',
  `create_time` datetime NOT NULL COMMENT '创建时间',
  `update_time` datetime NULL DEFAULT NULL COMMENT '更新时间',
  `remark` varchar(500) CHARACTER SET utf8mb3 COLLATE utf8mb3_bin NULL DEFAULT NULL COMMENT '备注',
  `create_by` bigint NULL DEFAULT NULL COMMENT '创建者',
  `update_by` bigint NULL DEFAULT NULL COMMENT '更新者',
  PRIMARY KEY (`id`) USING BTREE,
  UNIQUE INDEX `dept_no_post_name`(`dept_no`, `post_name`) USING BTREE
) ENGINE = InnoDB AUTO_INCREMENT = 1671446178337726706 CHARACTER SET = utf8mb3 COLLATE = utf8mb3_bin COMMENT = '岗位表' ROW_FORMAT = DYNAMIC;

-- ----------------------------
-- Records of sys_post
-- ----------------------------
INSERT INTO `sys_post` VALUES (1671446178337726678, '100001001002000', '100001001001000', '院长', NULL, '0', '2023-12-28 11:18:35', '2024-05-24 17:15:15', '负责院内所有事务管理', 1671403256519078138, 1671403256519078138);
INSERT INTO `sys_post` VALUES (1671446178337726679, '100001001002000', '100001001002000', '副院长', NULL, '0', '2023-12-28 11:18:40', '2024-05-24 17:14:39', '1）积极协助院长主持全院的日常行政管理工作，处理院内日常事务\n2）负责制定养老院规章制度、中心发展规划\n3）负责院内的财务、安全、行政监督工作，加强对财务的管理和严格审批票据\n4）负责入住、退住、请假流程节点审批\n5）定期参加护理工作，检查护理服务质量', 1671403256519078138, 1671403256519078138);
INSERT INTO `sys_post` VALUES (1671446178337726680, '100001002002000', '100001002002001', '结算主管', NULL, '0', '2023-12-28 11:21:11', '2024-05-25 15:04:21', '', 1671403256519078138, 1671403256519078138);
INSERT INTO `sys_post` VALUES (1671446178337726681, '100001002002000', '100001002002002', '结算员', NULL, '0', '2023-12-28 11:21:20', '2024-05-24 17:17:43', '1）负责建立健全养老院内部管理及资产管理制度\n\n2）做好入住老人费用价格的核定工作\n\n3）负责老人入住费用的收纳及押金收、退事宜\n\n4）负责保管好各类会计凭证、账目、报表及有关资料，不得丢失或损坏\n\n5）做好应收款的催还、入账工作', 1671403256519078138, 1671403256519078138);
INSERT INTO `sys_post` VALUES (1671446178337726682, '100001002002000', '100001002002003', '收费员', NULL, '0', '2023-12-28 11:21:25', '2023-12-28 11:21:25', NULL, 1671403256519078138, 1671403256519078138);
INSERT INTO `sys_post` VALUES (1671446178337726684, '100001003001000', '100001003001001', '采购员', NULL, '0', '2023-12-28 11:46:37', '2023-12-28 11:46:37', '', 1671403256519078138, 1671403256519078138);
INSERT INTO `sys_post` VALUES (1671446178337726685, '100001003001000', '100001003001002', '仓管', NULL, '0', '2023-12-28 11:46:42', '2023-12-28 11:46:42', NULL, 1671403256519078138, 1671403256519078138);
INSERT INTO `sys_post` VALUES (1671446178337726686, '100001003001000', '100001003001003', '前台接待', NULL, '0', '2023-12-28 11:46:49', '2024-05-24 17:18:47', '1）负责接听养老咨询电话，登记预约信息\n\n2）负责接待来访参观，登记来访信息，核销预约码，通知接待人员\n\n3）负责咨询和客户资料的整理', 1671403256519078138, 1671403256519078138);
INSERT INTO `sys_post` VALUES (1671446178337726687, '100001003001000', '100001003001004', '人事专员', NULL, '0', '2023-12-28 11:47:01', '2024-05-24 17:18:26', '1）负责建立健全各类规章制度，人力资源配置与动态管理\n\n2）负责员工账号管理，包含账号开通、禁用、启用、密码重置等\n\n3）负责人力资源统计和人事档案管理工作', 1671403256519078138, 1671403256519078138);
INSERT INTO `sys_post` VALUES (1671446178337726688, '100001003001000', '100001003001005', '行政专员', NULL, '0', '2023-12-28 11:47:10', '2024-05-24 17:18:35', '1）负责各类信息的上传下达、做好院内部门之间的协同和沟通\n\n2）负责养老院系统基础信息维护、建立，包含床位创建、服务创建等', 1671403256519078138, 1671403256519078138);
INSERT INTO `sys_post` VALUES (1671446178337726689, '100001003001000', '100001003001006', '行政主管', NULL, '0', '2023-12-28 11:47:19', '2024-05-25 15:04:11', NULL, 1671403256519078138, 1671403256519078138);
INSERT INTO `sys_post` VALUES (1671446178337726691, '100001004001000', '100001004001001', '厨工', NULL, '0', '2023-12-28 15:04:14', '2023-12-28 15:04:14', '', 1671403256519078138, 1671403256519078138);
INSERT INTO `sys_post` VALUES (1671446178337726692, '100001004001000', '100001004001002', '帮厨', NULL, '0', '2023-12-28 15:04:42', '2023-12-28 15:04:42', '', 1671403256519078138, 1671403256519078138);
INSERT INTO `sys_post` VALUES (1671446178337726693, '100001004001000', '100001004001003', '厨师', NULL, '0', '2023-12-28 15:05:14', '2023-12-28 15:05:14', '', 1671403256519078138, 1671403256519078138);
INSERT INTO `sys_post` VALUES (1671446178337726694, '100001004001000', '100001004001004', '维修工', NULL, '0', '2023-12-28 15:05:21', '2024-05-24 17:20:18', '1）保证养老院供电、供水、供气、供冷、供热设备安全运行以及排水设备的畅通，加强对机电设备的维修保养工作，杜绝跑、冒、滴、漏现象。\n\n2）负责养老院设施设备正常运行、维修、保养工作，确保养老院设施设备的完好率，保证养老院的正常经营。\n\n3）负责制定工程部各系统设备的维修保养工作计划，并保证这些计划的落实与实施。\n\n4）负责养老院内日常维修保养工作，包括但不限于智能设备、院内柜子、轮椅、门禁、卫生洁具等设施的维修保养工作\n\n5）负责管道、阀门、消防水龙头、消防栓、泵及其辅件的维修保养工作\n\n6）负责中控室消防设备的检查、试验，发现故障及时报修，并做好记录', 1671403256519078138, 1671403256519078138);
INSERT INTO `sys_post` VALUES (1671446178337726695, '100001004001000', '100001004001005', '保洁员', NULL, '0', '2023-12-28 15:05:28', '2024-05-25 15:05:24', NULL, 1671403256519078138, 1671403256519078138);
INSERT INTO `sys_post` VALUES (1671446178337726696, '100001004001000', '100001004001006', '保安', NULL, '0', '2023-12-28 15:05:33', '2023-12-28 15:05:33', NULL, 1671403256519078138, 1671403256519078138);
INSERT INTO `sys_post` VALUES (1671446178337726697, '100001004001000', '100001004001007', '后勤主管', NULL, '0', '2023-12-28 15:05:42', '2024-05-25 15:04:30', NULL, 1671403256519078138, 1671403256519078138);
INSERT INTO `sys_post` VALUES (1671446178337726698, '100001005001000', '100001005001001', '护理员', NULL, '0', '2023-12-28 15:06:35', '2024-05-24 17:19:04', '1）负责管理入住老人生活起居及个人卫生等相关的照料服务\n\n2）负责制定日常生活照料的详细服务内容和工作流程，并及时修订完善\n\n3）负责老人请假、销假申请，老人超时未归，电话通知老人家属\n\n4）按照退住流程为老人退住办理各项手续\n\n5）负责建立老人一人一档入院档案及出院和死亡老人档案的归档工作，取保档案资料齐全', 1671403256519078138, 1671403256519078138);
INSERT INTO `sys_post` VALUES (1671446178337726699, '100001005001000', '100001005001002', '护理主管', NULL, '0', '2023-12-28 15:06:51', '2024-05-25 15:04:39', NULL, 1671403256519078138, 1671403256519078138);
INSERT INTO `sys_post` VALUES (1671446178337726700, '100001006001000', '100001006001001', '养老顾问', NULL, '0', '2023-12-28 15:07:10', '2024-05-24 17:19:16', '1）负责开发老年客户资源，吸引老人入住养老院\n\n2）负责接待并陪同老人及家属参观养老院，推广并宣传养老院的户型、床位等\n\n3）负责老人入住及服务等级的评估，并及时与老人家属沟通确认\n\n3）协助老人办理入住手续，与客户签订养老服务合同\n\n4）客观、及时的反映客户的意见和建议，不断完善工作\n\n5）贯彻执行公司的各项政策及销售部各项规章制度\n\n6）搜集市场信息，对竞争项目的特点、价格、营销手段等情报进行调研分析\n\n7）负责欠费催缴通知', 1671403256519078138, 1671403256519078138);
INSERT INTO `sys_post` VALUES (1671446178337726701, '100001006001000', '100001006001002', '销售主管', NULL, '0', '2023-12-28 15:07:21', '2024-05-25 15:04:49', NULL, 1671403256519078138, 1671403256519078138);
INSERT INTO `sys_post` VALUES (1671446178337726702, '100001007001000', '100001007001001', '法务专员', NULL, '0', '2023-12-28 15:07:44', '2024-05-24 17:19:27', '1）负责妥善保管工作的合同专用章，严格依据价格政策及公司合同模版合同合同条款，确保销售合同的有效性和可执行性\n\n2）熟练掌握合同管理系统并根据相关制度对合同内容进行勾对、修改和变更\n\n3）负责与养老顾问沟通并及时处理因合同所发生的问题', 1671403256519078138, 1671403256519078138);
INSERT INTO `sys_post` VALUES (1671446178337726703, '100001007001000', '100001007001002', '法务主管', NULL, '0', '2023-12-28 15:08:04', '2024-05-25 15:04:55', NULL, 1671403256519078138, 1671403256519078138);
INSERT INTO `sys_post` VALUES (1671446178337726704, '100001008001000', '100001008001001', '客服专员', NULL, '0', '2023-12-28 15:08:24', '2024-05-24 17:19:42', '1）全面负责客户服务中心的整体运营和管理；\n\n2）根据公司年度战略目标，组织制定本部门年度工作计划；\n\n3）根据公司业务发展，优化客服中心的服务规范、标准流程和评估体系；\n\n4）负责带领部门员工与客户保持良好的沟通和联系，维护客户忠诚度，提升公司形象；\n\n5）全面掌握市场情况，了解竞争对手，分析客户需求，定期提交分析报告；\n\n6）完成上级领导交办的其他任务；\n\n7）负责接听客户的服务反馈，协助客户完成退款办理；', 1671403256519078138, 1671403256519078138);
INSERT INTO `sys_post` VALUES (1671446178337726705, '100001008001000', '100001008001002', '客服主管', NULL, '0', '2023-12-28 15:08:33', '2024-05-25 15:05:01', NULL, 1671403256519078138, 1671403256519078138);

-- ----------------------------
-- Table structure for sys_resource
-- ----------------------------
DROP TABLE IF EXISTS `sys_resource`;
CREATE TABLE `sys_resource`  (
  `id` bigint NOT NULL AUTO_INCREMENT COMMENT '资源ID',
  `resource_no` varchar(20) CHARACTER SET utf8mb3 COLLATE utf8mb3_bin NOT NULL DEFAULT '0' COMMENT '资源编号\r\n',
  `parent_resource_no` varchar(20) CHARACTER SET utf8mb3 COLLATE utf8mb3_bin NOT NULL DEFAULT '0' COMMENT '父资源编号',
  `resource_name` varchar(50) CHARACTER SET utf8mb3 COLLATE utf8mb3_bin NOT NULL COMMENT '资源名称',
  `resource_type` char(1) CHARACTER SET utf8mb3 COLLATE utf8mb3_bin NOT NULL DEFAULT '' COMMENT '资源类型：s平台 c目录 m菜单 r按钮',
  `request_path` varchar(200) CHARACTER SET utf8mb3 COLLATE utf8mb3_bin NOT NULL DEFAULT '' COMMENT '请求地址',
  `label` varchar(100) CHARACTER SET utf8mb3 COLLATE utf8mb3_bin NULL DEFAULT NULL COMMENT '权限标识',
  `data_state` char(1) CHARACTER SET utf8mb3 COLLATE utf8mb3_bin NOT NULL DEFAULT '0' COMMENT '数据状态（0正常 1停用）',
  `sort_no` int NULL DEFAULT 0 COMMENT '排序',
  `icon` varchar(100) CHARACTER SET utf8mb3 COLLATE utf8mb3_bin NULL DEFAULT '#' COMMENT '图标',
  `create_time` datetime NOT NULL COMMENT '创建时间',
  `update_time` datetime NULL DEFAULT NULL COMMENT '更新时间',
  `remark` varchar(500) CHARACTER SET utf8mb3 COLLATE utf8mb3_bin NULL DEFAULT '' COMMENT '备注',
  `create_by` bigint NULL DEFAULT NULL COMMENT '创建者',
  `update_by` bigint NULL DEFAULT NULL COMMENT '更新者',
  PRIMARY KEY (`id`) USING BTREE
) ENGINE = InnoDB AUTO_INCREMENT = 1671412314831598079 CHARACTER SET = utf8mb3 COLLATE = utf8mb3_bin COMMENT = '权限表' ROW_FORMAT = DYNAMIC;

-- ----------------------------
-- Records of sys_resource
-- ----------------------------
INSERT INTO `sys_resource` VALUES (1662379840570994690, '100001001000000', '100001000000000', '权限管理', 'm', 'permission', 'authority', '0', 9, 'user', '2023-05-24 12:46:54', '2023-07-05 21:15:20', '权限管理', 1671403256519078138, 1671403256519078006);
INSERT INTO `sys_resource` VALUES (1662379840570994691, '100001001001000', '100001001007000', '部门管理', 'm', '/permission/dept', 'dept', '0', 3, 'form', '2023-05-26 01:46:54', '2023-12-28 14:54:41', '部门管理', 1671403256519078138, 1671403256519078138);
INSERT INTO `sys_resource` VALUES (1662379840570994692, '100001001002000', '100001001007000', '职位管理', 'm', '/permission/post', 'post', '0', 4, 'chart', '2023-05-26 14:46:54', '2023-12-28 14:55:21', '职位管理', 1671403256519078138, 1671403256519078138);
INSERT INTO `sys_resource` VALUES (1662379840570994693, '100001001003000', '100001001007000', '菜单管理', 'm', '/permission/menu', 'resource', '0', 2, 'user', '2023-05-26 01:46:54', '2023-12-28 14:54:25', '资源管理', 1671403256519078138, 1671403256519078138);
INSERT INTO `sys_resource` VALUES (1662769279038128129, '100001001001001', '100001001001000', '新增部门', 'r', 'PUT/dept', 'PUT:dept', '0', 1, 'ioc', '2023-05-28 02:34:24', '2023-09-25 17:44:47', '部门新增', 1671403256519078138, 1671403256519078138);
INSERT INTO `sys_resource` VALUES (1662769637764366338, '100001001004000', '100001001007000', '角色管理', 'm', '/permission/role', 'role', '0', 1, 'component', '2023-05-27 16:35:49', '2023-12-28 14:54:15', '角色管理', 1671403256519078138, 1671403256519078138);
INSERT INTO `sys_resource` VALUES (1666647718849794049, '100001001001003', '100001001001000', '编辑', 'r', 'PATCH/dept', 'PATCH:dept', '0', 3, 'ioc', '2023-06-08 11:25:56', '2023-09-25 18:01:50', '部门修改', 1671403256519078138, 1671403256519078138);
INSERT INTO `sys_resource` VALUES (1666648004012134401, '100001001001004', '100001001001000', '部门树形', 'r', 'POST/dept/tree', 'POST:dept:tree', '0', 4, 'ioc', '2023-06-08 11:27:04', '2023-06-08 11:27:04', '部门树形', 1671403256519078138, 1671403256519078138);
INSERT INTO `sys_resource` VALUES (1666648675843166210, '100001001002001', '100001001002000', '新增职位', 'r', 'PUT/post', 'PUT:post', '0', 1, 'ioc', '2023-06-08 11:29:44', '2023-09-25 18:02:45', '职位新增', 1671403256519078138, 1671403256519078138);
INSERT INTO `sys_resource` VALUES (1666649178610192385, '100001001002003', '100001001002000', '编辑', 'r', 'PATCH/post', 'PATCH:post', '0', 3, 'ioc', '2023-06-08 11:31:44', '2023-09-25 18:03:59', '职位修改', 1671403256519078138, 1671403256519078138);
INSERT INTO `sys_resource` VALUES (1666688453502423041, '100001001004001', '100001001004000', '新增角色', 'r', 'PUT/role', 'PUT:role', '0', 1, 'ioc', '2023-06-08 14:07:48', '2023-09-25 17:30:36', '角色新增', 1671403256519078138, 1671403256519078138);
INSERT INTO `sys_resource` VALUES (1666688829291089922, '100001001004003', '100001001004000', '编辑', 'r', 'PATCH/role', 'PATCH:role', '0', 3, 'ioc', '2023-06-08 14:09:17', '2023-09-25 17:31:14', '角色修改', 1671403256519078138, 1671403256519078138);
INSERT INTO `sys_resource` VALUES (1671412314831597626, '100001000000000', '100000000000000', '智慧养老院', 'm', 'root', 'root', '0', 0, '#', '2023-05-26 16:46:54', '2023-05-26 16:46:54', '智慧养老院', 1671403256519078138, 1671403256519078138);
INSERT INTO `sys_resource` VALUES (1671412314831597654, '100001012000000', '100001000000000', '工作台', 'm', 'dashboard', NULL, '0', 1, 'hlrw', '2023-07-03 23:59:08', '2024-05-20 18:23:08', NULL, 1671403256519078006, 1671403256519078138);
INSERT INTO `sys_resource` VALUES (1671412314831597655, '100001012001000', '100001012000000', '工作台', 'm', '/dashboard/base', NULL, '0', 1, 'hlrw', '2023-07-05 01:59:48', '2023-12-15 17:14:47', NULL, 1671403256519078006, 1671403256519078138);
INSERT INTO `sys_resource` VALUES (1671412314831597656, '100001012001001', '100001012001000', '工作台', 'm', '/dashboard/base', NULL, '0', 1, 'hlrw', '2023-07-04 00:02:13', '2024-05-10 11:21:34', NULL, 1671403256519078006, 1671403256519078138);
INSERT INTO `sys_resource` VALUES (1671412314831597842, '100001001005000', '100001001006000', '用户信息', 'm', '/permission/user', 'user', '0', 1, 'user', '2023-09-25 16:31:14', '2023-12-28 14:53:51', '用户管理', 1671403256519078138, 1671403256519078138);
INSERT INTO `sys_resource` VALUES (1671412314831597843, '100001001006000', '100001001000000', '用户管理', 'm', '/permission/user', NULL, '0', 1, '', '2023-09-25 17:15:36', '2023-12-28 14:53:38', NULL, 1671403256519078138, 1671403256519078138);
INSERT INTO `sys_resource` VALUES (1671412314831597844, '100001001007000', '100001001000000', '权限配置', 'm', '/permission/role', 'role', '0', 2, 'component', '2023-09-25 17:20:20', '2023-12-28 14:54:04', '角色管理', 1671403256519078138, 1671403256519078138);
INSERT INTO `sys_resource` VALUES (1671412314831597845, '100001001005006', '100001001005000', '删除', 'r', 'DELETE/user/remove/{userId}', 'PATCH:user', '0', 3, 'ioc', '2023-09-25 17:23:36', '2023-12-28 15:56:27', '用户修改', 1671403256519078138, 1671403256519078138);
INSERT INTO `sys_resource` VALUES (1671412314831597846, '100001001005007', '100001001005000', '重置密码', 'r', 'POST/user/reset-passwords/{userId}', 'PATCH:user', '0', 3, 'ioc', '2023-09-25 17:24:11', '2023-12-28 15:56:40', '用户修改', 1671403256519078138, 1671403256519078138);
INSERT INTO `sys_resource` VALUES (1671412314831597847, '100001001005008', '100001001005000', '启用', 'r', 'PATCH/user', 'GET:user:current-user', '0', 5, 'ioc', '2023-09-25 17:26:40', '2023-09-25 17:26:40', '当前用户', 1671403256519078138, 1671403256519078138);
INSERT INTO `sys_resource` VALUES (1671412314831597849, '100001001004004', '100001001004000', '删除', 'r', 'DELETE/role/**', 'POST:role:list', '0', 4, 'ioc', '2023-09-25 17:33:00', '2023-09-25 17:33:00', '角色列表', 1671403256519078138, 1671403256519078138);
INSERT INTO `sys_resource` VALUES (1671412314831597850, '100001001004005', '100001001004000', '启用', 'r', 'PATCH/role', 'POST:role:list', '0', 4, 'ioc', '2023-09-25 17:33:21', '2023-09-25 17:33:21', '角色列表', 1671403256519078138, 1671403256519078138);
INSERT INTO `sys_resource` VALUES (1671412314831597851, '100001001004006', '100001001004000', '禁用', 'r', 'PATCH/role', 'POST:role:list', '0', 4, 'ioc', '2023-09-25 17:33:27', '2023-09-25 17:33:27', '角色列表', 1671403256519078138, 1671403256519078138);
INSERT INTO `sys_resource` VALUES (1671412314831597852, '100001001003001', '100001001003000', '菜单配置', 'r', 'PUT/resource', 'POST:resource:list', '0', 4, 'ioc', '2023-09-25 17:38:48', '2023-09-25 17:40:13', '资源列表', 1671403256519078138, 1671403256519078138);
INSERT INTO `sys_resource` VALUES (1671412314831597853, '100001001003002', '100001001003000', '菜单删除', 'r', 'DELETE/resource/{menuId}', 'POST:resource:list', '0', 4, 'ioc', '2023-09-25 17:39:09', '2023-12-28 16:08:51', '资源列表', 1671403256519078138, 1671403256519078138);
INSERT INTO `sys_resource` VALUES (1671412314831597854, '100001001003003', '100001001003000', '菜单禁用', 'r', 'POST/resource/enable', 'POST:resource:list', '0', 4, 'ioc', '2023-09-25 17:39:38', '2023-12-28 16:09:00', '资源列表', 1671403256519078138, 1671403256519078138);
INSERT INTO `sys_resource` VALUES (1671412314831597855, '100001001003004', '100001001003000', '菜单启用', 'r', 'POST/resource/enable', 'POST:resource:list', '0', 4, 'ioc', '2023-09-25 17:39:47', '2023-12-28 16:09:09', '资源列表', 1671403256519078138, 1671403256519078138);
INSERT INTO `sys_resource` VALUES (1671412314831597856, '100001001003005', '100001001003000', '菜单编辑', 'r', 'PATCH/resource', 'POST:resource:list', '0', 4, 'ioc', '2023-09-25 17:40:09', '2023-12-28 16:09:20', '资源列表', 1671403256519078138, 1671403256519078138);
INSERT INTO `sys_resource` VALUES (1671412314831597857, '100001001003006', '100001001003000', '按钮配置', 'r', 'PUT/resource', 'POST:resource:list', '0', 4, 'ioc', '2023-09-25 17:40:20', '2023-09-25 17:40:20', '资源列表', 1671403256519078138, 1671403256519078138);
INSERT INTO `sys_resource` VALUES (1671412314831597858, '100001001003007', '100001001003000', '按钮删除', 'r', 'DELETE/resource/{menuId}', 'POST:resource:list', '0', 4, 'ioc', '2023-09-25 17:40:35', '2023-12-28 16:09:41', '资源列表', 1671403256519078138, 1671403256519078138);
INSERT INTO `sys_resource` VALUES (1671412314831597859, '100001001003008', '100001001003000', '按钮启用', 'r', 'POST/resource/enable', 'POST:resource:list', '0', 4, 'ioc', '2023-09-25 17:40:52', '2023-12-28 16:09:52', '资源列表', 1671403256519078138, 1671403256519078138);
INSERT INTO `sys_resource` VALUES (1671412314831597860, '100001001003009', '100001001003000', '按钮禁用', 'r', 'POST/resource/enable', 'POST:resource:list', '0', 4, 'ioc', '2023-09-25 17:41:09', '2023-09-25 17:41:09', '资源列表', 1671403256519078138, 1671403256519078138);
INSERT INTO `sys_resource` VALUES (1671412314831597861, '100001001003010', '100001001003000', '按钮编辑', 'r', 'PATCH/resource', 'POST:resource:list', '0', 4, 'ioc', '2023-09-25 17:42:13', '2023-09-25 17:42:13', '资源列表', 1671403256519078138, 1671403256519078138);
INSERT INTO `sys_resource` VALUES (1671412314831597862, '100001001003011', '100001001003000', '菜单树形', 'r', 'POST/resource/tree', 'POST:resource:list', '0', 4, 'ioc', '2023-09-25 17:42:41', '2023-09-25 17:42:41', '资源列表', 1671403256519078138, 1671403256519078138);
INSERT INTO `sys_resource` VALUES (1671412314831597864, '100001001001007', '100001001001000', '删除部门', 'r', 'DELETE/dept/{deptId}', NULL, '0', NULL, NULL, '2023-09-25 18:01:40', '2023-12-28 16:10:31', NULL, 1671403256519078138, 1671403256519078138);
INSERT INTO `sys_resource` VALUES (1671412314831597865, '100001001001008', '100001001001000', '启用', 'r', 'PATCH/dept', 'PATCH:dept', '0', 3, 'ioc', '2023-09-25 18:02:10', '2023-09-25 18:02:10', '部门修改', 1671403256519078138, 1671403256519078138);
INSERT INTO `sys_resource` VALUES (1671412314831597866, '100001001001009', '100001001001000', '禁用', 'r', 'PATCH/dept', 'PATCH:dept', '0', 3, 'ioc', '2023-09-25 18:02:16', '2023-09-25 18:02:16', '部门修改', 1671403256519078138, 1671403256519078138);
INSERT INTO `sys_resource` VALUES (1671412314831597867, '100001001002004', '100001001002000', '删除', 'r', 'DELETE/post/{postIds}', 'PATCH:post', '0', 3, 'ioc', '2023-09-25 18:03:46', '2023-12-28 16:11:32', '职位修改', 1671403256519078138, 1671403256519078138);
INSERT INTO `sys_resource` VALUES (1671412314831597868, '100001001002005', '100001001002000', '启用', 'r', 'PATCH/post', 'PATCH:post', '0', 3, 'ioc', '2023-09-25 18:04:04', '2023-09-25 18:04:04', '职位修改', 1671403256519078138, 1671403256519078138);
INSERT INTO `sys_resource` VALUES (1671412314831597869, '100001001002006', '100001001002000', '禁用', 'r', 'PATCH/post', 'PATCH:post', '0', 3, 'ioc', '2023-09-25 18:04:10', '2023-09-25 18:04:10', '职位修改', 1671403256519078138, 1671403256519078138);
INSERT INTO `sys_resource` VALUES (1671412314831597959, '100001013000000', '100001000000000', '来访管理', 'm', 'appointment', NULL, '0', 2, '', '2023-12-28 11:34:59', '2023-12-28 11:34:59', NULL, 1671403256519078138, 1671403256519078138);
INSERT INTO `sys_resource` VALUES (1671412314831597960, '100001013001000', '100001013000000', '预约来访', 'm', 'appointment', NULL, '0', 1, '', '2023-12-28 11:35:21', '2023-12-28 11:36:12', NULL, 1671403256519078138, 1671403256519078138);
INSERT INTO `sys_resource` VALUES (1671412314831597961, '100001013001001', '100001013001000', '预约登记', 'm', '/appointment/subscribe', NULL, '0', 1, '', '2023-12-28 11:48:24', '2023-12-28 11:48:35', NULL, 1671403256519078138, 1671403256519078138);
INSERT INTO `sys_resource` VALUES (1671412314831597962, '100001013001002', '100001013001000', '来访登记', 'm', '/appointment/comeVisit', NULL, '0', 2, '', '2023-12-28 11:49:13', '2023-12-28 11:49:13', NULL, 1671403256519078138, 1671403256519078138);
INSERT INTO `sys_resource` VALUES (1671412314831597963, '100001014000000', '100001000000000', '入退管理', 'm', 'enterQuit', NULL, '0', 3, '', '2023-12-28 11:53:57', '2023-12-28 11:53:57', NULL, 1671403256519078138, 1671403256519078138);
INSERT INTO `sys_resource` VALUES (1671412314831597964, '100001014001000', '100001014000000', '入住管理', 'm', '/enterQuit/enterManage', NULL, '0', 1, '', '2023-12-28 11:54:20', '2023-12-28 11:54:20', NULL, 1671403256519078138, 1671403256519078138);
INSERT INTO `sys_resource` VALUES (1671412314831597965, '100001014001001', '100001014001000', '入住办理', 'm', '/enterQuit/enterManage', NULL, '0', 1, '', '2023-12-28 11:56:14', '2023-12-28 14:05:51', NULL, 1671403256519078138, 1671403256519078138);
INSERT INTO `sys_resource` VALUES (1671412314831597966, '100001014002000', '100001014000000', '退住管理', 'm', '/enterQuit/quitManage', NULL, '0', 2, '', '2023-12-28 11:57:10', '2023-12-28 13:58:10', NULL, 1671403256519078138, 1671403256519078138);
INSERT INTO `sys_resource` VALUES (1671412314831597967, '100001014002001', '100001014002000', '退住办理', 'm', '/enterQuit/quitManage', NULL, '0', 1, '', '2023-12-28 11:57:30', '2023-12-28 14:06:09', NULL, 1671403256519078138, 1671403256519078138);
INSERT INTO `sys_resource` VALUES (1671412314831597968, '100001015000000', '100001000000000', '在住管理', 'm', 'liveIn', NULL, '0', 4, '', '2023-12-28 11:58:07', '2023-12-28 13:50:35', NULL, 1671403256519078138, 1671403256519078138);
INSERT INTO `sys_resource` VALUES (1671412314831597969, '100001015001000', '100001015000000', '合同管理', 'm', '/liveIn/trackAfter', NULL, '0', 1, '', '2023-12-28 11:58:24', '2023-12-28 13:50:56', NULL, 1671403256519078138, 1671403256519078138);
INSERT INTO `sys_resource` VALUES (1671412314831597970, '100001015002000', '100001015000000', '床位管理', 'm', '/liveIn/houseType', NULL, '0', 2, '', '2023-12-28 11:58:46', '2023-12-28 13:51:33', NULL, 1671403256519078138, 1671403256519078138);
INSERT INTO `sys_resource` VALUES (1671412314831597971, '100001015001001', '100001015001000', '合同跟踪', 'm', '/liveIn/trackAfter', NULL, '0', 1, '', '2023-12-28 11:59:13', '2023-12-28 13:51:12', NULL, 1671403256519078138, 1671403256519078138);
INSERT INTO `sys_resource` VALUES (1671412314831597972, '100001015002001', '100001015002000', '床位房型', 'm', '/liveIn/houseType', NULL, '0', 1, '', '2023-12-28 11:59:46', '2023-12-28 13:51:45', NULL, 1671403256519078138, 1671403256519078138);
INSERT INTO `sys_resource` VALUES (1671412314831597973, '100001015002002', '100001015002000', '智能床位', 'm', '/liveIn/smartBed', NULL, '0', 2, '', '2023-12-28 13:52:23', '2023-12-28 13:52:23', NULL, 1671403256519078138, 1671403256519078138);
INSERT INTO `sys_resource` VALUES (1671412314831597974, '100001015002003', '100001015002000', '房型设置', 'm', '/liveIn/houseSet', NULL, '0', 3, '', '2023-12-28 13:52:56', '2023-12-28 13:52:56', NULL, 1671403256519078138, 1671403256519078138);
INSERT INTO `sys_resource` VALUES (1671412314831597975, '100001016000000', '100001000000000', '服务管理', 'm', 'serve', NULL, '0', 5, '', '2023-12-28 13:55:17', '2023-12-28 13:55:17', NULL, 1671403256519078138, 1671403256519078138);
INSERT INTO `sys_resource` VALUES (1671412314831597976, '100001016001000', '100001016000000', '护理计划', 'm', '/serve/grade', NULL, '0', 1, '', '2023-12-28 13:55:47', '2023-12-28 14:13:47', NULL, 1671403256519078138, 1671403256519078138);
INSERT INTO `sys_resource` VALUES (1671412314831597977, '100001016002000', '100001016000000', '护理任务', 'm', '/serve/oldPeople', NULL, '0', 2, '', '2023-12-28 13:56:12', '2023-12-28 14:13:57', NULL, 1671403256519078138, 1671403256519078138);
INSERT INTO `sys_resource` VALUES (1671412314831597978, '100001016001001', '100001016001000', '护理等级', 'm', '/serve/grade', NULL, '0', 1, '', '2023-12-28 13:59:30', '2023-12-28 14:09:07', NULL, 1671403256519078138, 1671403256519078138);
INSERT INTO `sys_resource` VALUES (1671412314831597979, '100001016001002', '100001016001000', '护理项目', 'm', '/serve/nurseProject', NULL, '0', 3, '', '2023-12-28 14:01:16', '2023-12-28 14:01:16', NULL, 1671403256519078138, 1671403256519078138);
INSERT INTO `sys_resource` VALUES (1671412314831597980, '100001016001003', '100001016001000', '护理计划', 'm', '/serve/nursePlan', NULL, '0', 2, '', '2023-12-28 14:01:59', '2023-12-28 14:02:11', NULL, 1671403256519078138, 1671403256519078138);
INSERT INTO `sys_resource` VALUES (1671412314831597981, '100001016002001', '100001016002000', '负责老人', 'm', '/serve/oldPeople', NULL, '0', 1, '', '2023-12-28 14:04:14', '2023-12-28 14:04:23', NULL, 1671403256519078138, 1671403256519078138);
INSERT INTO `sys_resource` VALUES (1671412314831597982, '100001016002002', '100001016002000', '任务安排', 'm', '/serve/arrange', NULL, '0', 2, '', '2023-12-28 14:05:03', '2023-12-28 14:05:07', NULL, 1671403256519078138, 1671403256519078138);
INSERT INTO `sys_resource` VALUES (1671412314831597983, '100001017000000', '100001000000000', '订单管理', 'm', 'order', NULL, '0', 6, '', '2023-12-28 14:14:42', '2023-12-28 14:14:42', NULL, 1671403256519078138, 1671403256519078138);
INSERT INTO `sys_resource` VALUES (1671412314831597984, '100001018000000', '100001000000000', '财务管理', 'm', 'finance', NULL, '0', 7, '', '2023-12-28 14:15:01', '2023-12-28 14:15:01', NULL, 1671403256519078138, 1671403256519078138);
INSERT INTO `sys_resource` VALUES (1671412314831597985, '100001019000000', '100001000000000', '客户管理', 'm', 'client', NULL, '0', 8, '', '2023-12-28 14:15:17', '2023-12-28 14:15:17', NULL, 1671403256519078138, 1671403256519078138);
INSERT INTO `sys_resource` VALUES (1671412314831597986, '100001020000000', '100001000000000', '智能监测', 'm', 'intelligence', 'user', '0', 10, 'user', '2023-12-28 14:20:33', '2023-12-28 14:20:33', '用户管理', 1671403256519078138, 1671403256519078138);
INSERT INTO `sys_resource` VALUES (1671412314831597987, '100001017001000', '100001017000000', '订单管理', 'm', 'order', NULL, '0', 1, '', '2023-12-28 14:33:28', '2023-12-28 14:33:44', NULL, 1671403256519078138, 1671403256519078138);
INSERT INTO `sys_resource` VALUES (1671412314831597988, '100001017001001', '100001017001000', '订单管理', 'm', '/order/olist', NULL, '0', 1, '', '2023-12-28 14:34:14', '2023-12-28 14:34:54', NULL, 1671403256519078138, 1671403256519078138);
INSERT INTO `sys_resource` VALUES (1671412314831597989, '100001017001002', '100001017001000', '退款管理', 'm', '/order/refund', NULL, '0', 2, '', '2023-12-28 14:34:48', '2023-12-28 14:34:48', NULL, 1671403256519078138, 1671403256519078138);
INSERT INTO `sys_resource` VALUES (1671412314831597990, '100001018001000', '100001018000000', '财务管理', 'm', '/finance/enterAccount', NULL, '0', 1, '', '2023-12-28 14:38:12', '2023-12-28 14:38:17', NULL, 1671403256519078138, 1671403256519078138);
INSERT INTO `sys_resource` VALUES (1671412314831597991, '100001018002000', '100001018000000', '预存管理', 'm', '/finance/topUp', NULL, '0', 2, '', '2023-12-28 14:38:42', '2023-12-28 14:38:42', NULL, 1671403256519078138, 1671403256519078138);
INSERT INTO `sys_resource` VALUES (1671412314831597992, '100001018001001', '100001018001000', '入账列表', 'm', '/finance/enterAccount', NULL, '0', 1, '', '2023-12-28 14:39:23', '2023-12-28 14:39:30', NULL, 1671403256519078138, 1671403256519078138);
INSERT INTO `sys_resource` VALUES (1671412314831597993, '100001018001002', '100001018001000', '欠费老人', 'm', '/finance/arrearage', NULL, '0', 2, '', '2023-12-28 14:39:55', '2023-12-28 14:39:55', NULL, 1671403256519078138, 1671403256519078138);
INSERT INTO `sys_resource` VALUES (1671412314831597994, '100001018002001', '100001018002000', '预存款充值', 'm', '/finance/topUp', NULL, '0', 1, '', '2023-12-28 14:40:30', '2023-12-28 14:40:37', NULL, 1671403256519078138, 1671403256519078138);
INSERT INTO `sys_resource` VALUES (1671412314831597995, '100001018002002', '100001018002000', '余额查询', 'm', '/finance/balance', NULL, '0', 2, '', '2023-12-28 14:41:04', '2023-12-28 14:41:04', NULL, 1671403256519078138, 1671403256519078138);
INSERT INTO `sys_resource` VALUES (1671412314831597996, '100001019001000', '100001019000000', '客户信息', 'm', 'khxx', NULL, '0', 1, '', '2023-12-28 14:41:44', '2023-12-28 14:41:44', NULL, 1671403256519078138, 1671403256519078138);
INSERT INTO `sys_resource` VALUES (1671412314831597997, '100001019001001', '100001019001000', '客户信息', 'm', '/client/list', NULL, '0', 1, '', '2023-12-28 14:42:11', '2023-12-28 14:42:16', NULL, 1671403256519078138, 1671403256519078138);
INSERT INTO `sys_resource` VALUES (1671412314831597998, '100001020001000', '100001020000000', '设备管理', 'm', '/intelligence/equipment', NULL, '0', 1, '', '2023-12-28 14:43:20', '2023-12-28 14:43:20', NULL, 1671403256519078138, 1671403256519078138);
INSERT INTO `sys_resource` VALUES (1671412314831597999, '100001020002000', '100001020000000', '报警管理', 'm', '/intelligence/facility', NULL, '0', 2, '', '2023-12-28 14:43:46', '2023-12-28 14:43:46', NULL, 1671403256519078138, 1671403256519078138);
INSERT INTO `sys_resource` VALUES (1671412314831598000, '100001020001001', '100001020001000', '设备管理', 'm', '/intelligence/equipment', NULL, '0', 1, '', '2023-12-28 14:44:20', '2023-12-28 14:44:28', NULL, 1671403256519078138, 1671403256519078138);
INSERT INTO `sys_resource` VALUES (1671412314831598001, '100001020002001', '100001020002000', '报警数据', 'm', '/intelligence/facility', NULL, '0', 1, '', '2023-12-28 14:45:02', '2023-12-28 14:45:08', NULL, 1671403256519078138, 1671403256519078138);
INSERT INTO `sys_resource` VALUES (1671412314831598002, '100001020002002', '100001020002000', '报警规则', 'm', '/intelligence/rule', NULL, '0', 2, '', '2023-12-28 14:45:44', '2023-12-28 14:45:44', NULL, 1671403256519078138, 1671403256519078138);
INSERT INTO `sys_resource` VALUES (1671412314831598005, '100001013001001001', '100001013001001', '到院', 'r', 'PUT/reservation/{id}/visit', NULL, '0', NULL, NULL, '2023-12-28 15:31:10', '2023-12-28 15:31:10', NULL, 1671403256519078138, 1671403256519078138);
INSERT INTO `sys_resource` VALUES (1671412314831598006, '100001013001002001', '100001013001002', '来访登记', 'r', 'POST/visit', NULL, '0', NULL, NULL, '2023-12-28 15:31:34', '2024-05-20 18:23:56', NULL, 1671403256519078138, 1671403256519078138);
INSERT INTO `sys_resource` VALUES (1671412314831598007, '100001014001001001', '100001014001001', '发起入住申请', 'r', 'POST/checkIn/create', NULL, '0', NULL, NULL, '2023-12-28 15:32:03', '2023-12-28 15:32:03', NULL, 1671403256519078138, 1671403256519078138);
INSERT INTO `sys_resource` VALUES (1671412314831598008, '100001014001001002', '100001014001001', '查看', 'r', 'GET/checkIn', NULL, '0', NULL, NULL, '2023-12-28 15:32:18', '2023-12-28 15:32:18', NULL, 1671403256519078138, 1671403256519078138);
INSERT INTO `sys_resource` VALUES (1671412314831598009, '100001014002001001', '100001014002001', '发起退住申请', 'r', 'POST/elder/create', NULL, '0', NULL, NULL, '2023-12-28 15:32:36', '2023-12-28 15:32:36', NULL, 1671403256519078138, 1671403256519078138);
INSERT INTO `sys_resource` VALUES (1671412314831598010, '100001014002001002', '100001014002001', '查看', 'r', 'GET/elder', NULL, '0', NULL, NULL, '2023-12-28 15:32:48', '2023-12-28 15:32:48', NULL, 1671403256519078138, 1671403256519078138);
INSERT INTO `sys_resource` VALUES (1671412314831598011, '100001015001001001', '100001015001001', '查看', 'r', 'GET/contract/{id}', NULL, '0', NULL, NULL, '2023-12-28 15:33:05', '2023-12-28 15:33:05', NULL, 1671403256519078138, 1671403256519078138);
INSERT INTO `sys_resource` VALUES (1671412314831598012, '100001015002001001', '100001015002001', '新增楼层', 'r', 'POST/floor/add', NULL, '0', NULL, NULL, '2023-12-28 15:33:28', '2024-05-10 11:24:39', NULL, 1671403256519078138, 1671403256519078138);
INSERT INTO `sys_resource` VALUES (1671412314831598013, '100001015002001002', '100001015002001', '编辑楼层', 'r', 'PUT/floor/update', NULL, '0', NULL, NULL, '2023-12-28 15:33:43', '2024-05-10 11:23:17', NULL, 1671403256519078138, 1671403256519078138);
INSERT INTO `sys_resource` VALUES (1671412314831598014, '100001015002001003', '100001015002001', '删除楼层', 'r', 'DELETE/floor/delete/{id}', NULL, '0', NULL, NULL, '2023-12-28 15:33:59', '2024-05-10 11:23:25', NULL, 1671403256519078138, 1671403256519078138);
INSERT INTO `sys_resource` VALUES (1671412314831598015, '100001015002001004', '100001015002001', '新增房间', 'r', 'POST/room/add', NULL, '0', NULL, NULL, '2023-12-28 15:34:37', '2023-12-28 15:34:37', NULL, 1671403256519078138, 1671403256519078138);
INSERT INTO `sys_resource` VALUES (1671412314831598016, '100001015002001005', '100001015002001', '编辑房间', 'r', 'PUT/room/update', NULL, '0', NULL, NULL, '2023-12-28 15:34:53', '2023-12-28 15:34:53', NULL, 1671403256519078138, 1671403256519078138);
INSERT INTO `sys_resource` VALUES (1671412314831598017, '100001015002001006', '100001015002001', '删除房间', 'r', 'DELETE/room/delete/{id}', NULL, '0', NULL, NULL, '2023-12-28 15:35:11', '2023-12-28 15:35:11', NULL, 1671403256519078138, 1671403256519078138);
INSERT INTO `sys_resource` VALUES (1671412314831598018, '100001015002001007', '100001015002001', '查看房间', 'r', 'GET/room/get/{id}', NULL, '0', NULL, NULL, '2023-12-28 15:35:26', '2023-12-28 15:35:26', NULL, 1671403256519078138, 1671403256519078138);
INSERT INTO `sys_resource` VALUES (1671412314831598019, '100001015002001008', '100001015002001', '新增床位', 'r', 'POST/bed/create', NULL, '0', NULL, NULL, '2023-12-28 15:35:39', '2023-12-28 15:35:39', NULL, 1671403256519078138, 1671403256519078138);
INSERT INTO `sys_resource` VALUES (1671412314831598020, '100001015002001009', '100001015002001', '编辑床位', 'r', 'PUT/bed/update', NULL, '0', NULL, NULL, '2023-12-28 15:35:54', '2023-12-28 15:35:54', NULL, 1671403256519078138, 1671403256519078138);
INSERT INTO `sys_resource` VALUES (1671412314831598021, '100001015002001010', '100001015002001', '删除床位', 'r', 'DELETE/bed/delete/{id}', NULL, '0', NULL, NULL, '2023-12-28 15:36:08', '2023-12-28 15:36:08', NULL, 1671403256519078138, 1671403256519078138);
INSERT INTO `sys_resource` VALUES (1671412314831598022, '100001015002003001', '100001015002003', '新增房型', 'r', 'POST/roomTypes', NULL, '0', NULL, NULL, '2023-12-28 15:36:27', '2023-12-28 15:36:27', NULL, 1671403256519078138, 1671403256519078138);
INSERT INTO `sys_resource` VALUES (1671412314831598023, '100001015002003002', '100001015002003', '删除', 'r', 'DELETE/roomTypes/{id}', NULL, '0', NULL, NULL, '2023-12-28 15:36:37', '2023-12-28 15:36:37', NULL, 1671403256519078138, 1671403256519078138);
INSERT INTO `sys_resource` VALUES (1671412314831598024, '100001015002003003', '100001015002003', '编辑', 'r', 'PUT/roomTypes/{id}', NULL, '0', NULL, NULL, '2023-12-28 15:36:50', '2023-12-28 15:36:50', NULL, 1671403256519078138, 1671403256519078138);
INSERT INTO `sys_resource` VALUES (1671412314831598025, '100001015002003004', '100001015002003', '启用', 'r', 'PUT/roomTypes/{id}/status/{status}', NULL, '0', NULL, NULL, '2023-12-28 15:36:58', '2023-12-28 15:36:58', NULL, 1671403256519078138, 1671403256519078138);
INSERT INTO `sys_resource` VALUES (1671412314831598026, '100001015002003005', '100001015002003', '禁用', 'r', 'PUT/roomTypes/{id}/status/{status}', NULL, '0', NULL, NULL, '2023-12-28 15:37:16', '2023-12-28 15:37:16', NULL, 1671403256519078138, 1671403256519078138);
INSERT INTO `sys_resource` VALUES (1671412314831598027, '100001016001001001', '100001016001001', '新增护理等级', 'r', 'POST/nursingLevel/insert', NULL, '0', NULL, NULL, '2023-12-28 15:37:59', '2023-12-28 15:37:59', NULL, 1671403256519078138, 1671403256519078138);
INSERT INTO `sys_resource` VALUES (1671412314831598028, '100001016001001002', '100001016001001', '删除', 'r', 'DELETE/nursingLevel/delete/{id}', NULL, '0', NULL, NULL, '2023-12-28 15:38:07', '2023-12-28 15:38:07', NULL, 1671403256519078138, 1671403256519078138);
INSERT INTO `sys_resource` VALUES (1671412314831598029, '100001016001001003', '100001016001001', '编辑', 'r', 'PUT/nursingLevel/update', NULL, '0', NULL, NULL, '2023-12-28 15:38:17', '2023-12-28 15:38:17', NULL, 1671403256519078138, 1671403256519078138);
INSERT INTO `sys_resource` VALUES (1671412314831598030, '100001016001001004', '100001016001001', '启用', 'r', 'PUT/nursingLevel/{id}/status/{status}', NULL, '0', NULL, NULL, '2023-12-28 15:38:28', '2023-12-28 15:38:28', NULL, 1671403256519078138, 1671403256519078138);
INSERT INTO `sys_resource` VALUES (1671412314831598031, '100001016001001005', '100001016001001', '禁用', 'r', 'PUT/nursingLevel/{id}/status/{status}', NULL, '0', NULL, NULL, '2023-12-28 15:38:41', '2023-12-28 15:38:41', NULL, 1671403256519078138, 1671403256519078138);
INSERT INTO `sys_resource` VALUES (1671412314831598032, '100001016001003001', '100001016001003', '新增护理计划', 'r', 'POST/nursing/plan', NULL, '0', NULL, NULL, '2023-12-28 15:39:02', '2023-12-28 15:39:02', NULL, 1671403256519078138, 1671403256519078138);
INSERT INTO `sys_resource` VALUES (1671412314831598033, '100001016001003002', '100001016001003', '删除', 'r', 'DELETE/nursing/plan/{id}', NULL, '0', NULL, NULL, '2023-12-28 15:39:15', '2023-12-28 15:39:15', NULL, 1671403256519078138, 1671403256519078138);
INSERT INTO `sys_resource` VALUES (1671412314831598034, '100001016001003003', '100001016001003', '编辑', 'r', 'PUT/nursing/plan/{id}', NULL, '0', NULL, NULL, '2023-12-28 15:39:27', '2023-12-28 15:39:27', NULL, 1671403256519078138, 1671403256519078138);
INSERT INTO `sys_resource` VALUES (1671412314831598035, '100001016001003004', '100001016001003', '启用', 'r', 'PUT/nursing/{id}/status/{status}', NULL, '0', NULL, NULL, '2023-12-28 15:39:37', '2023-12-28 15:39:37', NULL, 1671403256519078138, 1671403256519078138);
INSERT INTO `sys_resource` VALUES (1671412314831598036, '100001016001003005', '100001016001003', '查看', 'r', 'PUT/nursing/plan/{id}', NULL, '0', NULL, NULL, '2023-12-28 15:39:52', '2023-12-28 15:39:52', NULL, 1671403256519078138, 1671403256519078138);
INSERT INTO `sys_resource` VALUES (1671412314831598037, '100001016001002001', '100001016001002', '新增', 'r', 'POST/nursing_project', NULL, '0', NULL, NULL, '2023-12-28 15:40:09', '2023-12-28 16:55:31', NULL, 1671403256519078138, 1671403256519078138);
INSERT INTO `sys_resource` VALUES (1671412314831598038, '100001016001002002', '100001016001002', '删除', 'r', 'DELETE/nursing_project/{id}', NULL, '0', NULL, NULL, '2023-12-28 15:40:22', '2023-12-28 15:40:22', NULL, 1671403256519078138, 1671403256519078138);
INSERT INTO `sys_resource` VALUES (1671412314831598039, '100001016001002003', '100001016001002', '编辑', 'r', 'PUT/nursing_project/{id}', NULL, '0', NULL, NULL, '2023-12-28 15:40:34', '2023-12-28 15:40:34', NULL, 1671403256519078138, 1671403256519078138);
INSERT INTO `sys_resource` VALUES (1671412314831598040, '100001016001002004', '100001016001002', '禁用', 'r', 'PUT/nursing_project/{id}/status/{status}', NULL, '0', NULL, NULL, '2023-12-28 15:40:47', '2023-12-28 15:40:47', NULL, 1671403256519078138, 1671403256519078138);
INSERT INTO `sys_resource` VALUES (1671412314831598041, '100001017001001001', '100001017001001', '取消', 'r', 'POST/orders/{orderId}/cancel', NULL, '0', NULL, NULL, '2023-12-28 15:49:49', '2023-12-28 15:49:49', NULL, 1671403256519078138, 1671403256519078138);
INSERT INTO `sys_resource` VALUES (1671412314831598042, '100001017001001002', '100001017001001', '退款', 'r', 'POST/orders/refund', NULL, '0', NULL, NULL, '2023-12-28 15:50:02', '2023-12-28 15:50:02', NULL, 1671403256519078138, 1671403256519078138);
INSERT INTO `sys_resource` VALUES (1671412314831598043, '100001017001001003', '100001017001001', '查看', 'r', 'GET/orders', NULL, '0', NULL, NULL, '2023-12-28 15:50:15', '2023-12-28 15:50:15', NULL, 1671403256519078138, 1671403256519078138);
INSERT INTO `sys_resource` VALUES (1671412314831598044, '100001017001002001', '100001017001002', '查看', 'r', 'GET/trade-common-feign/query-refund', NULL, '0', NULL, NULL, '2023-12-28 15:50:28', '2023-12-28 15:50:28', NULL, 1671403256519078138, 1671403256519078138);
INSERT INTO `sys_resource` VALUES (1671412314831598045, '100001018001001001', '100001018001001', '生成月度账单', 'r', 'POST/bill', NULL, '0', NULL, NULL, '2023-12-28 15:50:53', '2023-12-28 15:50:53', NULL, 1671403256519078138, 1671403256519078138);
INSERT INTO `sys_resource` VALUES (1671412314831598046, '100001018001001002', '100001018001001', '支付', 'r', 'PUT/bill', NULL, '0', NULL, NULL, '2023-12-28 15:51:03', '2023-12-28 15:51:03', NULL, 1671403256519078138, 1671403256519078138);
INSERT INTO `sys_resource` VALUES (1671412314831598047, '100001018001001003', '100001018001001', '取消', 'r', 'PUT/bill/cancel/{id}', NULL, '0', NULL, NULL, '2023-12-28 15:51:14', '2023-12-28 15:51:14', NULL, 1671403256519078138, 1671403256519078138);
INSERT INTO `sys_resource` VALUES (1671412314831598048, '100001018001001004', '100001018001001', '查看', 'r', 'GET/bill/{id}', NULL, '0', NULL, NULL, '2023-12-28 15:51:25', '2023-12-28 15:51:25', NULL, 1671403256519078138, 1671403256519078138);
INSERT INTO `sys_resource` VALUES (1671412314831598049, '100001018001002001', '100001018001002', '查看', 'r', 'GET/bill/arrears/', NULL, '0', NULL, NULL, '2023-12-28 15:51:42', '2023-12-28 15:51:42', NULL, 1671403256519078138, 1671403256519078138);
INSERT INTO `sys_resource` VALUES (1671412314831598050, '100001018002001001', '100001018002001', '充值', 'r', 'POST/bill/prepaidRechargeRecord', NULL, '0', NULL, NULL, '2023-12-28 15:52:27', '2023-12-28 15:52:27', NULL, 1671403256519078138, 1671403256519078138);
INSERT INTO `sys_resource` VALUES (1671412314831598051, '100001001005009', '100001001005000', '新增用户', 'r', 'PUT/user', NULL, '0', NULL, NULL, '2023-12-28 15:55:52', '2024-05-20 20:52:07', NULL, 1671403256519078138, 1671403256519078138);
INSERT INTO `sys_resource` VALUES (1671412314831598052, '100001001005010', '100001001005000', '编辑', 'r', 'PUT/user', NULL, '0', NULL, NULL, '2023-12-28 15:56:12', '2023-12-28 15:56:12', NULL, 1671403256519078138, 1671403256519078138);
INSERT INTO `sys_resource` VALUES (1671412314831598053, '100001001005011', '100001001005000', '禁用', 'r', 'PATCH/user', NULL, '0', NULL, NULL, '2023-12-28 15:56:57', '2023-12-28 15:56:57', NULL, 1671403256519078138, 1671403256519078138);
INSERT INTO `sys_resource` VALUES (1671412314831598054, '100001020001001001', '100001020001001', '新增设备', 'r', 'POST/iot/RegisterDevice', NULL, '0', NULL, NULL, '2023-12-28 16:12:08', '2023-12-28 16:12:08', NULL, 1671403256519078138, 1671403256519078138);
INSERT INTO `sys_resource` VALUES (1671412314831598055, '100001020001001002', '100001020001001', '删除', 'r', 'DELETE/iot/DeleteDevice', NULL, '0', NULL, NULL, '2023-12-28 16:12:18', '2023-12-28 16:12:18', NULL, 1671403256519078138, 1671403256519078138);
INSERT INTO `sys_resource` VALUES (1671412314831598056, '100001020001001003', '100001020001001', '编辑设备', 'r', 'POST/iot/UpdateDevice', NULL, '0', NULL, NULL, '2023-12-28 16:12:43', '2023-12-28 16:12:43', NULL, 1671403256519078138, 1671403256519078138);
INSERT INTO `sys_resource` VALUES (1671412314831598057, '100001020001001004', '100001020001001', '查看', 'r', 'POST/iot/QueryDeviceDetail', NULL, '0', NULL, NULL, '2023-12-28 16:12:53', '2023-12-28 16:12:53', NULL, 1671403256519078138, 1671403256519078138);
INSERT INTO `sys_resource` VALUES (1671412314831598058, '100001020002001001', '100001020002001', '处理', 'r', 'PUT/device-data/update/{id}', NULL, '0', NULL, NULL, '2023-12-28 16:13:13', '2023-12-28 16:13:13', NULL, 1671403256519078138, 1671403256519078138);
INSERT INTO `sys_resource` VALUES (1671412314831598059, '100001020002002001', '100001020002002', '新增报警规则', 'r', 'POST/alert-rule/create', NULL, '0', NULL, NULL, '2023-12-28 16:13:33', '2023-12-28 16:13:33', NULL, 1671403256519078138, 1671403256519078138);
INSERT INTO `sys_resource` VALUES (1671412314831598060, '100001020002002002', '100001020002002', '删除', 'r', 'DELETE/alert-rule/delete/{id}', NULL, '0', NULL, NULL, '2023-12-28 16:13:44', '2023-12-28 16:13:44', NULL, 1671403256519078138, 1671403256519078138);
INSERT INTO `sys_resource` VALUES (1671412314831598061, '100001020002002003', '100001020002002', '编辑', 'r', 'PUT/alert-rule/update/{id}', NULL, '0', NULL, NULL, '2023-12-28 16:13:54', '2023-12-28 16:13:54', NULL, 1671403256519078138, 1671403256519078138);
INSERT INTO `sys_resource` VALUES (1671412314831598062, '100001020002002004', '100001020002002', '启用', 'r', 'PUT/alert-rule/{id}/status/{status}', NULL, '0', NULL, NULL, '2023-12-28 16:14:03', '2023-12-28 16:14:03', NULL, 1671403256519078138, 1671403256519078138);
INSERT INTO `sys_resource` VALUES (1671412314831598063, '100001020002002005', '100001020002002', '禁用', 'r', 'PUT/alert-rule/{id}/status/{status}', NULL, '0', NULL, NULL, '2023-12-28 16:14:14', '2023-12-28 16:14:14', NULL, 1671403256519078138, 1671403256519078138);
INSERT INTO `sys_resource` VALUES (1671412314831598076, '100001001003012', '100001001003000', '我的菜单', 'r', 'GET/resource/menus', NULL, '0', NULL, NULL, '2024-05-25 12:17:43', '2024-05-25 12:17:53', NULL, 1671403256519078138, 1671403256519078138);
INSERT INTO `sys_resource` VALUES (1671412314831598078, '100001001008000', '100001001000000', '所有权限', 'r', '**', NULL, '0', NULL, NULL, '2024-05-25 14:49:48', '2024-05-25 14:49:48', NULL, 1671403256519078138, 1671403256519078138);

-- ----------------------------
-- Table structure for sys_role
-- ----------------------------
DROP TABLE IF EXISTS `sys_role`;
CREATE TABLE `sys_role`  (
  `id` bigint NOT NULL AUTO_INCREMENT COMMENT '角色ID',
  `role_name` varchar(30) CHARACTER SET utf8mb3 COLLATE utf8mb3_bin NOT NULL COMMENT '角色名称',
  `label` varchar(100) CHARACTER SET utf8mb3 COLLATE utf8mb3_bin NULL DEFAULT NULL COMMENT '权限标识',
  `sort_no` int NULL DEFAULT NULL COMMENT '排序',
  `data_state` char(1) CHARACTER SET utf8mb3 COLLATE utf8mb3_bin NOT NULL DEFAULT '0' COMMENT '数据状态（0正常 1停用）',
  `create_time` datetime NOT NULL COMMENT '创建时间',
  `update_time` datetime NULL DEFAULT NULL COMMENT '更新时间',
  `remark` varchar(500) CHARACTER SET utf8mb3 COLLATE utf8mb3_bin NULL DEFAULT NULL COMMENT '备注',
  `create_by` bigint NULL DEFAULT NULL COMMENT '创建者',
  `update_by` bigint NULL DEFAULT NULL COMMENT '更新者',
  `data_scope` char(1) CHARACTER SET utf8mb3 COLLATE utf8mb3_bin NULL DEFAULT '1' COMMENT '数据范围：0自定义  1本人 2本部门及以下 3本部门 4全部',
  PRIMARY KEY (`id`) USING BTREE,
  UNIQUE INDEX `role_name`(`role_name`) USING BTREE
) ENGINE = InnoDB AUTO_INCREMENT = 1671403094153375965 CHARACTER SET = utf8mb3 COLLATE = utf8mb3_bin COMMENT = '角色表' ROW_FORMAT = DYNAMIC;

-- ----------------------------
-- Records of sys_role
-- ----------------------------
INSERT INTO `sys_role` VALUES (1662380895291650049, '超级管理员', 'admin', 1, '0', '2023-05-21 00:51:06', '2024-05-25 14:50:14', '超级管理员', 1671403256519078138, 1671403256519078138, '4');
INSERT INTO `sys_role` VALUES (1671403094153375936, '结算主管', NULL, NULL, '0', '2023-12-28 15:21:58', '2024-05-25 15:07:01', '结算组主管', 1671403256519078138, 1671403256519078138, NULL);
INSERT INTO `sys_role` VALUES (1671403094153375937, '客服专员', NULL, NULL, '0', '2023-12-28 15:22:06', '2023-12-28 16:24:34', '客服专员', 1671403256519078138, 1671403256519078138, NULL);
INSERT INTO `sys_role` VALUES (1671403094153375938, '客服主管', NULL, NULL, '0', '2023-12-28 15:22:18', '2024-05-25 15:06:57', '客服组主管', 1671403256519078138, 1671403256519078138, NULL);
INSERT INTO `sys_role` VALUES (1671403094153375939, '法务专员', NULL, NULL, '0', '2023-12-28 15:22:27', '2023-12-28 16:24:00', '法务专员', 1671403256519078138, 1671403256519078138, NULL);
INSERT INTO `sys_role` VALUES (1671403094153375940, '法务主管', NULL, NULL, '0', '2023-12-28 15:22:39', '2024-05-25 15:06:53', '法务组主管', 1671403256519078138, 1671403256519078138, NULL);
INSERT INTO `sys_role` VALUES (1671403094153375941, '养老顾问', NULL, NULL, '0', '2023-12-28 15:23:01', '2023-12-28 17:45:15', '养老顾问', 1671403256519078138, 1671403256519078138, NULL);
INSERT INTO `sys_role` VALUES (1671403094153375942, '销售主管', NULL, NULL, '0', '2023-12-28 15:23:10', '2024-05-25 15:06:49', '销售组主管', 1671403256519078138, 1671403256519078138, NULL);
INSERT INTO `sys_role` VALUES (1671403094153375943, '护理员', NULL, NULL, '0', '2023-12-28 15:23:58', '2024-05-25 15:07:20', '护理员', 1671403256519078138, 1671403256519078138, NULL);
INSERT INTO `sys_role` VALUES (1671403094153375944, '护理主管', NULL, NULL, '0', '2023-12-28 15:24:13', '2024-05-25 15:06:43', '护理组主管', 1671403256519078138, 1671403256519078138, NULL);
INSERT INTO `sys_role` VALUES (1671403094153375945, '厨工', NULL, NULL, '0', '2023-12-28 15:24:31', '2023-12-28 15:24:31', '厨工', 1671403256519078138, 1671403256519078138, NULL);
INSERT INTO `sys_role` VALUES (1671403094153375946, '帮厨', NULL, NULL, '0', '2023-12-28 15:24:42', '2023-12-28 15:24:42', '帮厨', 1671403256519078138, 1671403256519078138, NULL);
INSERT INTO `sys_role` VALUES (1671403094153375947, '维修工', NULL, NULL, '0', '2023-12-28 15:24:49', '2023-12-28 16:21:26', '维修工', 1671403256519078138, 1671403256519078138, NULL);
INSERT INTO `sys_role` VALUES (1671403094153375948, '保洁', NULL, NULL, '0', '2023-12-28 15:24:54', '2023-12-28 15:24:54', '保洁', 1671403256519078138, 1671403256519078138, NULL);
INSERT INTO `sys_role` VALUES (1671403094153375949, '保安', NULL, NULL, '0', '2023-12-28 15:24:59', '2023-12-28 15:24:59', '保安', 1671403256519078138, 1671403256519078138, NULL);
INSERT INTO `sys_role` VALUES (1671403094153375950, '后勤主管', NULL, NULL, '0', '2023-12-28 15:25:05', '2024-05-25 15:06:37', '后勤组主管', 1671403256519078138, 1671403256519078138, NULL);
INSERT INTO `sys_role` VALUES (1671403094153375951, '采购员', NULL, NULL, '0', '2023-12-28 15:25:19', '2023-12-28 15:25:19', '采购员', 1671403256519078138, 1671403256519078138, NULL);
INSERT INTO `sys_role` VALUES (1671403094153375952, '仓管', NULL, NULL, '0', '2023-12-28 15:25:30', '2023-12-28 15:25:30', '仓管', 1671403256519078138, 1671403256519078138, NULL);
INSERT INTO `sys_role` VALUES (1671403094153375953, '前台接待', NULL, NULL, '0', '2023-12-28 15:25:38', '2023-12-28 16:20:40', '前台接待', 1671403256519078138, 1671403256519078138, NULL);
INSERT INTO `sys_role` VALUES (1671403094153375954, '人事专员', NULL, NULL, '0', '2023-12-28 15:25:47', '2023-12-28 16:20:29', '人事专员', 1671403256519078138, 1671403256519078138, NULL);
INSERT INTO `sys_role` VALUES (1671403094153375955, '行政专员', NULL, NULL, '0', '2023-12-28 15:25:53', '2023-12-28 16:50:34', '行政专员', 1671403256519078138, 1671403256519078138, NULL);
INSERT INTO `sys_role` VALUES (1671403094153375956, '行政主管', NULL, NULL, '0', '2023-12-28 15:26:03', '2024-05-25 15:06:07', '行政人事组主管', 1671403256519078138, 1671403256519078138, NULL);
INSERT INTO `sys_role` VALUES (1671403094153375957, '收费员', NULL, NULL, '0', '2023-12-28 15:26:08', '2023-12-28 15:26:08', '收费员', 1671403256519078138, 1671403256519078138, NULL);
INSERT INTO `sys_role` VALUES (1671403094153375958, '结算员', NULL, NULL, '0', '2023-12-28 15:26:14', '2023-12-28 16:19:21', '结算员', 1671403256519078138, 1671403256519078138, NULL);
INSERT INTO `sys_role` VALUES (1671403094153375959, '出纳', NULL, NULL, '0', '2023-12-28 15:26:21', '2023-12-28 15:26:21', '出纳', 1671403256519078138, 1671403256519078138, NULL);
INSERT INTO `sys_role` VALUES (1671403094153375960, '会计', NULL, NULL, '0', '2023-12-28 15:26:28', '2023-12-28 15:26:28', '会计', 1671403256519078138, 1671403256519078138, NULL);
INSERT INTO `sys_role` VALUES (1671403094153375961, '会计主管', NULL, NULL, '0', '2023-12-28 15:30:29', '2024-05-25 15:06:30', '会计组主管', 1671403256519078138, 1671403256519078138, NULL);
INSERT INTO `sys_role` VALUES (1671403094153375962, '院长', NULL, NULL, '0', '2023-12-28 15:30:35', '2023-12-28 16:16:49', '院长', 1671403256519078138, 1671403256519078138, NULL);
INSERT INTO `sys_role` VALUES (1671403094153375963, '副院长', NULL, NULL, '0', '2023-12-28 15:30:42', '2024-05-20 18:24:51', '副院长', 1671403256519078138, 1671403256519078138, NULL);

-- ----------------------------
-- Table structure for sys_role_dept
-- ----------------------------
DROP TABLE IF EXISTS `sys_role_dept`;
CREATE TABLE `sys_role_dept`  (
  `id` bigint NOT NULL AUTO_INCREMENT COMMENT '部门id',
  `role_id` bigint NOT NULL COMMENT '角色ID',
  `dept_no` varchar(20) CHARACTER SET utf8mb3 COLLATE utf8mb3_bin NOT NULL DEFAULT '0' COMMENT '部门编号',
  `create_time` datetime NOT NULL COMMENT '创建时间',
  `update_time` datetime NULL DEFAULT NULL COMMENT '更新时间',
  `create_by` bigint NULL DEFAULT NULL COMMENT '创建者',
  `update_by` bigint NULL DEFAULT NULL COMMENT '更新者',
  `data_state` char(1) CHARACTER SET utf8mb3 COLLATE utf8mb3_bin NOT NULL DEFAULT '0' COMMENT '数据状态（0正常 1停用）',
  `remark` varchar(500) CHARACTER SET utf8mb3 COLLATE utf8mb3_bin NULL DEFAULT NULL COMMENT '备注',
  PRIMARY KEY (`id`) USING BTREE
) ENGINE = InnoDB AUTO_INCREMENT = 1671427143172624552 CHARACTER SET = utf8mb4 COLLATE = utf8mb4_general_ci ROW_FORMAT = DYNAMIC;

-- ----------------------------
-- Records of sys_role_dept
-- ----------------------------

-- ----------------------------
-- Table structure for sys_role_resource
-- ----------------------------
DROP TABLE IF EXISTS `sys_role_resource`;
CREATE TABLE `sys_role_resource`  (
  `id` bigint NOT NULL AUTO_INCREMENT COMMENT '角色资源Id',
  `role_id` bigint NOT NULL COMMENT '角色ID',
  `resource_no` varchar(20) CHARACTER SET utf8mb3 COLLATE utf8mb3_bin NOT NULL DEFAULT '0' COMMENT '资源编号\r\n',
  `create_time` datetime NOT NULL COMMENT '创建时间',
  `update_time` datetime NULL DEFAULT NULL COMMENT '更新时间',
  `data_state` char(1) CHARACTER SET utf8mb3 COLLATE utf8mb3_bin NOT NULL DEFAULT '0' COMMENT '数据状态（0正常 1停用）',
  `create_by` bigint NULL DEFAULT NULL COMMENT '创建者',
  `update_by` bigint NULL DEFAULT NULL COMMENT '更新者',
  `remark` varchar(500) CHARACTER SET utf8mb3 COLLATE utf8mb3_bin NULL DEFAULT NULL COMMENT '备注',
  PRIMARY KEY (`id`) USING BTREE
) ENGINE = InnoDB AUTO_INCREMENT = 19493 CHARACTER SET = utf8mb3 COLLATE = utf8mb3_bin COMMENT = '角色资源关联表' ROW_FORMAT = DYNAMIC;

-- ----------------------------
-- Records of sys_role_resource
-- ----------------------------
INSERT INTO `sys_role_resource` VALUES (17886, 1671403094153375962, '100001012000000', '2023-12-28 16:16:49', '2023-12-28 16:16:49', '0', 1671403256519078138, 1671403256519078138, NULL);
INSERT INTO `sys_role_resource` VALUES (17887, 1671403094153375962, '100001012001000', '2023-12-28 16:16:49', '2023-12-28 16:16:49', '0', 1671403256519078138, 1671403256519078138, NULL);
INSERT INTO `sys_role_resource` VALUES (17888, 1671403094153375962, '100001012001001', '2023-12-28 16:16:49', '2023-12-28 16:16:49', '0', 1671403256519078138, 1671403256519078138, NULL);
INSERT INTO `sys_role_resource` VALUES (17889, 1671403094153375962, '100001013000000', '2023-12-28 16:16:49', '2023-12-28 16:16:49', '0', 1671403256519078138, 1671403256519078138, NULL);
INSERT INTO `sys_role_resource` VALUES (17890, 1671403094153375962, '100001013001000', '2023-12-28 16:16:49', '2023-12-28 16:16:49', '0', 1671403256519078138, 1671403256519078138, NULL);
INSERT INTO `sys_role_resource` VALUES (17891, 1671403094153375962, '100001013001001', '2023-12-28 16:16:49', '2023-12-28 16:16:49', '0', 1671403256519078138, 1671403256519078138, NULL);
INSERT INTO `sys_role_resource` VALUES (17892, 1671403094153375962, '100001013001001001', '2023-12-28 16:16:49', '2023-12-28 16:16:49', '0', 1671403256519078138, 1671403256519078138, NULL);
INSERT INTO `sys_role_resource` VALUES (17893, 1671403094153375962, '100001013001002', '2023-12-28 16:16:49', '2023-12-28 16:16:49', '0', 1671403256519078138, 1671403256519078138, NULL);
INSERT INTO `sys_role_resource` VALUES (17894, 1671403094153375962, '100001013001002001', '2023-12-28 16:16:49', '2023-12-28 16:16:49', '0', 1671403256519078138, 1671403256519078138, NULL);
INSERT INTO `sys_role_resource` VALUES (17895, 1671403094153375962, '100001014000000', '2023-12-28 16:16:49', '2023-12-28 16:16:49', '0', 1671403256519078138, 1671403256519078138, NULL);
INSERT INTO `sys_role_resource` VALUES (17896, 1671403094153375962, '100001014001000', '2023-12-28 16:16:49', '2023-12-28 16:16:49', '0', 1671403256519078138, 1671403256519078138, NULL);
INSERT INTO `sys_role_resource` VALUES (17897, 1671403094153375962, '100001014001001', '2023-12-28 16:16:49', '2023-12-28 16:16:49', '0', 1671403256519078138, 1671403256519078138, NULL);
INSERT INTO `sys_role_resource` VALUES (17898, 1671403094153375962, '100001014001001001', '2023-12-28 16:16:49', '2023-12-28 16:16:49', '0', 1671403256519078138, 1671403256519078138, NULL);
INSERT INTO `sys_role_resource` VALUES (17899, 1671403094153375962, '100001014001001002', '2023-12-28 16:16:49', '2023-12-28 16:16:49', '0', 1671403256519078138, 1671403256519078138, NULL);
INSERT INTO `sys_role_resource` VALUES (17900, 1671403094153375962, '100001014002000', '2023-12-28 16:16:49', '2023-12-28 16:16:49', '0', 1671403256519078138, 1671403256519078138, NULL);
INSERT INTO `sys_role_resource` VALUES (17901, 1671403094153375962, '100001014002001', '2023-12-28 16:16:49', '2023-12-28 16:16:49', '0', 1671403256519078138, 1671403256519078138, NULL);
INSERT INTO `sys_role_resource` VALUES (17902, 1671403094153375962, '100001014002001001', '2023-12-28 16:16:49', '2023-12-28 16:16:49', '0', 1671403256519078138, 1671403256519078138, NULL);
INSERT INTO `sys_role_resource` VALUES (17903, 1671403094153375962, '100001014002001002', '2023-12-28 16:16:49', '2023-12-28 16:16:49', '0', 1671403256519078138, 1671403256519078138, NULL);
INSERT INTO `sys_role_resource` VALUES (17904, 1671403094153375962, '100001015000000', '2023-12-28 16:16:49', '2023-12-28 16:16:49', '0', 1671403256519078138, 1671403256519078138, NULL);
INSERT INTO `sys_role_resource` VALUES (17905, 1671403094153375962, '100001015001000', '2023-12-28 16:16:49', '2023-12-28 16:16:49', '0', 1671403256519078138, 1671403256519078138, NULL);
INSERT INTO `sys_role_resource` VALUES (17906, 1671403094153375962, '100001015001001', '2023-12-28 16:16:49', '2023-12-28 16:16:49', '0', 1671403256519078138, 1671403256519078138, NULL);
INSERT INTO `sys_role_resource` VALUES (17907, 1671403094153375962, '100001015001001001', '2023-12-28 16:16:49', '2023-12-28 16:16:49', '0', 1671403256519078138, 1671403256519078138, NULL);
INSERT INTO `sys_role_resource` VALUES (17908, 1671403094153375962, '100001015002000', '2023-12-28 16:16:49', '2023-12-28 16:16:49', '0', 1671403256519078138, 1671403256519078138, NULL);
INSERT INTO `sys_role_resource` VALUES (17909, 1671403094153375962, '100001015002001', '2023-12-28 16:16:49', '2023-12-28 16:16:49', '0', 1671403256519078138, 1671403256519078138, NULL);
INSERT INTO `sys_role_resource` VALUES (17910, 1671403094153375962, '100001015002001001', '2023-12-28 16:16:49', '2023-12-28 16:16:49', '0', 1671403256519078138, 1671403256519078138, NULL);
INSERT INTO `sys_role_resource` VALUES (17911, 1671403094153375962, '100001015002001002', '2023-12-28 16:16:49', '2023-12-28 16:16:49', '0', 1671403256519078138, 1671403256519078138, NULL);
INSERT INTO `sys_role_resource` VALUES (17912, 1671403094153375962, '100001015002001003', '2023-12-28 16:16:49', '2023-12-28 16:16:49', '0', 1671403256519078138, 1671403256519078138, NULL);
INSERT INTO `sys_role_resource` VALUES (17913, 1671403094153375962, '100001015002001004', '2023-12-28 16:16:49', '2023-12-28 16:16:49', '0', 1671403256519078138, 1671403256519078138, NULL);
INSERT INTO `sys_role_resource` VALUES (17914, 1671403094153375962, '100001015002001005', '2023-12-28 16:16:49', '2023-12-28 16:16:49', '0', 1671403256519078138, 1671403256519078138, NULL);
INSERT INTO `sys_role_resource` VALUES (17915, 1671403094153375962, '100001015002001006', '2023-12-28 16:16:49', '2023-12-28 16:16:49', '0', 1671403256519078138, 1671403256519078138, NULL);
INSERT INTO `sys_role_resource` VALUES (17916, 1671403094153375962, '100001015002001007', '2023-12-28 16:16:49', '2023-12-28 16:16:49', '0', 1671403256519078138, 1671403256519078138, NULL);
INSERT INTO `sys_role_resource` VALUES (17917, 1671403094153375962, '100001015002001008', '2023-12-28 16:16:49', '2023-12-28 16:16:49', '0', 1671403256519078138, 1671403256519078138, NULL);
INSERT INTO `sys_role_resource` VALUES (17918, 1671403094153375962, '100001015002001009', '2023-12-28 16:16:49', '2023-12-28 16:16:49', '0', 1671403256519078138, 1671403256519078138, NULL);
INSERT INTO `sys_role_resource` VALUES (17919, 1671403094153375962, '100001015002001010', '2023-12-28 16:16:49', '2023-12-28 16:16:49', '0', 1671403256519078138, 1671403256519078138, NULL);
INSERT INTO `sys_role_resource` VALUES (17920, 1671403094153375962, '100001015002002', '2023-12-28 16:16:49', '2023-12-28 16:16:49', '0', 1671403256519078138, 1671403256519078138, NULL);
INSERT INTO `sys_role_resource` VALUES (17921, 1671403094153375962, '100001015002003', '2023-12-28 16:16:49', '2023-12-28 16:16:49', '0', 1671403256519078138, 1671403256519078138, NULL);
INSERT INTO `sys_role_resource` VALUES (17922, 1671403094153375962, '100001015002003001', '2023-12-28 16:16:49', '2023-12-28 16:16:49', '0', 1671403256519078138, 1671403256519078138, NULL);
INSERT INTO `sys_role_resource` VALUES (17923, 1671403094153375962, '100001015002003002', '2023-12-28 16:16:49', '2023-12-28 16:16:49', '0', 1671403256519078138, 1671403256519078138, NULL);
INSERT INTO `sys_role_resource` VALUES (17924, 1671403094153375962, '100001015002003003', '2023-12-28 16:16:49', '2023-12-28 16:16:49', '0', 1671403256519078138, 1671403256519078138, NULL);
INSERT INTO `sys_role_resource` VALUES (17925, 1671403094153375962, '100001015002003004', '2023-12-28 16:16:49', '2023-12-28 16:16:49', '0', 1671403256519078138, 1671403256519078138, NULL);
INSERT INTO `sys_role_resource` VALUES (17926, 1671403094153375962, '100001015002003005', '2023-12-28 16:16:49', '2023-12-28 16:16:49', '0', 1671403256519078138, 1671403256519078138, NULL);
INSERT INTO `sys_role_resource` VALUES (17927, 1671403094153375962, '100001016000000', '2023-12-28 16:16:49', '2023-12-28 16:16:49', '0', 1671403256519078138, 1671403256519078138, NULL);
INSERT INTO `sys_role_resource` VALUES (17928, 1671403094153375962, '100001016001000', '2023-12-28 16:16:49', '2023-12-28 16:16:49', '0', 1671403256519078138, 1671403256519078138, NULL);
INSERT INTO `sys_role_resource` VALUES (17929, 1671403094153375962, '100001016001001', '2023-12-28 16:16:49', '2023-12-28 16:16:49', '0', 1671403256519078138, 1671403256519078138, NULL);
INSERT INTO `sys_role_resource` VALUES (17930, 1671403094153375962, '100001016001001001', '2023-12-28 16:16:49', '2023-12-28 16:16:49', '0', 1671403256519078138, 1671403256519078138, NULL);
INSERT INTO `sys_role_resource` VALUES (17931, 1671403094153375962, '100001016001001002', '2023-12-28 16:16:49', '2023-12-28 16:16:49', '0', 1671403256519078138, 1671403256519078138, NULL);
INSERT INTO `sys_role_resource` VALUES (17932, 1671403094153375962, '100001016001001003', '2023-12-28 16:16:49', '2023-12-28 16:16:49', '0', 1671403256519078138, 1671403256519078138, NULL);
INSERT INTO `sys_role_resource` VALUES (17933, 1671403094153375962, '100001016001001004', '2023-12-28 16:16:49', '2023-12-28 16:16:49', '0', 1671403256519078138, 1671403256519078138, NULL);
INSERT INTO `sys_role_resource` VALUES (17934, 1671403094153375962, '100001016001001005', '2023-12-28 16:16:49', '2023-12-28 16:16:49', '0', 1671403256519078138, 1671403256519078138, NULL);
INSERT INTO `sys_role_resource` VALUES (17935, 1671403094153375962, '100001016001003', '2023-12-28 16:16:49', '2023-12-28 16:16:49', '0', 1671403256519078138, 1671403256519078138, NULL);
INSERT INTO `sys_role_resource` VALUES (17936, 1671403094153375962, '100001016001003001', '2023-12-28 16:16:49', '2023-12-28 16:16:49', '0', 1671403256519078138, 1671403256519078138, NULL);
INSERT INTO `sys_role_resource` VALUES (17937, 1671403094153375962, '100001016001003002', '2023-12-28 16:16:49', '2023-12-28 16:16:49', '0', 1671403256519078138, 1671403256519078138, NULL);
INSERT INTO `sys_role_resource` VALUES (17938, 1671403094153375962, '100001016001003003', '2023-12-28 16:16:49', '2023-12-28 16:16:49', '0', 1671403256519078138, 1671403256519078138, NULL);
INSERT INTO `sys_role_resource` VALUES (17939, 1671403094153375962, '100001016001003004', '2023-12-28 16:16:49', '2023-12-28 16:16:49', '0', 1671403256519078138, 1671403256519078138, NULL);
INSERT INTO `sys_role_resource` VALUES (17940, 1671403094153375962, '100001016001003005', '2023-12-28 16:16:49', '2023-12-28 16:16:49', '0', 1671403256519078138, 1671403256519078138, NULL);
INSERT INTO `sys_role_resource` VALUES (17941, 1671403094153375962, '100001016001002', '2023-12-28 16:16:49', '2023-12-28 16:16:49', '0', 1671403256519078138, 1671403256519078138, NULL);
INSERT INTO `sys_role_resource` VALUES (17942, 1671403094153375962, '100001016001002001', '2023-12-28 16:16:49', '2023-12-28 16:16:49', '0', 1671403256519078138, 1671403256519078138, NULL);
INSERT INTO `sys_role_resource` VALUES (17943, 1671403094153375962, '100001016001002002', '2023-12-28 16:16:49', '2023-12-28 16:16:49', '0', 1671403256519078138, 1671403256519078138, NULL);
INSERT INTO `sys_role_resource` VALUES (17944, 1671403094153375962, '100001016001002003', '2023-12-28 16:16:49', '2023-12-28 16:16:49', '0', 1671403256519078138, 1671403256519078138, NULL);
INSERT INTO `sys_role_resource` VALUES (17945, 1671403094153375962, '100001016001002004', '2023-12-28 16:16:49', '2023-12-28 16:16:49', '0', 1671403256519078138, 1671403256519078138, NULL);
INSERT INTO `sys_role_resource` VALUES (17946, 1671403094153375962, '100001016002000', '2023-12-28 16:16:49', '2023-12-28 16:16:49', '0', 1671403256519078138, 1671403256519078138, NULL);
INSERT INTO `sys_role_resource` VALUES (17947, 1671403094153375962, '100001016002001', '2023-12-28 16:16:49', '2023-12-28 16:16:49', '0', 1671403256519078138, 1671403256519078138, NULL);
INSERT INTO `sys_role_resource` VALUES (17948, 1671403094153375962, '100001016002002', '2023-12-28 16:16:49', '2023-12-28 16:16:49', '0', 1671403256519078138, 1671403256519078138, NULL);
INSERT INTO `sys_role_resource` VALUES (17949, 1671403094153375962, '100001017000000', '2023-12-28 16:16:49', '2023-12-28 16:16:49', '0', 1671403256519078138, 1671403256519078138, NULL);
INSERT INTO `sys_role_resource` VALUES (17950, 1671403094153375962, '100001017001000', '2023-12-28 16:16:49', '2023-12-28 16:16:49', '0', 1671403256519078138, 1671403256519078138, NULL);
INSERT INTO `sys_role_resource` VALUES (17951, 1671403094153375962, '100001017001001', '2023-12-28 16:16:49', '2023-12-28 16:16:49', '0', 1671403256519078138, 1671403256519078138, NULL);
INSERT INTO `sys_role_resource` VALUES (17952, 1671403094153375962, '100001017001001001', '2023-12-28 16:16:49', '2023-12-28 16:16:49', '0', 1671403256519078138, 1671403256519078138, NULL);
INSERT INTO `sys_role_resource` VALUES (17953, 1671403094153375962, '100001017001001002', '2023-12-28 16:16:49', '2023-12-28 16:16:49', '0', 1671403256519078138, 1671403256519078138, NULL);
INSERT INTO `sys_role_resource` VALUES (17954, 1671403094153375962, '100001017001001003', '2023-12-28 16:16:49', '2023-12-28 16:16:49', '0', 1671403256519078138, 1671403256519078138, NULL);
INSERT INTO `sys_role_resource` VALUES (17955, 1671403094153375962, '100001017001002', '2023-12-28 16:16:49', '2023-12-28 16:16:49', '0', 1671403256519078138, 1671403256519078138, NULL);
INSERT INTO `sys_role_resource` VALUES (17956, 1671403094153375962, '100001017001002001', '2023-12-28 16:16:49', '2023-12-28 16:16:49', '0', 1671403256519078138, 1671403256519078138, NULL);
INSERT INTO `sys_role_resource` VALUES (17957, 1671403094153375962, '100001018000000', '2023-12-28 16:16:49', '2023-12-28 16:16:49', '0', 1671403256519078138, 1671403256519078138, NULL);
INSERT INTO `sys_role_resource` VALUES (17958, 1671403094153375962, '100001018001000', '2023-12-28 16:16:49', '2023-12-28 16:16:49', '0', 1671403256519078138, 1671403256519078138, NULL);
INSERT INTO `sys_role_resource` VALUES (17959, 1671403094153375962, '100001018001001', '2023-12-28 16:16:49', '2023-12-28 16:16:49', '0', 1671403256519078138, 1671403256519078138, NULL);
INSERT INTO `sys_role_resource` VALUES (17960, 1671403094153375962, '100001018001001001', '2023-12-28 16:16:49', '2023-12-28 16:16:49', '0', 1671403256519078138, 1671403256519078138, NULL);
INSERT INTO `sys_role_resource` VALUES (17961, 1671403094153375962, '100001018001001002', '2023-12-28 16:16:49', '2023-12-28 16:16:49', '0', 1671403256519078138, 1671403256519078138, NULL);
INSERT INTO `sys_role_resource` VALUES (17962, 1671403094153375962, '100001018001001003', '2023-12-28 16:16:49', '2023-12-28 16:16:49', '0', 1671403256519078138, 1671403256519078138, NULL);
INSERT INTO `sys_role_resource` VALUES (17963, 1671403094153375962, '100001018001001004', '2023-12-28 16:16:49', '2023-12-28 16:16:49', '0', 1671403256519078138, 1671403256519078138, NULL);
INSERT INTO `sys_role_resource` VALUES (17964, 1671403094153375962, '100001018001002', '2023-12-28 16:16:49', '2023-12-28 16:16:49', '0', 1671403256519078138, 1671403256519078138, NULL);
INSERT INTO `sys_role_resource` VALUES (17965, 1671403094153375962, '100001018001002001', '2023-12-28 16:16:49', '2023-12-28 16:16:49', '0', 1671403256519078138, 1671403256519078138, NULL);
INSERT INTO `sys_role_resource` VALUES (17966, 1671403094153375962, '100001018002000', '2023-12-28 16:16:49', '2023-12-28 16:16:49', '0', 1671403256519078138, 1671403256519078138, NULL);
INSERT INTO `sys_role_resource` VALUES (17967, 1671403094153375962, '100001018002001', '2023-12-28 16:16:49', '2023-12-28 16:16:49', '0', 1671403256519078138, 1671403256519078138, NULL);
INSERT INTO `sys_role_resource` VALUES (17968, 1671403094153375962, '100001018002001001', '2023-12-28 16:16:49', '2023-12-28 16:16:49', '0', 1671403256519078138, 1671403256519078138, NULL);
INSERT INTO `sys_role_resource` VALUES (17969, 1671403094153375962, '100001018002002', '2023-12-28 16:16:49', '2023-12-28 16:16:49', '0', 1671403256519078138, 1671403256519078138, NULL);
INSERT INTO `sys_role_resource` VALUES (17970, 1671403094153375962, '100001019000000', '2023-12-28 16:16:49', '2023-12-28 16:16:49', '0', 1671403256519078138, 1671403256519078138, NULL);
INSERT INTO `sys_role_resource` VALUES (17971, 1671403094153375962, '100001019001000', '2023-12-28 16:16:49', '2023-12-28 16:16:49', '0', 1671403256519078138, 1671403256519078138, NULL);
INSERT INTO `sys_role_resource` VALUES (17972, 1671403094153375962, '100001019001001', '2023-12-28 16:16:49', '2023-12-28 16:16:49', '0', 1671403256519078138, 1671403256519078138, NULL);
INSERT INTO `sys_role_resource` VALUES (17973, 1671403094153375962, '100001001000000', '2023-12-28 16:16:49', '2023-12-28 16:16:49', '0', 1671403256519078138, 1671403256519078138, NULL);
INSERT INTO `sys_role_resource` VALUES (17974, 1671403094153375962, '100001001006000', '2023-12-28 16:16:49', '2023-12-28 16:16:49', '0', 1671403256519078138, 1671403256519078138, NULL);
INSERT INTO `sys_role_resource` VALUES (17975, 1671403094153375962, '100001001005000', '2023-12-28 16:16:49', '2023-12-28 16:16:49', '0', 1671403256519078138, 1671403256519078138, NULL);
INSERT INTO `sys_role_resource` VALUES (17976, 1671403094153375962, '100001001005009', '2023-12-28 16:16:49', '2023-12-28 16:16:49', '0', 1671403256519078138, 1671403256519078138, NULL);
INSERT INTO `sys_role_resource` VALUES (17977, 1671403094153375962, '100001001005010', '2023-12-28 16:16:49', '2023-12-28 16:16:49', '0', 1671403256519078138, 1671403256519078138, NULL);
INSERT INTO `sys_role_resource` VALUES (17978, 1671403094153375962, '100001001005011', '2023-12-28 16:16:49', '2023-12-28 16:16:49', '0', 1671403256519078138, 1671403256519078138, NULL);
INSERT INTO `sys_role_resource` VALUES (17979, 1671403094153375962, '100001001005006', '2023-12-28 16:16:49', '2023-12-28 16:16:49', '0', 1671403256519078138, 1671403256519078138, NULL);
INSERT INTO `sys_role_resource` VALUES (17980, 1671403094153375962, '100001001005007', '2023-12-28 16:16:49', '2023-12-28 16:16:49', '0', 1671403256519078138, 1671403256519078138, NULL);
INSERT INTO `sys_role_resource` VALUES (17981, 1671403094153375962, '100001001005008', '2023-12-28 16:16:49', '2023-12-28 16:16:49', '0', 1671403256519078138, 1671403256519078138, NULL);
INSERT INTO `sys_role_resource` VALUES (17982, 1671403094153375962, '100001001007000', '2023-12-28 16:16:49', '2023-12-28 16:16:49', '0', 1671403256519078138, 1671403256519078138, NULL);
INSERT INTO `sys_role_resource` VALUES (17983, 1671403094153375962, '100001001004000', '2023-12-28 16:16:49', '2023-12-28 16:16:49', '0', 1671403256519078138, 1671403256519078138, NULL);
INSERT INTO `sys_role_resource` VALUES (17984, 1671403094153375962, '100001001004001', '2023-12-28 16:16:49', '2023-12-28 16:16:49', '0', 1671403256519078138, 1671403256519078138, NULL);
INSERT INTO `sys_role_resource` VALUES (17985, 1671403094153375962, '100001001004003', '2023-12-28 16:16:49', '2023-12-28 16:16:49', '0', 1671403256519078138, 1671403256519078138, NULL);
INSERT INTO `sys_role_resource` VALUES (17986, 1671403094153375962, '100001001004004', '2023-12-28 16:16:49', '2023-12-28 16:16:49', '0', 1671403256519078138, 1671403256519078138, NULL);
INSERT INTO `sys_role_resource` VALUES (17987, 1671403094153375962, '100001001004005', '2023-12-28 16:16:49', '2023-12-28 16:16:49', '0', 1671403256519078138, 1671403256519078138, NULL);
INSERT INTO `sys_role_resource` VALUES (17988, 1671403094153375962, '100001001004006', '2023-12-28 16:16:49', '2023-12-28 16:16:49', '0', 1671403256519078138, 1671403256519078138, NULL);
INSERT INTO `sys_role_resource` VALUES (17989, 1671403094153375962, '100001001003000', '2023-12-28 16:16:49', '2023-12-28 16:16:49', '0', 1671403256519078138, 1671403256519078138, NULL);
INSERT INTO `sys_role_resource` VALUES (17990, 1671403094153375962, '100001001003001', '2023-12-28 16:16:49', '2023-12-28 16:16:49', '0', 1671403256519078138, 1671403256519078138, NULL);
INSERT INTO `sys_role_resource` VALUES (17991, 1671403094153375962, '100001001003002', '2023-12-28 16:16:49', '2023-12-28 16:16:49', '0', 1671403256519078138, 1671403256519078138, NULL);
INSERT INTO `sys_role_resource` VALUES (17992, 1671403094153375962, '100001001003003', '2023-12-28 16:16:49', '2023-12-28 16:16:49', '0', 1671403256519078138, 1671403256519078138, NULL);
INSERT INTO `sys_role_resource` VALUES (17993, 1671403094153375962, '100001001003004', '2023-12-28 16:16:49', '2023-12-28 16:16:49', '0', 1671403256519078138, 1671403256519078138, NULL);
INSERT INTO `sys_role_resource` VALUES (17994, 1671403094153375962, '100001001003005', '2023-12-28 16:16:49', '2023-12-28 16:16:49', '0', 1671403256519078138, 1671403256519078138, NULL);
INSERT INTO `sys_role_resource` VALUES (17995, 1671403094153375962, '100001001003006', '2023-12-28 16:16:49', '2023-12-28 16:16:49', '0', 1671403256519078138, 1671403256519078138, NULL);
INSERT INTO `sys_role_resource` VALUES (17996, 1671403094153375962, '100001001003007', '2023-12-28 16:16:49', '2023-12-28 16:16:49', '0', 1671403256519078138, 1671403256519078138, NULL);
INSERT INTO `sys_role_resource` VALUES (17997, 1671403094153375962, '100001001003008', '2023-12-28 16:16:49', '2023-12-28 16:16:49', '0', 1671403256519078138, 1671403256519078138, NULL);
INSERT INTO `sys_role_resource` VALUES (17998, 1671403094153375962, '100001001003009', '2023-12-28 16:16:49', '2023-12-28 16:16:49', '0', 1671403256519078138, 1671403256519078138, NULL);
INSERT INTO `sys_role_resource` VALUES (17999, 1671403094153375962, '100001001003010', '2023-12-28 16:16:49', '2023-12-28 16:16:49', '0', 1671403256519078138, 1671403256519078138, NULL);
INSERT INTO `sys_role_resource` VALUES (18000, 1671403094153375962, '100001001003011', '2023-12-28 16:16:49', '2023-12-28 16:16:49', '0', 1671403256519078138, 1671403256519078138, NULL);
INSERT INTO `sys_role_resource` VALUES (18001, 1671403094153375962, '100001001001000', '2023-12-28 16:16:49', '2023-12-28 16:16:49', '0', 1671403256519078138, 1671403256519078138, NULL);
INSERT INTO `sys_role_resource` VALUES (18002, 1671403094153375962, '100001001001007', '2023-12-28 16:16:49', '2023-12-28 16:16:49', '0', 1671403256519078138, 1671403256519078138, NULL);
INSERT INTO `sys_role_resource` VALUES (18003, 1671403094153375962, '100001001001001', '2023-12-28 16:16:49', '2023-12-28 16:16:49', '0', 1671403256519078138, 1671403256519078138, NULL);
INSERT INTO `sys_role_resource` VALUES (18004, 1671403094153375962, '100001001001003', '2023-12-28 16:16:49', '2023-12-28 16:16:49', '0', 1671403256519078138, 1671403256519078138, NULL);
INSERT INTO `sys_role_resource` VALUES (18005, 1671403094153375962, '100001001001008', '2023-12-28 16:16:49', '2023-12-28 16:16:49', '0', 1671403256519078138, 1671403256519078138, NULL);
INSERT INTO `sys_role_resource` VALUES (18006, 1671403094153375962, '100001001001009', '2023-12-28 16:16:49', '2023-12-28 16:16:49', '0', 1671403256519078138, 1671403256519078138, NULL);
INSERT INTO `sys_role_resource` VALUES (18007, 1671403094153375962, '100001001001004', '2023-12-28 16:16:49', '2023-12-28 16:16:49', '0', 1671403256519078138, 1671403256519078138, NULL);
INSERT INTO `sys_role_resource` VALUES (18008, 1671403094153375962, '100001001002000', '2023-12-28 16:16:49', '2023-12-28 16:16:49', '0', 1671403256519078138, 1671403256519078138, NULL);
INSERT INTO `sys_role_resource` VALUES (18009, 1671403094153375962, '100001001002001', '2023-12-28 16:16:49', '2023-12-28 16:16:49', '0', 1671403256519078138, 1671403256519078138, NULL);
INSERT INTO `sys_role_resource` VALUES (18010, 1671403094153375962, '100001001002003', '2023-12-28 16:16:49', '2023-12-28 16:16:49', '0', 1671403256519078138, 1671403256519078138, NULL);
INSERT INTO `sys_role_resource` VALUES (18011, 1671403094153375962, '100001001002004', '2023-12-28 16:16:49', '2023-12-28 16:16:49', '0', 1671403256519078138, 1671403256519078138, NULL);
INSERT INTO `sys_role_resource` VALUES (18012, 1671403094153375962, '100001001002005', '2023-12-28 16:16:49', '2023-12-28 16:16:49', '0', 1671403256519078138, 1671403256519078138, NULL);
INSERT INTO `sys_role_resource` VALUES (18013, 1671403094153375962, '100001001002006', '2023-12-28 16:16:49', '2023-12-28 16:16:49', '0', 1671403256519078138, 1671403256519078138, NULL);
INSERT INTO `sys_role_resource` VALUES (18014, 1671403094153375962, '100001020000000', '2023-12-28 16:16:49', '2023-12-28 16:16:49', '0', 1671403256519078138, 1671403256519078138, NULL);
INSERT INTO `sys_role_resource` VALUES (18015, 1671403094153375962, '100001020001000', '2023-12-28 16:16:49', '2023-12-28 16:16:49', '0', 1671403256519078138, 1671403256519078138, NULL);
INSERT INTO `sys_role_resource` VALUES (18016, 1671403094153375962, '100001020001001', '2023-12-28 16:16:49', '2023-12-28 16:16:49', '0', 1671403256519078138, 1671403256519078138, NULL);
INSERT INTO `sys_role_resource` VALUES (18017, 1671403094153375962, '100001020001001001', '2023-12-28 16:16:49', '2023-12-28 16:16:49', '0', 1671403256519078138, 1671403256519078138, NULL);
INSERT INTO `sys_role_resource` VALUES (18018, 1671403094153375962, '100001020001001002', '2023-12-28 16:16:49', '2023-12-28 16:16:49', '0', 1671403256519078138, 1671403256519078138, NULL);
INSERT INTO `sys_role_resource` VALUES (18019, 1671403094153375962, '100001020001001003', '2023-12-28 16:16:49', '2023-12-28 16:16:49', '0', 1671403256519078138, 1671403256519078138, NULL);
INSERT INTO `sys_role_resource` VALUES (18020, 1671403094153375962, '100001020001001004', '2023-12-28 16:16:49', '2023-12-28 16:16:49', '0', 1671403256519078138, 1671403256519078138, NULL);
INSERT INTO `sys_role_resource` VALUES (18021, 1671403094153375962, '100001020002000', '2023-12-28 16:16:49', '2023-12-28 16:16:49', '0', 1671403256519078138, 1671403256519078138, NULL);
INSERT INTO `sys_role_resource` VALUES (18022, 1671403094153375962, '100001020002001', '2023-12-28 16:16:49', '2023-12-28 16:16:49', '0', 1671403256519078138, 1671403256519078138, NULL);
INSERT INTO `sys_role_resource` VALUES (18023, 1671403094153375962, '100001020002001001', '2023-12-28 16:16:49', '2023-12-28 16:16:49', '0', 1671403256519078138, 1671403256519078138, NULL);
INSERT INTO `sys_role_resource` VALUES (18024, 1671403094153375962, '100001020002002', '2023-12-28 16:16:49', '2023-12-28 16:16:49', '0', 1671403256519078138, 1671403256519078138, NULL);
INSERT INTO `sys_role_resource` VALUES (18025, 1671403094153375962, '100001020002002001', '2023-12-28 16:16:49', '2023-12-28 16:16:49', '0', 1671403256519078138, 1671403256519078138, NULL);
INSERT INTO `sys_role_resource` VALUES (18026, 1671403094153375962, '100001020002002002', '2023-12-28 16:16:49', '2023-12-28 16:16:49', '0', 1671403256519078138, 1671403256519078138, NULL);
INSERT INTO `sys_role_resource` VALUES (18027, 1671403094153375962, '100001020002002003', '2023-12-28 16:16:49', '2023-12-28 16:16:49', '0', 1671403256519078138, 1671403256519078138, NULL);
INSERT INTO `sys_role_resource` VALUES (18028, 1671403094153375962, '100001020002002004', '2023-12-28 16:16:49', '2023-12-28 16:16:49', '0', 1671403256519078138, 1671403256519078138, NULL);
INSERT INTO `sys_role_resource` VALUES (18029, 1671403094153375962, '100001020002002005', '2023-12-28 16:16:49', '2023-12-28 16:16:49', '0', 1671403256519078138, 1671403256519078138, NULL);
INSERT INTO `sys_role_resource` VALUES (18198, 1671403094153375958, '100001012000000', '2023-12-28 16:19:21', '2023-12-28 16:19:21', '0', 1671403256519078138, 1671403256519078138, NULL);
INSERT INTO `sys_role_resource` VALUES (18199, 1671403094153375958, '100001012001000', '2023-12-28 16:19:21', '2023-12-28 16:19:21', '0', 1671403256519078138, 1671403256519078138, NULL);
INSERT INTO `sys_role_resource` VALUES (18200, 1671403094153375958, '100001012001001', '2023-12-28 16:19:21', '2023-12-28 16:19:21', '0', 1671403256519078138, 1671403256519078138, NULL);
INSERT INTO `sys_role_resource` VALUES (18201, 1671403094153375958, '100001017000000', '2023-12-28 16:19:21', '2023-12-28 16:19:21', '0', 1671403256519078138, 1671403256519078138, NULL);
INSERT INTO `sys_role_resource` VALUES (18202, 1671403094153375958, '100001017001000', '2023-12-28 16:19:21', '2023-12-28 16:19:21', '0', 1671403256519078138, 1671403256519078138, NULL);
INSERT INTO `sys_role_resource` VALUES (18203, 1671403094153375958, '100001017001001', '2023-12-28 16:19:21', '2023-12-28 16:19:21', '0', 1671403256519078138, 1671403256519078138, NULL);
INSERT INTO `sys_role_resource` VALUES (18204, 1671403094153375958, '100001017001001001', '2023-12-28 16:19:21', '2023-12-28 16:19:21', '0', 1671403256519078138, 1671403256519078138, NULL);
INSERT INTO `sys_role_resource` VALUES (18205, 1671403094153375958, '100001017001001002', '2023-12-28 16:19:21', '2023-12-28 16:19:21', '0', 1671403256519078138, 1671403256519078138, NULL);
INSERT INTO `sys_role_resource` VALUES (18206, 1671403094153375958, '100001017001001003', '2023-12-28 16:19:21', '2023-12-28 16:19:21', '0', 1671403256519078138, 1671403256519078138, NULL);
INSERT INTO `sys_role_resource` VALUES (18207, 1671403094153375958, '100001017001002', '2023-12-28 16:19:21', '2023-12-28 16:19:21', '0', 1671403256519078138, 1671403256519078138, NULL);
INSERT INTO `sys_role_resource` VALUES (18208, 1671403094153375958, '100001017001002001', '2023-12-28 16:19:21', '2023-12-28 16:19:21', '0', 1671403256519078138, 1671403256519078138, NULL);
INSERT INTO `sys_role_resource` VALUES (18209, 1671403094153375958, '100001018000000', '2023-12-28 16:19:21', '2023-12-28 16:19:21', '0', 1671403256519078138, 1671403256519078138, NULL);
INSERT INTO `sys_role_resource` VALUES (18210, 1671403094153375958, '100001018001000', '2023-12-28 16:19:21', '2023-12-28 16:19:21', '0', 1671403256519078138, 1671403256519078138, NULL);
INSERT INTO `sys_role_resource` VALUES (18211, 1671403094153375958, '100001018001001', '2023-12-28 16:19:21', '2023-12-28 16:19:21', '0', 1671403256519078138, 1671403256519078138, NULL);
INSERT INTO `sys_role_resource` VALUES (18212, 1671403094153375958, '100001018001001001', '2023-12-28 16:19:21', '2023-12-28 16:19:21', '0', 1671403256519078138, 1671403256519078138, NULL);
INSERT INTO `sys_role_resource` VALUES (18213, 1671403094153375958, '100001018001001002', '2023-12-28 16:19:21', '2023-12-28 16:19:21', '0', 1671403256519078138, 1671403256519078138, NULL);
INSERT INTO `sys_role_resource` VALUES (18214, 1671403094153375958, '100001018001001003', '2023-12-28 16:19:21', '2023-12-28 16:19:21', '0', 1671403256519078138, 1671403256519078138, NULL);
INSERT INTO `sys_role_resource` VALUES (18215, 1671403094153375958, '100001018001001004', '2023-12-28 16:19:21', '2023-12-28 16:19:21', '0', 1671403256519078138, 1671403256519078138, NULL);
INSERT INTO `sys_role_resource` VALUES (18216, 1671403094153375958, '100001018001002', '2023-12-28 16:19:21', '2023-12-28 16:19:21', '0', 1671403256519078138, 1671403256519078138, NULL);
INSERT INTO `sys_role_resource` VALUES (18217, 1671403094153375958, '100001018001002001', '2023-12-28 16:19:21', '2023-12-28 16:19:21', '0', 1671403256519078138, 1671403256519078138, NULL);
INSERT INTO `sys_role_resource` VALUES (18218, 1671403094153375958, '100001018002000', '2023-12-28 16:19:21', '2023-12-28 16:19:21', '0', 1671403256519078138, 1671403256519078138, NULL);
INSERT INTO `sys_role_resource` VALUES (18219, 1671403094153375958, '100001018002001', '2023-12-28 16:19:21', '2023-12-28 16:19:21', '0', 1671403256519078138, 1671403256519078138, NULL);
INSERT INTO `sys_role_resource` VALUES (18220, 1671403094153375958, '100001018002001001', '2023-12-28 16:19:21', '2023-12-28 16:19:21', '0', 1671403256519078138, 1671403256519078138, NULL);
INSERT INTO `sys_role_resource` VALUES (18221, 1671403094153375958, '100001018002002', '2023-12-28 16:19:21', '2023-12-28 16:19:21', '0', 1671403256519078138, 1671403256519078138, NULL);
INSERT INTO `sys_role_resource` VALUES (18222, 1671403094153375956, '100001012000000', '2023-12-28 16:19:47', '2023-12-28 16:19:47', '0', 1671403256519078138, 1671403256519078138, NULL);
INSERT INTO `sys_role_resource` VALUES (18223, 1671403094153375956, '100001012001000', '2023-12-28 16:19:47', '2023-12-28 16:19:47', '0', 1671403256519078138, 1671403256519078138, NULL);
INSERT INTO `sys_role_resource` VALUES (18224, 1671403094153375956, '100001012001001', '2023-12-28 16:19:47', '2023-12-28 16:19:47', '0', 1671403256519078138, 1671403256519078138, NULL);
INSERT INTO `sys_role_resource` VALUES (18225, 1671403094153375956, '100001013000000', '2023-12-28 16:19:47', '2023-12-28 16:19:47', '0', 1671403256519078138, 1671403256519078138, NULL);
INSERT INTO `sys_role_resource` VALUES (18226, 1671403094153375956, '100001013001000', '2023-12-28 16:19:47', '2023-12-28 16:19:47', '0', 1671403256519078138, 1671403256519078138, NULL);
INSERT INTO `sys_role_resource` VALUES (18227, 1671403094153375956, '100001013001001', '2023-12-28 16:19:47', '2023-12-28 16:19:47', '0', 1671403256519078138, 1671403256519078138, NULL);
INSERT INTO `sys_role_resource` VALUES (18228, 1671403094153375956, '100001013001001001', '2023-12-28 16:19:47', '2023-12-28 16:19:47', '0', 1671403256519078138, 1671403256519078138, NULL);
INSERT INTO `sys_role_resource` VALUES (18229, 1671403094153375956, '100001013001002', '2023-12-28 16:19:47', '2023-12-28 16:19:47', '0', 1671403256519078138, 1671403256519078138, NULL);
INSERT INTO `sys_role_resource` VALUES (18230, 1671403094153375956, '100001013001002001', '2023-12-28 16:19:47', '2023-12-28 16:19:47', '0', 1671403256519078138, 1671403256519078138, NULL);
INSERT INTO `sys_role_resource` VALUES (18231, 1671403094153375956, '100001015000000', '2023-12-28 16:19:47', '2023-12-28 16:19:47', '0', 1671403256519078138, 1671403256519078138, NULL);
INSERT INTO `sys_role_resource` VALUES (18232, 1671403094153375956, '100001015001000', '2023-12-28 16:19:47', '2023-12-28 16:19:47', '0', 1671403256519078138, 1671403256519078138, NULL);
INSERT INTO `sys_role_resource` VALUES (18233, 1671403094153375956, '100001015001001', '2023-12-28 16:19:47', '2023-12-28 16:19:47', '0', 1671403256519078138, 1671403256519078138, NULL);
INSERT INTO `sys_role_resource` VALUES (18234, 1671403094153375956, '100001015001001001', '2023-12-28 16:19:47', '2023-12-28 16:19:47', '0', 1671403256519078138, 1671403256519078138, NULL);
INSERT INTO `sys_role_resource` VALUES (18235, 1671403094153375956, '100001015002000', '2023-12-28 16:19:47', '2023-12-28 16:19:47', '0', 1671403256519078138, 1671403256519078138, NULL);
INSERT INTO `sys_role_resource` VALUES (18236, 1671403094153375956, '100001015002001', '2023-12-28 16:19:47', '2023-12-28 16:19:47', '0', 1671403256519078138, 1671403256519078138, NULL);
INSERT INTO `sys_role_resource` VALUES (18237, 1671403094153375956, '100001015002001001', '2023-12-28 16:19:47', '2023-12-28 16:19:47', '0', 1671403256519078138, 1671403256519078138, NULL);
INSERT INTO `sys_role_resource` VALUES (18238, 1671403094153375956, '100001015002001002', '2023-12-28 16:19:47', '2023-12-28 16:19:47', '0', 1671403256519078138, 1671403256519078138, NULL);
INSERT INTO `sys_role_resource` VALUES (18239, 1671403094153375956, '100001015002001003', '2023-12-28 16:19:47', '2023-12-28 16:19:47', '0', 1671403256519078138, 1671403256519078138, NULL);
INSERT INTO `sys_role_resource` VALUES (18240, 1671403094153375956, '100001015002001004', '2023-12-28 16:19:47', '2023-12-28 16:19:47', '0', 1671403256519078138, 1671403256519078138, NULL);
INSERT INTO `sys_role_resource` VALUES (18241, 1671403094153375956, '100001015002001005', '2023-12-28 16:19:47', '2023-12-28 16:19:47', '0', 1671403256519078138, 1671403256519078138, NULL);
INSERT INTO `sys_role_resource` VALUES (18242, 1671403094153375956, '100001015002001006', '2023-12-28 16:19:47', '2023-12-28 16:19:47', '0', 1671403256519078138, 1671403256519078138, NULL);
INSERT INTO `sys_role_resource` VALUES (18243, 1671403094153375956, '100001015002001007', '2023-12-28 16:19:47', '2023-12-28 16:19:47', '0', 1671403256519078138, 1671403256519078138, NULL);
INSERT INTO `sys_role_resource` VALUES (18244, 1671403094153375956, '100001015002001008', '2023-12-28 16:19:47', '2023-12-28 16:19:47', '0', 1671403256519078138, 1671403256519078138, NULL);
INSERT INTO `sys_role_resource` VALUES (18245, 1671403094153375956, '100001015002001009', '2023-12-28 16:19:47', '2023-12-28 16:19:47', '0', 1671403256519078138, 1671403256519078138, NULL);
INSERT INTO `sys_role_resource` VALUES (18246, 1671403094153375956, '100001015002001010', '2023-12-28 16:19:47', '2023-12-28 16:19:47', '0', 1671403256519078138, 1671403256519078138, NULL);
INSERT INTO `sys_role_resource` VALUES (18247, 1671403094153375956, '100001015002002', '2023-12-28 16:19:47', '2023-12-28 16:19:47', '0', 1671403256519078138, 1671403256519078138, NULL);
INSERT INTO `sys_role_resource` VALUES (18248, 1671403094153375956, '100001015002003', '2023-12-28 16:19:47', '2023-12-28 16:19:47', '0', 1671403256519078138, 1671403256519078138, NULL);
INSERT INTO `sys_role_resource` VALUES (18249, 1671403094153375956, '100001015002003001', '2023-12-28 16:19:47', '2023-12-28 16:19:47', '0', 1671403256519078138, 1671403256519078138, NULL);
INSERT INTO `sys_role_resource` VALUES (18250, 1671403094153375956, '100001015002003002', '2023-12-28 16:19:47', '2023-12-28 16:19:47', '0', 1671403256519078138, 1671403256519078138, NULL);
INSERT INTO `sys_role_resource` VALUES (18251, 1671403094153375956, '100001015002003003', '2023-12-28 16:19:47', '2023-12-28 16:19:47', '0', 1671403256519078138, 1671403256519078138, NULL);
INSERT INTO `sys_role_resource` VALUES (18252, 1671403094153375956, '100001015002003004', '2023-12-28 16:19:47', '2023-12-28 16:19:47', '0', 1671403256519078138, 1671403256519078138, NULL);
INSERT INTO `sys_role_resource` VALUES (18253, 1671403094153375956, '100001015002003005', '2023-12-28 16:19:47', '2023-12-28 16:19:47', '0', 1671403256519078138, 1671403256519078138, NULL);
INSERT INTO `sys_role_resource` VALUES (18254, 1671403094153375956, '100001016000000', '2023-12-28 16:19:47', '2023-12-28 16:19:47', '0', 1671403256519078138, 1671403256519078138, NULL);
INSERT INTO `sys_role_resource` VALUES (18255, 1671403094153375956, '100001016001000', '2023-12-28 16:19:47', '2023-12-28 16:19:47', '0', 1671403256519078138, 1671403256519078138, NULL);
INSERT INTO `sys_role_resource` VALUES (18256, 1671403094153375956, '100001016001001', '2023-12-28 16:19:47', '2023-12-28 16:19:47', '0', 1671403256519078138, 1671403256519078138, NULL);
INSERT INTO `sys_role_resource` VALUES (18257, 1671403094153375956, '100001016001001001', '2023-12-28 16:19:47', '2023-12-28 16:19:47', '0', 1671403256519078138, 1671403256519078138, NULL);
INSERT INTO `sys_role_resource` VALUES (18258, 1671403094153375956, '100001016001001002', '2023-12-28 16:19:47', '2023-12-28 16:19:47', '0', 1671403256519078138, 1671403256519078138, NULL);
INSERT INTO `sys_role_resource` VALUES (18259, 1671403094153375956, '100001016001001003', '2023-12-28 16:19:47', '2023-12-28 16:19:47', '0', 1671403256519078138, 1671403256519078138, NULL);
INSERT INTO `sys_role_resource` VALUES (18260, 1671403094153375956, '100001016001001004', '2023-12-28 16:19:47', '2023-12-28 16:19:47', '0', 1671403256519078138, 1671403256519078138, NULL);
INSERT INTO `sys_role_resource` VALUES (18261, 1671403094153375956, '100001016001001005', '2023-12-28 16:19:47', '2023-12-28 16:19:47', '0', 1671403256519078138, 1671403256519078138, NULL);
INSERT INTO `sys_role_resource` VALUES (18262, 1671403094153375956, '100001016001003', '2023-12-28 16:19:47', '2023-12-28 16:19:47', '0', 1671403256519078138, 1671403256519078138, NULL);
INSERT INTO `sys_role_resource` VALUES (18263, 1671403094153375956, '100001016001003001', '2023-12-28 16:19:47', '2023-12-28 16:19:47', '0', 1671403256519078138, 1671403256519078138, NULL);
INSERT INTO `sys_role_resource` VALUES (18264, 1671403094153375956, '100001016001003002', '2023-12-28 16:19:47', '2023-12-28 16:19:47', '0', 1671403256519078138, 1671403256519078138, NULL);
INSERT INTO `sys_role_resource` VALUES (18265, 1671403094153375956, '100001016001003003', '2023-12-28 16:19:47', '2023-12-28 16:19:47', '0', 1671403256519078138, 1671403256519078138, NULL);
INSERT INTO `sys_role_resource` VALUES (18266, 1671403094153375956, '100001016001003004', '2023-12-28 16:19:47', '2023-12-28 16:19:47', '0', 1671403256519078138, 1671403256519078138, NULL);
INSERT INTO `sys_role_resource` VALUES (18267, 1671403094153375956, '100001016001003005', '2023-12-28 16:19:47', '2023-12-28 16:19:47', '0', 1671403256519078138, 1671403256519078138, NULL);
INSERT INTO `sys_role_resource` VALUES (18268, 1671403094153375956, '100001016001002', '2023-12-28 16:19:47', '2023-12-28 16:19:47', '0', 1671403256519078138, 1671403256519078138, NULL);
INSERT INTO `sys_role_resource` VALUES (18269, 1671403094153375956, '100001016001002001', '2023-12-28 16:19:47', '2023-12-28 16:19:47', '0', 1671403256519078138, 1671403256519078138, NULL);
INSERT INTO `sys_role_resource` VALUES (18270, 1671403094153375956, '100001016001002002', '2023-12-28 16:19:47', '2023-12-28 16:19:47', '0', 1671403256519078138, 1671403256519078138, NULL);
INSERT INTO `sys_role_resource` VALUES (18271, 1671403094153375956, '100001016001002003', '2023-12-28 16:19:47', '2023-12-28 16:19:47', '0', 1671403256519078138, 1671403256519078138, NULL);
INSERT INTO `sys_role_resource` VALUES (18272, 1671403094153375956, '100001016001002004', '2023-12-28 16:19:47', '2023-12-28 16:19:47', '0', 1671403256519078138, 1671403256519078138, NULL);
INSERT INTO `sys_role_resource` VALUES (18273, 1671403094153375956, '100001016002000', '2023-12-28 16:19:47', '2023-12-28 16:19:47', '0', 1671403256519078138, 1671403256519078138, NULL);
INSERT INTO `sys_role_resource` VALUES (18274, 1671403094153375956, '100001016002001', '2023-12-28 16:19:47', '2023-12-28 16:19:47', '0', 1671403256519078138, 1671403256519078138, NULL);
INSERT INTO `sys_role_resource` VALUES (18275, 1671403094153375956, '100001016002002', '2023-12-28 16:19:47', '2023-12-28 16:19:47', '0', 1671403256519078138, 1671403256519078138, NULL);
INSERT INTO `sys_role_resource` VALUES (18276, 1671403094153375956, '100001001000000', '2023-12-28 16:19:47', '2023-12-28 16:19:47', '0', 1671403256519078138, 1671403256519078138, NULL);
INSERT INTO `sys_role_resource` VALUES (18277, 1671403094153375956, '100001001006000', '2023-12-28 16:19:47', '2023-12-28 16:19:47', '0', 1671403256519078138, 1671403256519078138, NULL);
INSERT INTO `sys_role_resource` VALUES (18278, 1671403094153375956, '100001001005000', '2023-12-28 16:19:47', '2023-12-28 16:19:47', '0', 1671403256519078138, 1671403256519078138, NULL);
INSERT INTO `sys_role_resource` VALUES (18279, 1671403094153375956, '100001001005009', '2023-12-28 16:19:47', '2023-12-28 16:19:47', '0', 1671403256519078138, 1671403256519078138, NULL);
INSERT INTO `sys_role_resource` VALUES (18280, 1671403094153375956, '100001001005010', '2023-12-28 16:19:47', '2023-12-28 16:19:47', '0', 1671403256519078138, 1671403256519078138, NULL);
INSERT INTO `sys_role_resource` VALUES (18281, 1671403094153375956, '100001001005011', '2023-12-28 16:19:47', '2023-12-28 16:19:47', '0', 1671403256519078138, 1671403256519078138, NULL);
INSERT INTO `sys_role_resource` VALUES (18282, 1671403094153375956, '100001001005006', '2023-12-28 16:19:47', '2023-12-28 16:19:47', '0', 1671403256519078138, 1671403256519078138, NULL);
INSERT INTO `sys_role_resource` VALUES (18283, 1671403094153375956, '100001001005007', '2023-12-28 16:19:47', '2023-12-28 16:19:47', '0', 1671403256519078138, 1671403256519078138, NULL);
INSERT INTO `sys_role_resource` VALUES (18284, 1671403094153375956, '100001001005008', '2023-12-28 16:19:47', '2023-12-28 16:19:47', '0', 1671403256519078138, 1671403256519078138, NULL);
INSERT INTO `sys_role_resource` VALUES (18285, 1671403094153375956, '100001001007000', '2023-12-28 16:19:47', '2023-12-28 16:19:47', '0', 1671403256519078138, 1671403256519078138, NULL);
INSERT INTO `sys_role_resource` VALUES (18286, 1671403094153375956, '100001001004000', '2023-12-28 16:19:47', '2023-12-28 16:19:47', '0', 1671403256519078138, 1671403256519078138, NULL);
INSERT INTO `sys_role_resource` VALUES (18287, 1671403094153375956, '100001001004001', '2023-12-28 16:19:47', '2023-12-28 16:19:47', '0', 1671403256519078138, 1671403256519078138, NULL);
INSERT INTO `sys_role_resource` VALUES (18288, 1671403094153375956, '100001001004003', '2023-12-28 16:19:47', '2023-12-28 16:19:47', '0', 1671403256519078138, 1671403256519078138, NULL);
INSERT INTO `sys_role_resource` VALUES (18289, 1671403094153375956, '100001001004004', '2023-12-28 16:19:47', '2023-12-28 16:19:47', '0', 1671403256519078138, 1671403256519078138, NULL);
INSERT INTO `sys_role_resource` VALUES (18290, 1671403094153375956, '100001001004005', '2023-12-28 16:19:47', '2023-12-28 16:19:47', '0', 1671403256519078138, 1671403256519078138, NULL);
INSERT INTO `sys_role_resource` VALUES (18291, 1671403094153375956, '100001001004006', '2023-12-28 16:19:47', '2023-12-28 16:19:47', '0', 1671403256519078138, 1671403256519078138, NULL);
INSERT INTO `sys_role_resource` VALUES (18292, 1671403094153375956, '100001001003000', '2023-12-28 16:19:47', '2023-12-28 16:19:47', '0', 1671403256519078138, 1671403256519078138, NULL);
INSERT INTO `sys_role_resource` VALUES (18293, 1671403094153375956, '100001001003001', '2023-12-28 16:19:47', '2023-12-28 16:19:47', '0', 1671403256519078138, 1671403256519078138, NULL);
INSERT INTO `sys_role_resource` VALUES (18294, 1671403094153375956, '100001001003002', '2023-12-28 16:19:47', '2023-12-28 16:19:47', '0', 1671403256519078138, 1671403256519078138, NULL);
INSERT INTO `sys_role_resource` VALUES (18295, 1671403094153375956, '100001001003003', '2023-12-28 16:19:47', '2023-12-28 16:19:47', '0', 1671403256519078138, 1671403256519078138, NULL);
INSERT INTO `sys_role_resource` VALUES (18296, 1671403094153375956, '100001001003004', '2023-12-28 16:19:47', '2023-12-28 16:19:47', '0', 1671403256519078138, 1671403256519078138, NULL);
INSERT INTO `sys_role_resource` VALUES (18297, 1671403094153375956, '100001001003005', '2023-12-28 16:19:47', '2023-12-28 16:19:47', '0', 1671403256519078138, 1671403256519078138, NULL);
INSERT INTO `sys_role_resource` VALUES (18298, 1671403094153375956, '100001001003006', '2023-12-28 16:19:47', '2023-12-28 16:19:47', '0', 1671403256519078138, 1671403256519078138, NULL);
INSERT INTO `sys_role_resource` VALUES (18299, 1671403094153375956, '100001001003007', '2023-12-28 16:19:47', '2023-12-28 16:19:47', '0', 1671403256519078138, 1671403256519078138, NULL);
INSERT INTO `sys_role_resource` VALUES (18300, 1671403094153375956, '100001001003008', '2023-12-28 16:19:47', '2023-12-28 16:19:47', '0', 1671403256519078138, 1671403256519078138, NULL);
INSERT INTO `sys_role_resource` VALUES (18301, 1671403094153375956, '100001001003009', '2023-12-28 16:19:47', '2023-12-28 16:19:47', '0', 1671403256519078138, 1671403256519078138, NULL);
INSERT INTO `sys_role_resource` VALUES (18302, 1671403094153375956, '100001001003010', '2023-12-28 16:19:47', '2023-12-28 16:19:47', '0', 1671403256519078138, 1671403256519078138, NULL);
INSERT INTO `sys_role_resource` VALUES (18303, 1671403094153375956, '100001001003011', '2023-12-28 16:19:47', '2023-12-28 16:19:47', '0', 1671403256519078138, 1671403256519078138, NULL);
INSERT INTO `sys_role_resource` VALUES (18304, 1671403094153375956, '100001001001000', '2023-12-28 16:19:47', '2023-12-28 16:19:47', '0', 1671403256519078138, 1671403256519078138, NULL);
INSERT INTO `sys_role_resource` VALUES (18305, 1671403094153375956, '100001001001007', '2023-12-28 16:19:47', '2023-12-28 16:19:47', '0', 1671403256519078138, 1671403256519078138, NULL);
INSERT INTO `sys_role_resource` VALUES (18306, 1671403094153375956, '100001001001001', '2023-12-28 16:19:47', '2023-12-28 16:19:47', '0', 1671403256519078138, 1671403256519078138, NULL);
INSERT INTO `sys_role_resource` VALUES (18307, 1671403094153375956, '100001001001003', '2023-12-28 16:19:47', '2023-12-28 16:19:47', '0', 1671403256519078138, 1671403256519078138, NULL);
INSERT INTO `sys_role_resource` VALUES (18308, 1671403094153375956, '100001001001008', '2023-12-28 16:19:47', '2023-12-28 16:19:47', '0', 1671403256519078138, 1671403256519078138, NULL);
INSERT INTO `sys_role_resource` VALUES (18309, 1671403094153375956, '100001001001009', '2023-12-28 16:19:47', '2023-12-28 16:19:47', '0', 1671403256519078138, 1671403256519078138, NULL);
INSERT INTO `sys_role_resource` VALUES (18310, 1671403094153375956, '100001001001004', '2023-12-28 16:19:47', '2023-12-28 16:19:47', '0', 1671403256519078138, 1671403256519078138, NULL);
INSERT INTO `sys_role_resource` VALUES (18311, 1671403094153375956, '100001001002000', '2023-12-28 16:19:47', '2023-12-28 16:19:47', '0', 1671403256519078138, 1671403256519078138, NULL);
INSERT INTO `sys_role_resource` VALUES (18312, 1671403094153375956, '100001001002001', '2023-12-28 16:19:47', '2023-12-28 16:19:47', '0', 1671403256519078138, 1671403256519078138, NULL);
INSERT INTO `sys_role_resource` VALUES (18313, 1671403094153375956, '100001001002003', '2023-12-28 16:19:47', '2023-12-28 16:19:47', '0', 1671403256519078138, 1671403256519078138, NULL);
INSERT INTO `sys_role_resource` VALUES (18314, 1671403094153375956, '100001001002004', '2023-12-28 16:19:47', '2023-12-28 16:19:47', '0', 1671403256519078138, 1671403256519078138, NULL);
INSERT INTO `sys_role_resource` VALUES (18315, 1671403094153375956, '100001001002005', '2023-12-28 16:19:47', '2023-12-28 16:19:47', '0', 1671403256519078138, 1671403256519078138, NULL);
INSERT INTO `sys_role_resource` VALUES (18316, 1671403094153375956, '100001001002006', '2023-12-28 16:19:47', '2023-12-28 16:19:47', '0', 1671403256519078138, 1671403256519078138, NULL);
INSERT INTO `sys_role_resource` VALUES (18317, 1671403094153375956, '100001020000000', '2023-12-28 16:19:47', '2023-12-28 16:19:47', '0', 1671403256519078138, 1671403256519078138, NULL);
INSERT INTO `sys_role_resource` VALUES (18318, 1671403094153375956, '100001020001000', '2023-12-28 16:19:47', '2023-12-28 16:19:47', '0', 1671403256519078138, 1671403256519078138, NULL);
INSERT INTO `sys_role_resource` VALUES (18319, 1671403094153375956, '100001020001001', '2023-12-28 16:19:47', '2023-12-28 16:19:47', '0', 1671403256519078138, 1671403256519078138, NULL);
INSERT INTO `sys_role_resource` VALUES (18320, 1671403094153375956, '100001020001001001', '2023-12-28 16:19:47', '2023-12-28 16:19:47', '0', 1671403256519078138, 1671403256519078138, NULL);
INSERT INTO `sys_role_resource` VALUES (18321, 1671403094153375956, '100001020001001002', '2023-12-28 16:19:47', '2023-12-28 16:19:47', '0', 1671403256519078138, 1671403256519078138, NULL);
INSERT INTO `sys_role_resource` VALUES (18322, 1671403094153375956, '100001020001001003', '2023-12-28 16:19:47', '2023-12-28 16:19:47', '0', 1671403256519078138, 1671403256519078138, NULL);
INSERT INTO `sys_role_resource` VALUES (18323, 1671403094153375956, '100001020001001004', '2023-12-28 16:19:47', '2023-12-28 16:19:47', '0', 1671403256519078138, 1671403256519078138, NULL);
INSERT INTO `sys_role_resource` VALUES (18324, 1671403094153375956, '100001020002000', '2023-12-28 16:19:47', '2023-12-28 16:19:47', '0', 1671403256519078138, 1671403256519078138, NULL);
INSERT INTO `sys_role_resource` VALUES (18325, 1671403094153375956, '100001020002001', '2023-12-28 16:19:47', '2023-12-28 16:19:47', '0', 1671403256519078138, 1671403256519078138, NULL);
INSERT INTO `sys_role_resource` VALUES (18326, 1671403094153375956, '100001020002001001', '2023-12-28 16:19:47', '2023-12-28 16:19:47', '0', 1671403256519078138, 1671403256519078138, NULL);
INSERT INTO `sys_role_resource` VALUES (18327, 1671403094153375956, '100001020002002', '2023-12-28 16:19:47', '2023-12-28 16:19:47', '0', 1671403256519078138, 1671403256519078138, NULL);
INSERT INTO `sys_role_resource` VALUES (18328, 1671403094153375956, '100001020002002001', '2023-12-28 16:19:47', '2023-12-28 16:19:47', '0', 1671403256519078138, 1671403256519078138, NULL);
INSERT INTO `sys_role_resource` VALUES (18329, 1671403094153375956, '100001020002002002', '2023-12-28 16:19:47', '2023-12-28 16:19:47', '0', 1671403256519078138, 1671403256519078138, NULL);
INSERT INTO `sys_role_resource` VALUES (18330, 1671403094153375956, '100001020002002003', '2023-12-28 16:19:47', '2023-12-28 16:19:47', '0', 1671403256519078138, 1671403256519078138, NULL);
INSERT INTO `sys_role_resource` VALUES (18331, 1671403094153375956, '100001020002002004', '2023-12-28 16:19:47', '2023-12-28 16:19:47', '0', 1671403256519078138, 1671403256519078138, NULL);
INSERT INTO `sys_role_resource` VALUES (18332, 1671403094153375956, '100001020002002005', '2023-12-28 16:19:47', '2023-12-28 16:19:47', '0', 1671403256519078138, 1671403256519078138, NULL);
INSERT INTO `sys_role_resource` VALUES (18397, 1671403094153375954, '100001012000000', '2023-12-28 16:20:29', '2023-12-28 16:20:29', '0', 1671403256519078138, 1671403256519078138, NULL);
INSERT INTO `sys_role_resource` VALUES (18398, 1671403094153375954, '100001012001000', '2023-12-28 16:20:29', '2023-12-28 16:20:29', '0', 1671403256519078138, 1671403256519078138, NULL);
INSERT INTO `sys_role_resource` VALUES (18399, 1671403094153375954, '100001012001001', '2023-12-28 16:20:29', '2023-12-28 16:20:29', '0', 1671403256519078138, 1671403256519078138, NULL);
INSERT INTO `sys_role_resource` VALUES (18400, 1671403094153375954, '100001001000000', '2023-12-28 16:20:29', '2023-12-28 16:20:29', '0', 1671403256519078138, 1671403256519078138, NULL);
INSERT INTO `sys_role_resource` VALUES (18401, 1671403094153375954, '100001001006000', '2023-12-28 16:20:29', '2023-12-28 16:20:29', '0', 1671403256519078138, 1671403256519078138, NULL);
INSERT INTO `sys_role_resource` VALUES (18402, 1671403094153375954, '100001001005000', '2023-12-28 16:20:29', '2023-12-28 16:20:29', '0', 1671403256519078138, 1671403256519078138, NULL);
INSERT INTO `sys_role_resource` VALUES (18403, 1671403094153375954, '100001001005009', '2023-12-28 16:20:29', '2023-12-28 16:20:29', '0', 1671403256519078138, 1671403256519078138, NULL);
INSERT INTO `sys_role_resource` VALUES (18404, 1671403094153375954, '100001001005010', '2023-12-28 16:20:29', '2023-12-28 16:20:29', '0', 1671403256519078138, 1671403256519078138, NULL);
INSERT INTO `sys_role_resource` VALUES (18405, 1671403094153375954, '100001001005011', '2023-12-28 16:20:29', '2023-12-28 16:20:29', '0', 1671403256519078138, 1671403256519078138, NULL);
INSERT INTO `sys_role_resource` VALUES (18406, 1671403094153375954, '100001001005006', '2023-12-28 16:20:29', '2023-12-28 16:20:29', '0', 1671403256519078138, 1671403256519078138, NULL);
INSERT INTO `sys_role_resource` VALUES (18407, 1671403094153375954, '100001001005007', '2023-12-28 16:20:29', '2023-12-28 16:20:29', '0', 1671403256519078138, 1671403256519078138, NULL);
INSERT INTO `sys_role_resource` VALUES (18408, 1671403094153375954, '100001001005008', '2023-12-28 16:20:29', '2023-12-28 16:20:29', '0', 1671403256519078138, 1671403256519078138, NULL);
INSERT INTO `sys_role_resource` VALUES (18409, 1671403094153375954, '100001001007000', '2023-12-28 16:20:29', '2023-12-28 16:20:29', '0', 1671403256519078138, 1671403256519078138, NULL);
INSERT INTO `sys_role_resource` VALUES (18410, 1671403094153375954, '100001001004000', '2023-12-28 16:20:29', '2023-12-28 16:20:29', '0', 1671403256519078138, 1671403256519078138, NULL);
INSERT INTO `sys_role_resource` VALUES (18411, 1671403094153375954, '100001001004001', '2023-12-28 16:20:29', '2023-12-28 16:20:29', '0', 1671403256519078138, 1671403256519078138, NULL);
INSERT INTO `sys_role_resource` VALUES (18412, 1671403094153375954, '100001001004003', '2023-12-28 16:20:29', '2023-12-28 16:20:29', '0', 1671403256519078138, 1671403256519078138, NULL);
INSERT INTO `sys_role_resource` VALUES (18413, 1671403094153375954, '100001001004004', '2023-12-28 16:20:29', '2023-12-28 16:20:29', '0', 1671403256519078138, 1671403256519078138, NULL);
INSERT INTO `sys_role_resource` VALUES (18414, 1671403094153375954, '100001001004005', '2023-12-28 16:20:29', '2023-12-28 16:20:29', '0', 1671403256519078138, 1671403256519078138, NULL);
INSERT INTO `sys_role_resource` VALUES (18415, 1671403094153375954, '100001001004006', '2023-12-28 16:20:29', '2023-12-28 16:20:29', '0', 1671403256519078138, 1671403256519078138, NULL);
INSERT INTO `sys_role_resource` VALUES (18416, 1671403094153375954, '100001001003000', '2023-12-28 16:20:29', '2023-12-28 16:20:29', '0', 1671403256519078138, 1671403256519078138, NULL);
INSERT INTO `sys_role_resource` VALUES (18417, 1671403094153375954, '100001001003001', '2023-12-28 16:20:29', '2023-12-28 16:20:29', '0', 1671403256519078138, 1671403256519078138, NULL);
INSERT INTO `sys_role_resource` VALUES (18418, 1671403094153375954, '100001001003002', '2023-12-28 16:20:29', '2023-12-28 16:20:29', '0', 1671403256519078138, 1671403256519078138, NULL);
INSERT INTO `sys_role_resource` VALUES (18419, 1671403094153375954, '100001001003003', '2023-12-28 16:20:29', '2023-12-28 16:20:29', '0', 1671403256519078138, 1671403256519078138, NULL);
INSERT INTO `sys_role_resource` VALUES (18420, 1671403094153375954, '100001001003004', '2023-12-28 16:20:29', '2023-12-28 16:20:29', '0', 1671403256519078138, 1671403256519078138, NULL);
INSERT INTO `sys_role_resource` VALUES (18421, 1671403094153375954, '100001001003005', '2023-12-28 16:20:29', '2023-12-28 16:20:29', '0', 1671403256519078138, 1671403256519078138, NULL);
INSERT INTO `sys_role_resource` VALUES (18422, 1671403094153375954, '100001001003006', '2023-12-28 16:20:29', '2023-12-28 16:20:29', '0', 1671403256519078138, 1671403256519078138, NULL);
INSERT INTO `sys_role_resource` VALUES (18423, 1671403094153375954, '100001001003007', '2023-12-28 16:20:29', '2023-12-28 16:20:29', '0', 1671403256519078138, 1671403256519078138, NULL);
INSERT INTO `sys_role_resource` VALUES (18424, 1671403094153375954, '100001001003008', '2023-12-28 16:20:29', '2023-12-28 16:20:29', '0', 1671403256519078138, 1671403256519078138, NULL);
INSERT INTO `sys_role_resource` VALUES (18425, 1671403094153375954, '100001001003009', '2023-12-28 16:20:29', '2023-12-28 16:20:29', '0', 1671403256519078138, 1671403256519078138, NULL);
INSERT INTO `sys_role_resource` VALUES (18426, 1671403094153375954, '100001001003010', '2023-12-28 16:20:29', '2023-12-28 16:20:29', '0', 1671403256519078138, 1671403256519078138, NULL);
INSERT INTO `sys_role_resource` VALUES (18427, 1671403094153375954, '100001001003011', '2023-12-28 16:20:29', '2023-12-28 16:20:29', '0', 1671403256519078138, 1671403256519078138, NULL);
INSERT INTO `sys_role_resource` VALUES (18428, 1671403094153375954, '100001001001000', '2023-12-28 16:20:29', '2023-12-28 16:20:29', '0', 1671403256519078138, 1671403256519078138, NULL);
INSERT INTO `sys_role_resource` VALUES (18429, 1671403094153375954, '100001001001007', '2023-12-28 16:20:29', '2023-12-28 16:20:29', '0', 1671403256519078138, 1671403256519078138, NULL);
INSERT INTO `sys_role_resource` VALUES (18430, 1671403094153375954, '100001001001001', '2023-12-28 16:20:29', '2023-12-28 16:20:29', '0', 1671403256519078138, 1671403256519078138, NULL);
INSERT INTO `sys_role_resource` VALUES (18431, 1671403094153375954, '100001001001003', '2023-12-28 16:20:29', '2023-12-28 16:20:29', '0', 1671403256519078138, 1671403256519078138, NULL);
INSERT INTO `sys_role_resource` VALUES (18432, 1671403094153375954, '100001001001008', '2023-12-28 16:20:29', '2023-12-28 16:20:29', '0', 1671403256519078138, 1671403256519078138, NULL);
INSERT INTO `sys_role_resource` VALUES (18433, 1671403094153375954, '100001001001009', '2023-12-28 16:20:29', '2023-12-28 16:20:29', '0', 1671403256519078138, 1671403256519078138, NULL);
INSERT INTO `sys_role_resource` VALUES (18434, 1671403094153375954, '100001001001004', '2023-12-28 16:20:29', '2023-12-28 16:20:29', '0', 1671403256519078138, 1671403256519078138, NULL);
INSERT INTO `sys_role_resource` VALUES (18435, 1671403094153375954, '100001001002000', '2023-12-28 16:20:29', '2023-12-28 16:20:29', '0', 1671403256519078138, 1671403256519078138, NULL);
INSERT INTO `sys_role_resource` VALUES (18436, 1671403094153375954, '100001001002001', '2023-12-28 16:20:29', '2023-12-28 16:20:29', '0', 1671403256519078138, 1671403256519078138, NULL);
INSERT INTO `sys_role_resource` VALUES (18437, 1671403094153375954, '100001001002003', '2023-12-28 16:20:29', '2023-12-28 16:20:29', '0', 1671403256519078138, 1671403256519078138, NULL);
INSERT INTO `sys_role_resource` VALUES (18438, 1671403094153375954, '100001001002004', '2023-12-28 16:20:29', '2023-12-28 16:20:29', '0', 1671403256519078138, 1671403256519078138, NULL);
INSERT INTO `sys_role_resource` VALUES (18439, 1671403094153375954, '100001001002005', '2023-12-28 16:20:29', '2023-12-28 16:20:29', '0', 1671403256519078138, 1671403256519078138, NULL);
INSERT INTO `sys_role_resource` VALUES (18440, 1671403094153375954, '100001001002006', '2023-12-28 16:20:29', '2023-12-28 16:20:29', '0', 1671403256519078138, 1671403256519078138, NULL);
INSERT INTO `sys_role_resource` VALUES (18441, 1671403094153375953, '100001012000000', '2023-12-28 16:20:40', '2023-12-28 16:20:40', '0', 1671403256519078138, 1671403256519078138, NULL);
INSERT INTO `sys_role_resource` VALUES (18442, 1671403094153375953, '100001012001000', '2023-12-28 16:20:40', '2023-12-28 16:20:40', '0', 1671403256519078138, 1671403256519078138, NULL);
INSERT INTO `sys_role_resource` VALUES (18443, 1671403094153375953, '100001012001001', '2023-12-28 16:20:40', '2023-12-28 16:20:40', '0', 1671403256519078138, 1671403256519078138, NULL);
INSERT INTO `sys_role_resource` VALUES (18444, 1671403094153375953, '100001013000000', '2023-12-28 16:20:40', '2023-12-28 16:20:40', '0', 1671403256519078138, 1671403256519078138, NULL);
INSERT INTO `sys_role_resource` VALUES (18445, 1671403094153375953, '100001013001000', '2023-12-28 16:20:40', '2023-12-28 16:20:40', '0', 1671403256519078138, 1671403256519078138, NULL);
INSERT INTO `sys_role_resource` VALUES (18446, 1671403094153375953, '100001013001001', '2023-12-28 16:20:40', '2023-12-28 16:20:40', '0', 1671403256519078138, 1671403256519078138, NULL);
INSERT INTO `sys_role_resource` VALUES (18447, 1671403094153375953, '100001013001001001', '2023-12-28 16:20:40', '2023-12-28 16:20:40', '0', 1671403256519078138, 1671403256519078138, NULL);
INSERT INTO `sys_role_resource` VALUES (18448, 1671403094153375953, '100001013001002', '2023-12-28 16:20:40', '2023-12-28 16:20:40', '0', 1671403256519078138, 1671403256519078138, NULL);
INSERT INTO `sys_role_resource` VALUES (18449, 1671403094153375953, '100001013001002001', '2023-12-28 16:20:40', '2023-12-28 16:20:40', '0', 1671403256519078138, 1671403256519078138, NULL);
INSERT INTO `sys_role_resource` VALUES (18450, 1671403094153375947, '100001012000000', '2023-12-28 16:21:26', '2023-12-28 16:21:26', '0', 1671403256519078138, 1671403256519078138, NULL);
INSERT INTO `sys_role_resource` VALUES (18451, 1671403094153375947, '100001012001000', '2023-12-28 16:21:26', '2023-12-28 16:21:26', '0', 1671403256519078138, 1671403256519078138, NULL);
INSERT INTO `sys_role_resource` VALUES (18452, 1671403094153375947, '100001012001001', '2023-12-28 16:21:26', '2023-12-28 16:21:26', '0', 1671403256519078138, 1671403256519078138, NULL);
INSERT INTO `sys_role_resource` VALUES (18453, 1671403094153375947, '100001020000000', '2023-12-28 16:21:26', '2023-12-28 16:21:26', '0', 1671403256519078138, 1671403256519078138, NULL);
INSERT INTO `sys_role_resource` VALUES (18454, 1671403094153375947, '100001020001000', '2023-12-28 16:21:26', '2023-12-28 16:21:26', '0', 1671403256519078138, 1671403256519078138, NULL);
INSERT INTO `sys_role_resource` VALUES (18455, 1671403094153375947, '100001020001001', '2023-12-28 16:21:26', '2023-12-28 16:21:26', '0', 1671403256519078138, 1671403256519078138, NULL);
INSERT INTO `sys_role_resource` VALUES (18456, 1671403094153375947, '100001020001001001', '2023-12-28 16:21:26', '2023-12-28 16:21:26', '0', 1671403256519078138, 1671403256519078138, NULL);
INSERT INTO `sys_role_resource` VALUES (18457, 1671403094153375947, '100001020001001002', '2023-12-28 16:21:26', '2023-12-28 16:21:26', '0', 1671403256519078138, 1671403256519078138, NULL);
INSERT INTO `sys_role_resource` VALUES (18458, 1671403094153375947, '100001020001001003', '2023-12-28 16:21:26', '2023-12-28 16:21:26', '0', 1671403256519078138, 1671403256519078138, NULL);
INSERT INTO `sys_role_resource` VALUES (18459, 1671403094153375947, '100001020001001004', '2023-12-28 16:21:26', '2023-12-28 16:21:26', '0', 1671403256519078138, 1671403256519078138, NULL);
INSERT INTO `sys_role_resource` VALUES (18460, 1671403094153375947, '100001020002000', '2023-12-28 16:21:26', '2023-12-28 16:21:26', '0', 1671403256519078138, 1671403256519078138, NULL);
INSERT INTO `sys_role_resource` VALUES (18461, 1671403094153375947, '100001020002001', '2023-12-28 16:21:26', '2023-12-28 16:21:26', '0', 1671403256519078138, 1671403256519078138, NULL);
INSERT INTO `sys_role_resource` VALUES (18462, 1671403094153375947, '100001020002001001', '2023-12-28 16:21:26', '2023-12-28 16:21:26', '0', 1671403256519078138, 1671403256519078138, NULL);
INSERT INTO `sys_role_resource` VALUES (18463, 1671403094153375947, '100001020002002', '2023-12-28 16:21:26', '2023-12-28 16:21:26', '0', 1671403256519078138, 1671403256519078138, NULL);
INSERT INTO `sys_role_resource` VALUES (18464, 1671403094153375947, '100001020002002001', '2023-12-28 16:21:26', '2023-12-28 16:21:26', '0', 1671403256519078138, 1671403256519078138, NULL);
INSERT INTO `sys_role_resource` VALUES (18465, 1671403094153375947, '100001020002002002', '2023-12-28 16:21:26', '2023-12-28 16:21:26', '0', 1671403256519078138, 1671403256519078138, NULL);
INSERT INTO `sys_role_resource` VALUES (18466, 1671403094153375947, '100001020002002003', '2023-12-28 16:21:26', '2023-12-28 16:21:26', '0', 1671403256519078138, 1671403256519078138, NULL);
INSERT INTO `sys_role_resource` VALUES (18467, 1671403094153375947, '100001020002002004', '2023-12-28 16:21:26', '2023-12-28 16:21:26', '0', 1671403256519078138, 1671403256519078138, NULL);
INSERT INTO `sys_role_resource` VALUES (18468, 1671403094153375947, '100001020002002005', '2023-12-28 16:21:26', '2023-12-28 16:21:26', '0', 1671403256519078138, 1671403256519078138, NULL);
INSERT INTO `sys_role_resource` VALUES (18469, 1671403094153375944, '100001012000000', '2023-12-28 16:22:00', '2023-12-28 16:22:00', '0', 1671403256519078138, 1671403256519078138, NULL);
INSERT INTO `sys_role_resource` VALUES (18470, 1671403094153375944, '100001012001000', '2023-12-28 16:22:00', '2023-12-28 16:22:00', '0', 1671403256519078138, 1671403256519078138, NULL);
INSERT INTO `sys_role_resource` VALUES (18471, 1671403094153375944, '100001012001001', '2023-12-28 16:22:00', '2023-12-28 16:22:00', '0', 1671403256519078138, 1671403256519078138, NULL);
INSERT INTO `sys_role_resource` VALUES (18472, 1671403094153375944, '100001014000000', '2023-12-28 16:22:00', '2023-12-28 16:22:00', '0', 1671403256519078138, 1671403256519078138, NULL);
INSERT INTO `sys_role_resource` VALUES (18473, 1671403094153375944, '100001014001000', '2023-12-28 16:22:00', '2023-12-28 16:22:00', '0', 1671403256519078138, 1671403256519078138, NULL);
INSERT INTO `sys_role_resource` VALUES (18474, 1671403094153375944, '100001014001001', '2023-12-28 16:22:00', '2023-12-28 16:22:00', '0', 1671403256519078138, 1671403256519078138, NULL);
INSERT INTO `sys_role_resource` VALUES (18475, 1671403094153375944, '100001014001001001', '2023-12-28 16:22:00', '2023-12-28 16:22:00', '0', 1671403256519078138, 1671403256519078138, NULL);
INSERT INTO `sys_role_resource` VALUES (18476, 1671403094153375944, '100001014001001002', '2023-12-28 16:22:00', '2023-12-28 16:22:00', '0', 1671403256519078138, 1671403256519078138, NULL);
INSERT INTO `sys_role_resource` VALUES (18477, 1671403094153375944, '100001014002000', '2023-12-28 16:22:00', '2023-12-28 16:22:00', '0', 1671403256519078138, 1671403256519078138, NULL);
INSERT INTO `sys_role_resource` VALUES (18478, 1671403094153375944, '100001014002001', '2023-12-28 16:22:00', '2023-12-28 16:22:00', '0', 1671403256519078138, 1671403256519078138, NULL);
INSERT INTO `sys_role_resource` VALUES (18479, 1671403094153375944, '100001014002001001', '2023-12-28 16:22:00', '2023-12-28 16:22:00', '0', 1671403256519078138, 1671403256519078138, NULL);
INSERT INTO `sys_role_resource` VALUES (18480, 1671403094153375944, '100001014002001002', '2023-12-28 16:22:00', '2023-12-28 16:22:00', '0', 1671403256519078138, 1671403256519078138, NULL);
INSERT INTO `sys_role_resource` VALUES (18481, 1671403094153375944, '100001015000000', '2023-12-28 16:22:00', '2023-12-28 16:22:00', '0', 1671403256519078138, 1671403256519078138, NULL);
INSERT INTO `sys_role_resource` VALUES (18482, 1671403094153375944, '100001015001000', '2023-12-28 16:22:00', '2023-12-28 16:22:00', '0', 1671403256519078138, 1671403256519078138, NULL);
INSERT INTO `sys_role_resource` VALUES (18483, 1671403094153375944, '100001015001001', '2023-12-28 16:22:00', '2023-12-28 16:22:00', '0', 1671403256519078138, 1671403256519078138, NULL);
INSERT INTO `sys_role_resource` VALUES (18484, 1671403094153375944, '100001015001001001', '2023-12-28 16:22:00', '2023-12-28 16:22:00', '0', 1671403256519078138, 1671403256519078138, NULL);
INSERT INTO `sys_role_resource` VALUES (18485, 1671403094153375944, '100001015002000', '2023-12-28 16:22:00', '2023-12-28 16:22:00', '0', 1671403256519078138, 1671403256519078138, NULL);
INSERT INTO `sys_role_resource` VALUES (18486, 1671403094153375944, '100001015002001', '2023-12-28 16:22:00', '2023-12-28 16:22:00', '0', 1671403256519078138, 1671403256519078138, NULL);
INSERT INTO `sys_role_resource` VALUES (18487, 1671403094153375944, '100001015002001001', '2023-12-28 16:22:00', '2023-12-28 16:22:00', '0', 1671403256519078138, 1671403256519078138, NULL);
INSERT INTO `sys_role_resource` VALUES (18488, 1671403094153375944, '100001015002001002', '2023-12-28 16:22:00', '2023-12-28 16:22:00', '0', 1671403256519078138, 1671403256519078138, NULL);
INSERT INTO `sys_role_resource` VALUES (18489, 1671403094153375944, '100001015002001003', '2023-12-28 16:22:00', '2023-12-28 16:22:00', '0', 1671403256519078138, 1671403256519078138, NULL);
INSERT INTO `sys_role_resource` VALUES (18490, 1671403094153375944, '100001015002001004', '2023-12-28 16:22:00', '2023-12-28 16:22:00', '0', 1671403256519078138, 1671403256519078138, NULL);
INSERT INTO `sys_role_resource` VALUES (18491, 1671403094153375944, '100001015002001005', '2023-12-28 16:22:00', '2023-12-28 16:22:00', '0', 1671403256519078138, 1671403256519078138, NULL);
INSERT INTO `sys_role_resource` VALUES (18492, 1671403094153375944, '100001015002001006', '2023-12-28 16:22:00', '2023-12-28 16:22:00', '0', 1671403256519078138, 1671403256519078138, NULL);
INSERT INTO `sys_role_resource` VALUES (18493, 1671403094153375944, '100001015002001007', '2023-12-28 16:22:00', '2023-12-28 16:22:00', '0', 1671403256519078138, 1671403256519078138, NULL);
INSERT INTO `sys_role_resource` VALUES (18494, 1671403094153375944, '100001015002001008', '2023-12-28 16:22:00', '2023-12-28 16:22:00', '0', 1671403256519078138, 1671403256519078138, NULL);
INSERT INTO `sys_role_resource` VALUES (18495, 1671403094153375944, '100001015002001009', '2023-12-28 16:22:00', '2023-12-28 16:22:00', '0', 1671403256519078138, 1671403256519078138, NULL);
INSERT INTO `sys_role_resource` VALUES (18496, 1671403094153375944, '100001015002001010', '2023-12-28 16:22:00', '2023-12-28 16:22:00', '0', 1671403256519078138, 1671403256519078138, NULL);
INSERT INTO `sys_role_resource` VALUES (18497, 1671403094153375944, '100001015002002', '2023-12-28 16:22:00', '2023-12-28 16:22:00', '0', 1671403256519078138, 1671403256519078138, NULL);
INSERT INTO `sys_role_resource` VALUES (18498, 1671403094153375944, '100001015002003', '2023-12-28 16:22:00', '2023-12-28 16:22:00', '0', 1671403256519078138, 1671403256519078138, NULL);
INSERT INTO `sys_role_resource` VALUES (18499, 1671403094153375944, '100001015002003001', '2023-12-28 16:22:00', '2023-12-28 16:22:00', '0', 1671403256519078138, 1671403256519078138, NULL);
INSERT INTO `sys_role_resource` VALUES (18500, 1671403094153375944, '100001015002003002', '2023-12-28 16:22:00', '2023-12-28 16:22:00', '0', 1671403256519078138, 1671403256519078138, NULL);
INSERT INTO `sys_role_resource` VALUES (18501, 1671403094153375944, '100001015002003003', '2023-12-28 16:22:00', '2023-12-28 16:22:00', '0', 1671403256519078138, 1671403256519078138, NULL);
INSERT INTO `sys_role_resource` VALUES (18502, 1671403094153375944, '100001015002003004', '2023-12-28 16:22:00', '2023-12-28 16:22:00', '0', 1671403256519078138, 1671403256519078138, NULL);
INSERT INTO `sys_role_resource` VALUES (18503, 1671403094153375944, '100001015002003005', '2023-12-28 16:22:00', '2023-12-28 16:22:00', '0', 1671403256519078138, 1671403256519078138, NULL);
INSERT INTO `sys_role_resource` VALUES (18504, 1671403094153375944, '100001016000000', '2023-12-28 16:22:00', '2023-12-28 16:22:00', '0', 1671403256519078138, 1671403256519078138, NULL);
INSERT INTO `sys_role_resource` VALUES (18505, 1671403094153375944, '100001016001000', '2023-12-28 16:22:00', '2023-12-28 16:22:00', '0', 1671403256519078138, 1671403256519078138, NULL);
INSERT INTO `sys_role_resource` VALUES (18506, 1671403094153375944, '100001016001001', '2023-12-28 16:22:00', '2023-12-28 16:22:00', '0', 1671403256519078138, 1671403256519078138, NULL);
INSERT INTO `sys_role_resource` VALUES (18507, 1671403094153375944, '100001016001001001', '2023-12-28 16:22:00', '2023-12-28 16:22:00', '0', 1671403256519078138, 1671403256519078138, NULL);
INSERT INTO `sys_role_resource` VALUES (18508, 1671403094153375944, '100001016001001002', '2023-12-28 16:22:00', '2023-12-28 16:22:00', '0', 1671403256519078138, 1671403256519078138, NULL);
INSERT INTO `sys_role_resource` VALUES (18509, 1671403094153375944, '100001016001001003', '2023-12-28 16:22:00', '2023-12-28 16:22:00', '0', 1671403256519078138, 1671403256519078138, NULL);
INSERT INTO `sys_role_resource` VALUES (18510, 1671403094153375944, '100001016001001004', '2023-12-28 16:22:00', '2023-12-28 16:22:00', '0', 1671403256519078138, 1671403256519078138, NULL);
INSERT INTO `sys_role_resource` VALUES (18511, 1671403094153375944, '100001016001001005', '2023-12-28 16:22:00', '2023-12-28 16:22:00', '0', 1671403256519078138, 1671403256519078138, NULL);
INSERT INTO `sys_role_resource` VALUES (18512, 1671403094153375944, '100001016001003', '2023-12-28 16:22:00', '2023-12-28 16:22:00', '0', 1671403256519078138, 1671403256519078138, NULL);
INSERT INTO `sys_role_resource` VALUES (18513, 1671403094153375944, '100001016001003001', '2023-12-28 16:22:00', '2023-12-28 16:22:00', '0', 1671403256519078138, 1671403256519078138, NULL);
INSERT INTO `sys_role_resource` VALUES (18514, 1671403094153375944, '100001016001003002', '2023-12-28 16:22:00', '2023-12-28 16:22:00', '0', 1671403256519078138, 1671403256519078138, NULL);
INSERT INTO `sys_role_resource` VALUES (18515, 1671403094153375944, '100001016001003003', '2023-12-28 16:22:00', '2023-12-28 16:22:00', '0', 1671403256519078138, 1671403256519078138, NULL);
INSERT INTO `sys_role_resource` VALUES (18516, 1671403094153375944, '100001016001003004', '2023-12-28 16:22:00', '2023-12-28 16:22:00', '0', 1671403256519078138, 1671403256519078138, NULL);
INSERT INTO `sys_role_resource` VALUES (18517, 1671403094153375944, '100001016001003005', '2023-12-28 16:22:00', '2023-12-28 16:22:00', '0', 1671403256519078138, 1671403256519078138, NULL);
INSERT INTO `sys_role_resource` VALUES (18518, 1671403094153375944, '100001016001002', '2023-12-28 16:22:00', '2023-12-28 16:22:00', '0', 1671403256519078138, 1671403256519078138, NULL);
INSERT INTO `sys_role_resource` VALUES (18519, 1671403094153375944, '100001016001002001', '2023-12-28 16:22:00', '2023-12-28 16:22:00', '0', 1671403256519078138, 1671403256519078138, NULL);
INSERT INTO `sys_role_resource` VALUES (18520, 1671403094153375944, '100001016001002002', '2023-12-28 16:22:00', '2023-12-28 16:22:00', '0', 1671403256519078138, 1671403256519078138, NULL);
INSERT INTO `sys_role_resource` VALUES (18521, 1671403094153375944, '100001016001002003', '2023-12-28 16:22:00', '2023-12-28 16:22:00', '0', 1671403256519078138, 1671403256519078138, NULL);
INSERT INTO `sys_role_resource` VALUES (18522, 1671403094153375944, '100001016001002004', '2023-12-28 16:22:00', '2023-12-28 16:22:00', '0', 1671403256519078138, 1671403256519078138, NULL);
INSERT INTO `sys_role_resource` VALUES (18523, 1671403094153375944, '100001016002000', '2023-12-28 16:22:00', '2023-12-28 16:22:00', '0', 1671403256519078138, 1671403256519078138, NULL);
INSERT INTO `sys_role_resource` VALUES (18524, 1671403094153375944, '100001016002001', '2023-12-28 16:22:00', '2023-12-28 16:22:00', '0', 1671403256519078138, 1671403256519078138, NULL);
INSERT INTO `sys_role_resource` VALUES (18525, 1671403094153375944, '100001016002002', '2023-12-28 16:22:00', '2023-12-28 16:22:00', '0', 1671403256519078138, 1671403256519078138, NULL);
INSERT INTO `sys_role_resource` VALUES (18526, 1671403094153375944, '100001020000000', '2023-12-28 16:22:00', '2023-12-28 16:22:00', '0', 1671403256519078138, 1671403256519078138, NULL);
INSERT INTO `sys_role_resource` VALUES (18527, 1671403094153375944, '100001020001000', '2023-12-28 16:22:00', '2023-12-28 16:22:00', '0', 1671403256519078138, 1671403256519078138, NULL);
INSERT INTO `sys_role_resource` VALUES (18528, 1671403094153375944, '100001020001001', '2023-12-28 16:22:00', '2023-12-28 16:22:00', '0', 1671403256519078138, 1671403256519078138, NULL);
INSERT INTO `sys_role_resource` VALUES (18529, 1671403094153375944, '100001020001001001', '2023-12-28 16:22:00', '2023-12-28 16:22:00', '0', 1671403256519078138, 1671403256519078138, NULL);
INSERT INTO `sys_role_resource` VALUES (18530, 1671403094153375944, '100001020001001002', '2023-12-28 16:22:00', '2023-12-28 16:22:00', '0', 1671403256519078138, 1671403256519078138, NULL);
INSERT INTO `sys_role_resource` VALUES (18531, 1671403094153375944, '100001020001001003', '2023-12-28 16:22:00', '2023-12-28 16:22:00', '0', 1671403256519078138, 1671403256519078138, NULL);
INSERT INTO `sys_role_resource` VALUES (18532, 1671403094153375944, '100001020001001004', '2023-12-28 16:22:00', '2023-12-28 16:22:00', '0', 1671403256519078138, 1671403256519078138, NULL);
INSERT INTO `sys_role_resource` VALUES (18533, 1671403094153375944, '100001020002000', '2023-12-28 16:22:00', '2023-12-28 16:22:00', '0', 1671403256519078138, 1671403256519078138, NULL);
INSERT INTO `sys_role_resource` VALUES (18534, 1671403094153375944, '100001020002001', '2023-12-28 16:22:00', '2023-12-28 16:22:00', '0', 1671403256519078138, 1671403256519078138, NULL);
INSERT INTO `sys_role_resource` VALUES (18535, 1671403094153375944, '100001020002001001', '2023-12-28 16:22:00', '2023-12-28 16:22:00', '0', 1671403256519078138, 1671403256519078138, NULL);
INSERT INTO `sys_role_resource` VALUES (18536, 1671403094153375944, '100001020002002', '2023-12-28 16:22:00', '2023-12-28 16:22:00', '0', 1671403256519078138, 1671403256519078138, NULL);
INSERT INTO `sys_role_resource` VALUES (18537, 1671403094153375944, '100001020002002001', '2023-12-28 16:22:00', '2023-12-28 16:22:00', '0', 1671403256519078138, 1671403256519078138, NULL);
INSERT INTO `sys_role_resource` VALUES (18538, 1671403094153375944, '100001020002002002', '2023-12-28 16:22:00', '2023-12-28 16:22:00', '0', 1671403256519078138, 1671403256519078138, NULL);
INSERT INTO `sys_role_resource` VALUES (18539, 1671403094153375944, '100001020002002003', '2023-12-28 16:22:00', '2023-12-28 16:22:00', '0', 1671403256519078138, 1671403256519078138, NULL);
INSERT INTO `sys_role_resource` VALUES (18540, 1671403094153375944, '100001020002002004', '2023-12-28 16:22:00', '2023-12-28 16:22:00', '0', 1671403256519078138, 1671403256519078138, NULL);
INSERT INTO `sys_role_resource` VALUES (18541, 1671403094153375944, '100001020002002005', '2023-12-28 16:22:00', '2023-12-28 16:22:00', '0', 1671403256519078138, 1671403256519078138, NULL);
INSERT INTO `sys_role_resource` VALUES (18615, 1671403094153375942, '100001012000000', '2023-12-28 16:22:48', '2023-12-28 16:22:48', '0', 1671403256519078138, 1671403256519078138, NULL);
INSERT INTO `sys_role_resource` VALUES (18616, 1671403094153375942, '100001012001000', '2023-12-28 16:22:48', '2023-12-28 16:22:48', '0', 1671403256519078138, 1671403256519078138, NULL);
INSERT INTO `sys_role_resource` VALUES (18617, 1671403094153375942, '100001012001001', '2023-12-28 16:22:48', '2023-12-28 16:22:48', '0', 1671403256519078138, 1671403256519078138, NULL);
INSERT INTO `sys_role_resource` VALUES (18618, 1671403094153375942, '100001014000000', '2023-12-28 16:22:48', '2023-12-28 16:22:48', '0', 1671403256519078138, 1671403256519078138, NULL);
INSERT INTO `sys_role_resource` VALUES (18619, 1671403094153375942, '100001014001000', '2023-12-28 16:22:48', '2023-12-28 16:22:48', '0', 1671403256519078138, 1671403256519078138, NULL);
INSERT INTO `sys_role_resource` VALUES (18620, 1671403094153375942, '100001014001001', '2023-12-28 16:22:48', '2023-12-28 16:22:48', '0', 1671403256519078138, 1671403256519078138, NULL);
INSERT INTO `sys_role_resource` VALUES (18621, 1671403094153375942, '100001014001001001', '2023-12-28 16:22:48', '2023-12-28 16:22:48', '0', 1671403256519078138, 1671403256519078138, NULL);
INSERT INTO `sys_role_resource` VALUES (18622, 1671403094153375942, '100001014001001002', '2023-12-28 16:22:48', '2023-12-28 16:22:48', '0', 1671403256519078138, 1671403256519078138, NULL);
INSERT INTO `sys_role_resource` VALUES (18623, 1671403094153375942, '100001014002000', '2023-12-28 16:22:48', '2023-12-28 16:22:48', '0', 1671403256519078138, 1671403256519078138, NULL);
INSERT INTO `sys_role_resource` VALUES (18624, 1671403094153375942, '100001014002001', '2023-12-28 16:22:48', '2023-12-28 16:22:48', '0', 1671403256519078138, 1671403256519078138, NULL);
INSERT INTO `sys_role_resource` VALUES (18625, 1671403094153375942, '100001014002001001', '2023-12-28 16:22:48', '2023-12-28 16:22:48', '0', 1671403256519078138, 1671403256519078138, NULL);
INSERT INTO `sys_role_resource` VALUES (18626, 1671403094153375942, '100001014002001002', '2023-12-28 16:22:48', '2023-12-28 16:22:48', '0', 1671403256519078138, 1671403256519078138, NULL);
INSERT INTO `sys_role_resource` VALUES (18627, 1671403094153375942, '100001019000000', '2023-12-28 16:22:48', '2023-12-28 16:22:48', '0', 1671403256519078138, 1671403256519078138, NULL);
INSERT INTO `sys_role_resource` VALUES (18628, 1671403094153375942, '100001019001000', '2023-12-28 16:22:48', '2023-12-28 16:22:48', '0', 1671403256519078138, 1671403256519078138, NULL);
INSERT INTO `sys_role_resource` VALUES (18629, 1671403094153375942, '100001019001001', '2023-12-28 16:22:48', '2023-12-28 16:22:48', '0', 1671403256519078138, 1671403256519078138, NULL);
INSERT INTO `sys_role_resource` VALUES (18679, 1671403094153375940, '100001012000000', '2023-12-28 16:23:41', '2023-12-28 16:23:41', '0', 1671403256519078138, 1671403256519078138, NULL);
INSERT INTO `sys_role_resource` VALUES (18680, 1671403094153375940, '100001012001000', '2023-12-28 16:23:41', '2023-12-28 16:23:41', '0', 1671403256519078138, 1671403256519078138, NULL);
INSERT INTO `sys_role_resource` VALUES (18681, 1671403094153375940, '100001012001001', '2023-12-28 16:23:41', '2023-12-28 16:23:41', '0', 1671403256519078138, 1671403256519078138, NULL);
INSERT INTO `sys_role_resource` VALUES (18682, 1671403094153375940, '100001015000000', '2023-12-28 16:23:41', '2023-12-28 16:23:41', '0', 1671403256519078138, 1671403256519078138, NULL);
INSERT INTO `sys_role_resource` VALUES (18683, 1671403094153375940, '100001015001000', '2023-12-28 16:23:41', '2023-12-28 16:23:41', '0', 1671403256519078138, 1671403256519078138, NULL);
INSERT INTO `sys_role_resource` VALUES (18684, 1671403094153375940, '100001015001001', '2023-12-28 16:23:41', '2023-12-28 16:23:41', '0', 1671403256519078138, 1671403256519078138, NULL);
INSERT INTO `sys_role_resource` VALUES (18685, 1671403094153375940, '100001015001001001', '2023-12-28 16:23:41', '2023-12-28 16:23:41', '0', 1671403256519078138, 1671403256519078138, NULL);
INSERT INTO `sys_role_resource` VALUES (18686, 1671403094153375940, '100001015002000', '2023-12-28 16:23:41', '2023-12-28 16:23:41', '0', 1671403256519078138, 1671403256519078138, NULL);
INSERT INTO `sys_role_resource` VALUES (18687, 1671403094153375940, '100001015002001', '2023-12-28 16:23:41', '2023-12-28 16:23:41', '0', 1671403256519078138, 1671403256519078138, NULL);
INSERT INTO `sys_role_resource` VALUES (18688, 1671403094153375940, '100001015002001001', '2023-12-28 16:23:41', '2023-12-28 16:23:41', '0', 1671403256519078138, 1671403256519078138, NULL);
INSERT INTO `sys_role_resource` VALUES (18689, 1671403094153375940, '100001015002001002', '2023-12-28 16:23:41', '2023-12-28 16:23:41', '0', 1671403256519078138, 1671403256519078138, NULL);
INSERT INTO `sys_role_resource` VALUES (18690, 1671403094153375940, '100001015002001003', '2023-12-28 16:23:41', '2023-12-28 16:23:41', '0', 1671403256519078138, 1671403256519078138, NULL);
INSERT INTO `sys_role_resource` VALUES (18691, 1671403094153375940, '100001015002001004', '2023-12-28 16:23:41', '2023-12-28 16:23:41', '0', 1671403256519078138, 1671403256519078138, NULL);
INSERT INTO `sys_role_resource` VALUES (18692, 1671403094153375940, '100001015002001005', '2023-12-28 16:23:41', '2023-12-28 16:23:41', '0', 1671403256519078138, 1671403256519078138, NULL);
INSERT INTO `sys_role_resource` VALUES (18693, 1671403094153375940, '100001015002001006', '2023-12-28 16:23:41', '2023-12-28 16:23:41', '0', 1671403256519078138, 1671403256519078138, NULL);
INSERT INTO `sys_role_resource` VALUES (18694, 1671403094153375940, '100001015002001007', '2023-12-28 16:23:41', '2023-12-28 16:23:41', '0', 1671403256519078138, 1671403256519078138, NULL);
INSERT INTO `sys_role_resource` VALUES (18695, 1671403094153375940, '100001015002001008', '2023-12-28 16:23:41', '2023-12-28 16:23:41', '0', 1671403256519078138, 1671403256519078138, NULL);
INSERT INTO `sys_role_resource` VALUES (18696, 1671403094153375940, '100001015002001009', '2023-12-28 16:23:41', '2023-12-28 16:23:41', '0', 1671403256519078138, 1671403256519078138, NULL);
INSERT INTO `sys_role_resource` VALUES (18697, 1671403094153375940, '100001015002001010', '2023-12-28 16:23:41', '2023-12-28 16:23:41', '0', 1671403256519078138, 1671403256519078138, NULL);
INSERT INTO `sys_role_resource` VALUES (18698, 1671403094153375940, '100001015002002', '2023-12-28 16:23:41', '2023-12-28 16:23:41', '0', 1671403256519078138, 1671403256519078138, NULL);
INSERT INTO `sys_role_resource` VALUES (18699, 1671403094153375940, '100001015002003', '2023-12-28 16:23:41', '2023-12-28 16:23:41', '0', 1671403256519078138, 1671403256519078138, NULL);
INSERT INTO `sys_role_resource` VALUES (18700, 1671403094153375940, '100001015002003001', '2023-12-28 16:23:41', '2023-12-28 16:23:41', '0', 1671403256519078138, 1671403256519078138, NULL);
INSERT INTO `sys_role_resource` VALUES (18701, 1671403094153375940, '100001015002003002', '2023-12-28 16:23:41', '2023-12-28 16:23:41', '0', 1671403256519078138, 1671403256519078138, NULL);
INSERT INTO `sys_role_resource` VALUES (18702, 1671403094153375940, '100001015002003003', '2023-12-28 16:23:41', '2023-12-28 16:23:41', '0', 1671403256519078138, 1671403256519078138, NULL);
INSERT INTO `sys_role_resource` VALUES (18703, 1671403094153375940, '100001015002003004', '2023-12-28 16:23:41', '2023-12-28 16:23:41', '0', 1671403256519078138, 1671403256519078138, NULL);
INSERT INTO `sys_role_resource` VALUES (18704, 1671403094153375940, '100001015002003005', '2023-12-28 16:23:41', '2023-12-28 16:23:41', '0', 1671403256519078138, 1671403256519078138, NULL);
INSERT INTO `sys_role_resource` VALUES (18705, 1671403094153375939, '100001012000000', '2023-12-28 16:24:00', '2023-12-28 16:24:00', '0', 1671403256519078138, 1671403256519078138, NULL);
INSERT INTO `sys_role_resource` VALUES (18706, 1671403094153375939, '100001012001000', '2023-12-28 16:24:00', '2023-12-28 16:24:00', '0', 1671403256519078138, 1671403256519078138, NULL);
INSERT INTO `sys_role_resource` VALUES (18707, 1671403094153375939, '100001012001001', '2023-12-28 16:24:00', '2023-12-28 16:24:00', '0', 1671403256519078138, 1671403256519078138, NULL);
INSERT INTO `sys_role_resource` VALUES (18708, 1671403094153375939, '100001015000000', '2023-12-28 16:24:00', '2023-12-28 16:24:00', '0', 1671403256519078138, 1671403256519078138, NULL);
INSERT INTO `sys_role_resource` VALUES (18709, 1671403094153375939, '100001015001000', '2023-12-28 16:24:00', '2023-12-28 16:24:00', '0', 1671403256519078138, 1671403256519078138, NULL);
INSERT INTO `sys_role_resource` VALUES (18710, 1671403094153375939, '100001015001001', '2023-12-28 16:24:00', '2023-12-28 16:24:00', '0', 1671403256519078138, 1671403256519078138, NULL);
INSERT INTO `sys_role_resource` VALUES (18711, 1671403094153375939, '100001015001001001', '2023-12-28 16:24:00', '2023-12-28 16:24:00', '0', 1671403256519078138, 1671403256519078138, NULL);
INSERT INTO `sys_role_resource` VALUES (18712, 1671403094153375939, '100001015002000', '2023-12-28 16:24:00', '2023-12-28 16:24:00', '0', 1671403256519078138, 1671403256519078138, NULL);
INSERT INTO `sys_role_resource` VALUES (18713, 1671403094153375939, '100001015002001', '2023-12-28 16:24:00', '2023-12-28 16:24:00', '0', 1671403256519078138, 1671403256519078138, NULL);
INSERT INTO `sys_role_resource` VALUES (18714, 1671403094153375939, '100001015002001001', '2023-12-28 16:24:00', '2023-12-28 16:24:00', '0', 1671403256519078138, 1671403256519078138, NULL);
INSERT INTO `sys_role_resource` VALUES (18715, 1671403094153375939, '100001015002001002', '2023-12-28 16:24:00', '2023-12-28 16:24:00', '0', 1671403256519078138, 1671403256519078138, NULL);
INSERT INTO `sys_role_resource` VALUES (18716, 1671403094153375939, '100001015002001003', '2023-12-28 16:24:00', '2023-12-28 16:24:00', '0', 1671403256519078138, 1671403256519078138, NULL);
INSERT INTO `sys_role_resource` VALUES (18717, 1671403094153375939, '100001015002001004', '2023-12-28 16:24:00', '2023-12-28 16:24:00', '0', 1671403256519078138, 1671403256519078138, NULL);
INSERT INTO `sys_role_resource` VALUES (18718, 1671403094153375939, '100001015002001005', '2023-12-28 16:24:00', '2023-12-28 16:24:00', '0', 1671403256519078138, 1671403256519078138, NULL);
INSERT INTO `sys_role_resource` VALUES (18719, 1671403094153375939, '100001015002001006', '2023-12-28 16:24:00', '2023-12-28 16:24:00', '0', 1671403256519078138, 1671403256519078138, NULL);
INSERT INTO `sys_role_resource` VALUES (18720, 1671403094153375939, '100001015002001007', '2023-12-28 16:24:00', '2023-12-28 16:24:00', '0', 1671403256519078138, 1671403256519078138, NULL);
INSERT INTO `sys_role_resource` VALUES (18721, 1671403094153375939, '100001015002001008', '2023-12-28 16:24:00', '2023-12-28 16:24:00', '0', 1671403256519078138, 1671403256519078138, NULL);
INSERT INTO `sys_role_resource` VALUES (18722, 1671403094153375939, '100001015002001009', '2023-12-28 16:24:00', '2023-12-28 16:24:00', '0', 1671403256519078138, 1671403256519078138, NULL);
INSERT INTO `sys_role_resource` VALUES (18723, 1671403094153375939, '100001015002001010', '2023-12-28 16:24:00', '2023-12-28 16:24:00', '0', 1671403256519078138, 1671403256519078138, NULL);
INSERT INTO `sys_role_resource` VALUES (18724, 1671403094153375939, '100001015002002', '2023-12-28 16:24:00', '2023-12-28 16:24:00', '0', 1671403256519078138, 1671403256519078138, NULL);
INSERT INTO `sys_role_resource` VALUES (18725, 1671403094153375939, '100001015002003', '2023-12-28 16:24:00', '2023-12-28 16:24:00', '0', 1671403256519078138, 1671403256519078138, NULL);
INSERT INTO `sys_role_resource` VALUES (18726, 1671403094153375939, '100001015002003001', '2023-12-28 16:24:00', '2023-12-28 16:24:00', '0', 1671403256519078138, 1671403256519078138, NULL);
INSERT INTO `sys_role_resource` VALUES (18727, 1671403094153375939, '100001015002003002', '2023-12-28 16:24:00', '2023-12-28 16:24:00', '0', 1671403256519078138, 1671403256519078138, NULL);
INSERT INTO `sys_role_resource` VALUES (18728, 1671403094153375939, '100001015002003003', '2023-12-28 16:24:00', '2023-12-28 16:24:00', '0', 1671403256519078138, 1671403256519078138, NULL);
INSERT INTO `sys_role_resource` VALUES (18729, 1671403094153375939, '100001015002003004', '2023-12-28 16:24:00', '2023-12-28 16:24:00', '0', 1671403256519078138, 1671403256519078138, NULL);
INSERT INTO `sys_role_resource` VALUES (18730, 1671403094153375939, '100001015002003005', '2023-12-28 16:24:00', '2023-12-28 16:24:00', '0', 1671403256519078138, 1671403256519078138, NULL);
INSERT INTO `sys_role_resource` VALUES (18731, 1671403094153375938, '100001012000000', '2023-12-28 16:24:25', '2023-12-28 16:24:25', '0', 1671403256519078138, 1671403256519078138, NULL);
INSERT INTO `sys_role_resource` VALUES (18732, 1671403094153375938, '100001012001000', '2023-12-28 16:24:25', '2023-12-28 16:24:25', '0', 1671403256519078138, 1671403256519078138, NULL);
INSERT INTO `sys_role_resource` VALUES (18733, 1671403094153375938, '100001012001001', '2023-12-28 16:24:25', '2023-12-28 16:24:25', '0', 1671403256519078138, 1671403256519078138, NULL);
INSERT INTO `sys_role_resource` VALUES (18734, 1671403094153375938, '100001017000000', '2023-12-28 16:24:25', '2023-12-28 16:24:25', '0', 1671403256519078138, 1671403256519078138, NULL);
INSERT INTO `sys_role_resource` VALUES (18735, 1671403094153375938, '100001017001000', '2023-12-28 16:24:25', '2023-12-28 16:24:25', '0', 1671403256519078138, 1671403256519078138, NULL);
INSERT INTO `sys_role_resource` VALUES (18736, 1671403094153375938, '100001017001001', '2023-12-28 16:24:25', '2023-12-28 16:24:25', '0', 1671403256519078138, 1671403256519078138, NULL);
INSERT INTO `sys_role_resource` VALUES (18737, 1671403094153375938, '100001017001001001', '2023-12-28 16:24:25', '2023-12-28 16:24:25', '0', 1671403256519078138, 1671403256519078138, NULL);
INSERT INTO `sys_role_resource` VALUES (18738, 1671403094153375938, '100001017001001002', '2023-12-28 16:24:25', '2023-12-28 16:24:25', '0', 1671403256519078138, 1671403256519078138, NULL);
INSERT INTO `sys_role_resource` VALUES (18739, 1671403094153375938, '100001017001001003', '2023-12-28 16:24:25', '2023-12-28 16:24:25', '0', 1671403256519078138, 1671403256519078138, NULL);
INSERT INTO `sys_role_resource` VALUES (18740, 1671403094153375938, '100001017001002', '2023-12-28 16:24:25', '2023-12-28 16:24:25', '0', 1671403256519078138, NULL, NULL);
INSERT INTO `sys_role_resource` VALUES (18741, 1671403094153375938, '100001017001002001', '2023-12-28 16:24:25', '2023-12-28 16:24:25', '0', 1671403256519078138, NULL, NULL);
INSERT INTO `sys_role_resource` VALUES (18742, 1671403094153375937, '100001012000000', '2023-12-28 16:24:34', '2023-12-28 16:24:34', '0', 1671403256519078138, NULL, NULL);
INSERT INTO `sys_role_resource` VALUES (18743, 1671403094153375937, '100001012001000', '2023-12-28 16:24:34', '2023-12-28 16:24:34', '0', 1671403256519078138, NULL, NULL);
INSERT INTO `sys_role_resource` VALUES (18744, 1671403094153375937, '100001012001001', '2023-12-28 16:24:34', '2023-12-28 16:24:34', '0', 1671403256519078138, NULL, NULL);
INSERT INTO `sys_role_resource` VALUES (18745, 1671403094153375937, '100001017000000', '2023-12-28 16:24:34', '2023-12-28 16:24:34', '0', 1671403256519078138, NULL, NULL);
INSERT INTO `sys_role_resource` VALUES (18746, 1671403094153375937, '100001017001000', '2023-12-28 16:24:34', '2023-12-28 16:24:34', '0', 1671403256519078138, NULL, NULL);
INSERT INTO `sys_role_resource` VALUES (18747, 1671403094153375937, '100001017001001', '2023-12-28 16:24:34', '2023-12-28 16:24:34', '0', 1671403256519078138, NULL, NULL);
INSERT INTO `sys_role_resource` VALUES (18748, 1671403094153375937, '100001017001001001', '2023-12-28 16:24:34', '2023-12-28 16:24:34', '0', 1671403256519078138, NULL, NULL);
INSERT INTO `sys_role_resource` VALUES (18749, 1671403094153375937, '100001017001001002', '2023-12-28 16:24:34', '2023-12-28 16:24:34', '0', 1671403256519078138, NULL, NULL);
INSERT INTO `sys_role_resource` VALUES (18750, 1671403094153375937, '100001017001001003', '2023-12-28 16:24:34', '2023-12-28 16:24:34', '0', 1671403256519078138, NULL, NULL);
INSERT INTO `sys_role_resource` VALUES (18751, 1671403094153375937, '100001017001002', '2023-12-28 16:24:34', '2023-12-28 16:24:34', '0', 1671403256519078138, NULL, NULL);
INSERT INTO `sys_role_resource` VALUES (18752, 1671403094153375937, '100001017001002001', '2023-12-28 16:24:34', '2023-12-28 16:24:34', '0', 1671403256519078138, NULL, NULL);
INSERT INTO `sys_role_resource` VALUES (18753, 1671403094153375936, '100001012000000', '2023-12-28 16:24:52', '2023-12-28 16:24:52', '0', 1671403256519078138, NULL, NULL);
INSERT INTO `sys_role_resource` VALUES (18754, 1671403094153375936, '100001012001000', '2023-12-28 16:24:52', '2023-12-28 16:24:52', '0', 1671403256519078138, NULL, NULL);
INSERT INTO `sys_role_resource` VALUES (18755, 1671403094153375936, '100001012001001', '2023-12-28 16:24:52', '2023-12-28 16:24:52', '0', 1671403256519078138, NULL, NULL);
INSERT INTO `sys_role_resource` VALUES (18756, 1671403094153375936, '100001017000000', '2023-12-28 16:24:52', '2023-12-28 16:24:52', '0', 1671403256519078138, NULL, NULL);
INSERT INTO `sys_role_resource` VALUES (18757, 1671403094153375936, '100001017001000', '2023-12-28 16:24:52', '2023-12-28 16:24:52', '0', 1671403256519078138, NULL, NULL);
INSERT INTO `sys_role_resource` VALUES (18758, 1671403094153375936, '100001017001001', '2023-12-28 16:24:52', '2023-12-28 16:24:52', '0', 1671403256519078138, NULL, NULL);
INSERT INTO `sys_role_resource` VALUES (18759, 1671403094153375936, '100001017001001001', '2023-12-28 16:24:52', '2023-12-28 16:24:52', '0', 1671403256519078138, NULL, NULL);
INSERT INTO `sys_role_resource` VALUES (18760, 1671403094153375936, '100001017001001002', '2023-12-28 16:24:52', '2023-12-28 16:24:52', '0', 1671403256519078138, NULL, NULL);
INSERT INTO `sys_role_resource` VALUES (18761, 1671403094153375936, '100001017001001003', '2023-12-28 16:24:52', '2023-12-28 16:24:52', '0', 1671403256519078138, NULL, NULL);
INSERT INTO `sys_role_resource` VALUES (18762, 1671403094153375936, '100001017001002', '2023-12-28 16:24:52', '2023-12-28 16:24:52', '0', 1671403256519078138, NULL, NULL);
INSERT INTO `sys_role_resource` VALUES (18763, 1671403094153375936, '100001017001002001', '2023-12-28 16:24:52', '2023-12-28 16:24:52', '0', 1671403256519078138, NULL, NULL);
INSERT INTO `sys_role_resource` VALUES (18764, 1671403094153375936, '100001018000000', '2023-12-28 16:24:52', '2023-12-28 16:24:52', '0', 1671403256519078138, NULL, NULL);
INSERT INTO `sys_role_resource` VALUES (18765, 1671403094153375936, '100001018001000', '2023-12-28 16:24:52', '2023-12-28 16:24:52', '0', 1671403256519078138, NULL, NULL);
INSERT INTO `sys_role_resource` VALUES (18766, 1671403094153375936, '100001018001001', '2023-12-28 16:24:52', '2023-12-28 16:24:52', '0', 1671403256519078138, NULL, NULL);
INSERT INTO `sys_role_resource` VALUES (18767, 1671403094153375936, '100001018001001001', '2023-12-28 16:24:52', '2023-12-28 16:24:52', '0', 1671403256519078138, NULL, NULL);
INSERT INTO `sys_role_resource` VALUES (18768, 1671403094153375936, '100001018001001002', '2023-12-28 16:24:52', '2023-12-28 16:24:52', '0', 1671403256519078138, NULL, NULL);
INSERT INTO `sys_role_resource` VALUES (18769, 1671403094153375936, '100001018001001003', '2023-12-28 16:24:52', '2023-12-28 16:24:52', '0', 1671403256519078138, NULL, NULL);
INSERT INTO `sys_role_resource` VALUES (18770, 1671403094153375936, '100001018001001004', '2023-12-28 16:24:52', '2023-12-28 16:24:52', '0', 1671403256519078138, NULL, NULL);
INSERT INTO `sys_role_resource` VALUES (18771, 1671403094153375936, '100001018001002', '2023-12-28 16:24:52', '2023-12-28 16:24:52', '0', 1671403256519078138, NULL, NULL);
INSERT INTO `sys_role_resource` VALUES (18772, 1671403094153375936, '100001018001002001', '2023-12-28 16:24:52', '2023-12-28 16:24:52', '0', 1671403256519078138, NULL, NULL);
INSERT INTO `sys_role_resource` VALUES (18773, 1671403094153375936, '100001018002000', '2023-12-28 16:24:52', '2023-12-28 16:24:52', '0', 1671403256519078138, NULL, NULL);
INSERT INTO `sys_role_resource` VALUES (18774, 1671403094153375936, '100001018002001', '2023-12-28 16:24:52', '2023-12-28 16:24:52', '0', 1671403256519078138, NULL, NULL);
INSERT INTO `sys_role_resource` VALUES (18775, 1671403094153375936, '100001018002001001', '2023-12-28 16:24:52', '2023-12-28 16:24:52', '0', 1671403256519078138, NULL, NULL);
INSERT INTO `sys_role_resource` VALUES (18776, 1671403094153375936, '100001018002002', '2023-12-28 16:24:52', '2023-12-28 16:24:52', '0', 1671403256519078138, NULL, NULL);
INSERT INTO `sys_role_resource` VALUES (18777, 1671403094153375955, '100001012000000', '2023-12-28 16:50:34', '2023-12-28 16:50:34', '0', 1671403256519078138, NULL, NULL);
INSERT INTO `sys_role_resource` VALUES (18778, 1671403094153375955, '100001012001000', '2023-12-28 16:50:34', '2023-12-28 16:50:34', '0', 1671403256519078138, NULL, NULL);
INSERT INTO `sys_role_resource` VALUES (18779, 1671403094153375955, '100001012001001', '2023-12-28 16:50:34', '2023-12-28 16:50:34', '0', 1671403256519078138, NULL, NULL);
INSERT INTO `sys_role_resource` VALUES (18780, 1671403094153375955, '100001015000000', '2023-12-28 16:50:34', '2023-12-28 16:50:34', '0', 1671403256519078138, NULL, NULL);
INSERT INTO `sys_role_resource` VALUES (18781, 1671403094153375955, '100001015001000', '2023-12-28 16:50:34', '2023-12-28 16:50:34', '0', 1671403256519078138, NULL, NULL);
INSERT INTO `sys_role_resource` VALUES (18782, 1671403094153375955, '100001015001001', '2023-12-28 16:50:34', '2023-12-28 16:50:34', '0', 1671403256519078138, NULL, NULL);
INSERT INTO `sys_role_resource` VALUES (18783, 1671403094153375955, '100001015001001001', '2023-12-28 16:50:34', '2023-12-28 16:50:34', '0', 1671403256519078138, NULL, NULL);
INSERT INTO `sys_role_resource` VALUES (18784, 1671403094153375955, '100001015002000', '2023-12-28 16:50:34', '2023-12-28 16:50:34', '0', 1671403256519078138, NULL, NULL);
INSERT INTO `sys_role_resource` VALUES (18785, 1671403094153375955, '100001015002001', '2023-12-28 16:50:34', '2023-12-28 16:50:34', '0', 1671403256519078138, NULL, NULL);
INSERT INTO `sys_role_resource` VALUES (18786, 1671403094153375955, '100001015002001001', '2023-12-28 16:50:34', '2023-12-28 16:50:34', '0', 1671403256519078138, NULL, NULL);
INSERT INTO `sys_role_resource` VALUES (18787, 1671403094153375955, '100001015002001002', '2023-12-28 16:50:34', '2023-12-28 16:50:34', '0', 1671403256519078138, NULL, NULL);
INSERT INTO `sys_role_resource` VALUES (18788, 1671403094153375955, '100001015002001003', '2023-12-28 16:50:34', '2023-12-28 16:50:34', '0', 1671403256519078138, NULL, NULL);
INSERT INTO `sys_role_resource` VALUES (18789, 1671403094153375955, '100001015002001004', '2023-12-28 16:50:34', '2023-12-28 16:50:34', '0', 1671403256519078138, NULL, NULL);
INSERT INTO `sys_role_resource` VALUES (18790, 1671403094153375955, '100001015002001005', '2023-12-28 16:50:34', '2023-12-28 16:50:34', '0', 1671403256519078138, NULL, NULL);
INSERT INTO `sys_role_resource` VALUES (18791, 1671403094153375955, '100001015002001006', '2023-12-28 16:50:34', '2023-12-28 16:50:34', '0', 1671403256519078138, NULL, NULL);
INSERT INTO `sys_role_resource` VALUES (18792, 1671403094153375955, '100001015002001007', '2023-12-28 16:50:34', '2023-12-28 16:50:34', '0', 1671403256519078138, NULL, NULL);
INSERT INTO `sys_role_resource` VALUES (18793, 1671403094153375955, '100001015002001008', '2023-12-28 16:50:34', '2023-12-28 16:50:34', '0', 1671403256519078138, NULL, NULL);
INSERT INTO `sys_role_resource` VALUES (18794, 1671403094153375955, '100001015002001009', '2023-12-28 16:50:34', '2023-12-28 16:50:34', '0', 1671403256519078138, NULL, NULL);
INSERT INTO `sys_role_resource` VALUES (18795, 1671403094153375955, '100001015002001010', '2023-12-28 16:50:34', '2023-12-28 16:50:34', '0', 1671403256519078138, NULL, NULL);
INSERT INTO `sys_role_resource` VALUES (18796, 1671403094153375955, '100001015002002', '2023-12-28 16:50:34', '2023-12-28 16:50:34', '0', 1671403256519078138, NULL, NULL);
INSERT INTO `sys_role_resource` VALUES (18797, 1671403094153375955, '100001015002003', '2023-12-28 16:50:34', '2023-12-28 16:50:34', '0', 1671403256519078138, NULL, NULL);
INSERT INTO `sys_role_resource` VALUES (18798, 1671403094153375955, '100001015002003001', '2023-12-28 16:50:34', '2023-12-28 16:50:34', '0', 1671403256519078138, NULL, NULL);
INSERT INTO `sys_role_resource` VALUES (18799, 1671403094153375955, '100001015002003002', '2023-12-28 16:50:34', '2023-12-28 16:50:34', '0', 1671403256519078138, NULL, NULL);
INSERT INTO `sys_role_resource` VALUES (18800, 1671403094153375955, '100001015002003003', '2023-12-28 16:50:34', '2023-12-28 16:50:34', '0', 1671403256519078138, NULL, NULL);
INSERT INTO `sys_role_resource` VALUES (18801, 1671403094153375955, '100001015002003004', '2023-12-28 16:50:34', '2023-12-28 16:50:34', '0', 1671403256519078138, NULL, NULL);
INSERT INTO `sys_role_resource` VALUES (18802, 1671403094153375955, '100001015002003005', '2023-12-28 16:50:34', '2023-12-28 16:50:34', '0', 1671403256519078138, NULL, NULL);
INSERT INTO `sys_role_resource` VALUES (18803, 1671403094153375955, '100001016000000', '2023-12-28 16:50:34', '2023-12-28 16:50:34', '0', 1671403256519078138, NULL, NULL);
INSERT INTO `sys_role_resource` VALUES (18804, 1671403094153375955, '100001016001000', '2023-12-28 16:50:34', '2023-12-28 16:50:34', '0', 1671403256519078138, NULL, NULL);
INSERT INTO `sys_role_resource` VALUES (18805, 1671403094153375955, '100001016001001', '2023-12-28 16:50:34', '2023-12-28 16:50:34', '0', 1671403256519078138, NULL, NULL);
INSERT INTO `sys_role_resource` VALUES (18806, 1671403094153375955, '100001016001001001', '2023-12-28 16:50:34', '2023-12-28 16:50:34', '0', 1671403256519078138, NULL, NULL);
INSERT INTO `sys_role_resource` VALUES (18807, 1671403094153375955, '100001016001001002', '2023-12-28 16:50:34', '2023-12-28 16:50:34', '0', 1671403256519078138, NULL, NULL);
INSERT INTO `sys_role_resource` VALUES (18808, 1671403094153375955, '100001016001001003', '2023-12-28 16:50:34', '2023-12-28 16:50:34', '0', 1671403256519078138, NULL, NULL);
INSERT INTO `sys_role_resource` VALUES (18809, 1671403094153375955, '100001016001001004', '2023-12-28 16:50:34', '2023-12-28 16:50:34', '0', 1671403256519078138, NULL, NULL);
INSERT INTO `sys_role_resource` VALUES (18810, 1671403094153375955, '100001016001001005', '2023-12-28 16:50:34', '2023-12-28 16:50:34', '0', 1671403256519078138, NULL, NULL);
INSERT INTO `sys_role_resource` VALUES (18811, 1671403094153375955, '100001016001003', '2023-12-28 16:50:34', '2023-12-28 16:50:34', '0', 1671403256519078138, NULL, NULL);
INSERT INTO `sys_role_resource` VALUES (18812, 1671403094153375955, '100001016001003001', '2023-12-28 16:50:34', '2023-12-28 16:50:34', '0', 1671403256519078138, NULL, NULL);
INSERT INTO `sys_role_resource` VALUES (18813, 1671403094153375955, '100001016001003002', '2023-12-28 16:50:34', '2023-12-28 16:50:34', '0', 1671403256519078138, NULL, NULL);
INSERT INTO `sys_role_resource` VALUES (18814, 1671403094153375955, '100001016001003003', '2023-12-28 16:50:34', '2023-12-28 16:50:34', '0', 1671403256519078138, NULL, NULL);
INSERT INTO `sys_role_resource` VALUES (18815, 1671403094153375955, '100001016001003004', '2023-12-28 16:50:34', '2023-12-28 16:50:34', '0', 1671403256519078138, NULL, NULL);
INSERT INTO `sys_role_resource` VALUES (18816, 1671403094153375955, '100001016001003005', '2023-12-28 16:50:34', '2023-12-28 16:50:34', '0', 1671403256519078138, NULL, NULL);
INSERT INTO `sys_role_resource` VALUES (18817, 1671403094153375955, '100001016001002', '2023-12-28 16:50:34', '2023-12-28 16:50:34', '0', 1671403256519078138, NULL, NULL);
INSERT INTO `sys_role_resource` VALUES (18818, 1671403094153375955, '100001016001002001', '2023-12-28 16:50:34', '2023-12-28 16:50:34', '0', 1671403256519078138, NULL, NULL);
INSERT INTO `sys_role_resource` VALUES (18819, 1671403094153375955, '100001016001002002', '2023-12-28 16:50:34', '2023-12-28 16:50:34', '0', 1671403256519078138, NULL, NULL);
INSERT INTO `sys_role_resource` VALUES (18820, 1671403094153375955, '100001016001002003', '2023-12-28 16:50:34', '2023-12-28 16:50:34', '0', 1671403256519078138, NULL, NULL);
INSERT INTO `sys_role_resource` VALUES (18821, 1671403094153375955, '100001016001002004', '2023-12-28 16:50:34', '2023-12-28 16:50:34', '0', 1671403256519078138, NULL, NULL);
INSERT INTO `sys_role_resource` VALUES (18822, 1671403094153375955, '100001016002000', '2023-12-28 16:50:34', '2023-12-28 16:50:34', '0', 1671403256519078138, NULL, NULL);
INSERT INTO `sys_role_resource` VALUES (18823, 1671403094153375955, '100001016002001', '2023-12-28 16:50:34', '2023-12-28 16:50:34', '0', 1671403256519078138, NULL, NULL);
INSERT INTO `sys_role_resource` VALUES (18824, 1671403094153375955, '100001016002002', '2023-12-28 16:50:34', '2023-12-28 16:50:34', '0', 1671403256519078138, NULL, NULL);
INSERT INTO `sys_role_resource` VALUES (18825, 1671403094153375955, '100001020000000', '2023-12-28 16:50:34', '2023-12-28 16:50:34', '0', 1671403256519078138, NULL, NULL);
INSERT INTO `sys_role_resource` VALUES (18826, 1671403094153375955, '100001020001000', '2023-12-28 16:50:34', '2023-12-28 16:50:34', '0', 1671403256519078138, NULL, NULL);
INSERT INTO `sys_role_resource` VALUES (18827, 1671403094153375955, '100001020001001', '2023-12-28 16:50:34', '2023-12-28 16:50:34', '0', 1671403256519078138, NULL, NULL);
INSERT INTO `sys_role_resource` VALUES (18828, 1671403094153375955, '100001020001001001', '2023-12-28 16:50:34', '2023-12-28 16:50:34', '0', 1671403256519078138, NULL, NULL);
INSERT INTO `sys_role_resource` VALUES (18829, 1671403094153375955, '100001020001001002', '2023-12-28 16:50:34', '2023-12-28 16:50:34', '0', 1671403256519078138, NULL, NULL);
INSERT INTO `sys_role_resource` VALUES (18830, 1671403094153375955, '100001020001001003', '2023-12-28 16:50:34', '2023-12-28 16:50:34', '0', 1671403256519078138, NULL, NULL);
INSERT INTO `sys_role_resource` VALUES (18831, 1671403094153375955, '100001020001001004', '2023-12-28 16:50:34', '2023-12-28 16:50:34', '0', 1671403256519078138, NULL, NULL);
INSERT INTO `sys_role_resource` VALUES (18832, 1671403094153375955, '100001020002000', '2023-12-28 16:50:34', '2023-12-28 16:50:34', '0', 1671403256519078138, NULL, NULL);
INSERT INTO `sys_role_resource` VALUES (18833, 1671403094153375955, '100001020002001', '2023-12-28 16:50:34', '2023-12-28 16:50:34', '0', 1671403256519078138, NULL, NULL);
INSERT INTO `sys_role_resource` VALUES (18834, 1671403094153375955, '100001020002001001', '2023-12-28 16:50:34', '2023-12-28 16:50:34', '0', 1671403256519078138, NULL, NULL);
INSERT INTO `sys_role_resource` VALUES (18835, 1671403094153375955, '100001020002002', '2023-12-28 16:50:34', '2023-12-28 16:50:34', '0', 1671403256519078138, NULL, NULL);
INSERT INTO `sys_role_resource` VALUES (18836, 1671403094153375955, '100001020002002001', '2023-12-28 16:50:34', '2023-12-28 16:50:34', '0', 1671403256519078138, NULL, NULL);
INSERT INTO `sys_role_resource` VALUES (18837, 1671403094153375955, '100001020002002002', '2023-12-28 16:50:34', '2023-12-28 16:50:34', '0', 1671403256519078138, NULL, NULL);
INSERT INTO `sys_role_resource` VALUES (18838, 1671403094153375955, '100001020002002003', '2023-12-28 16:50:34', '2023-12-28 16:50:34', '0', 1671403256519078138, NULL, NULL);
INSERT INTO `sys_role_resource` VALUES (18839, 1671403094153375955, '100001020002002004', '2023-12-28 16:50:34', '2023-12-28 16:50:34', '0', 1671403256519078138, NULL, NULL);
INSERT INTO `sys_role_resource` VALUES (18840, 1671403094153375955, '100001020002002005', '2023-12-28 16:50:34', '2023-12-28 16:50:34', '0', 1671403256519078138, NULL, NULL);
INSERT INTO `sys_role_resource` VALUES (18841, 1671403094153375941, '100001012000000', '2023-12-28 17:45:15', '2023-12-28 17:45:15', '0', 1671403256519078138, NULL, NULL);
INSERT INTO `sys_role_resource` VALUES (18842, 1671403094153375941, '100001012001000', '2023-12-28 17:45:15', '2023-12-28 17:45:15', '0', 1671403256519078138, NULL, NULL);
INSERT INTO `sys_role_resource` VALUES (18843, 1671403094153375941, '100001012001001', '2023-12-28 17:45:15', '2023-12-28 17:45:15', '0', 1671403256519078138, NULL, NULL);
INSERT INTO `sys_role_resource` VALUES (18844, 1671403094153375941, '100001014000000', '2023-12-28 17:45:15', '2023-12-28 17:45:15', '0', 1671403256519078138, NULL, NULL);
INSERT INTO `sys_role_resource` VALUES (18845, 1671403094153375941, '100001014001000', '2023-12-28 17:45:15', '2023-12-28 17:45:15', '0', 1671403256519078138, NULL, NULL);
INSERT INTO `sys_role_resource` VALUES (18846, 1671403094153375941, '100001014001001', '2023-12-28 17:45:15', '2023-12-28 17:45:15', '0', 1671403256519078138, NULL, NULL);
INSERT INTO `sys_role_resource` VALUES (18847, 1671403094153375941, '100001014001001001', '2023-12-28 17:45:15', '2023-12-28 17:45:15', '0', 1671403256519078138, NULL, NULL);
INSERT INTO `sys_role_resource` VALUES (18848, 1671403094153375941, '100001014001001002', '2023-12-28 17:45:15', '2023-12-28 17:45:15', '0', 1671403256519078138, NULL, NULL);
INSERT INTO `sys_role_resource` VALUES (18849, 1671403094153375941, '100001001000000', '2023-12-28 17:45:15', '2023-12-28 17:45:15', '0', 1671403256519078138, NULL, NULL);
INSERT INTO `sys_role_resource` VALUES (18850, 1671403094153375941, '100001001006000', '2023-12-28 17:45:15', '2023-12-28 17:45:15', '0', 1671403256519078138, NULL, NULL);
INSERT INTO `sys_role_resource` VALUES (18851, 1671403094153375941, '100001001005000', '2023-12-28 17:45:15', '2023-12-28 17:45:15', '0', 1671403256519078138, NULL, NULL);
INSERT INTO `sys_role_resource` VALUES (18852, 1671403094153375941, '100001001005009', '2023-12-28 17:45:15', '2023-12-28 17:45:15', '0', 1671403256519078138, NULL, NULL);
INSERT INTO `sys_role_resource` VALUES (18853, 1671403094153375941, '100001001005010', '2023-12-28 17:45:15', '2023-12-28 17:45:15', '0', 1671403256519078138, NULL, NULL);
INSERT INTO `sys_role_resource` VALUES (18854, 1671403094153375941, '100001001005011', '2023-12-28 17:45:15', '2023-12-28 17:45:15', '0', 1671403256519078138, NULL, NULL);
INSERT INTO `sys_role_resource` VALUES (18855, 1671403094153375941, '100001001005006', '2023-12-28 17:45:15', '2023-12-28 17:45:15', '0', 1671403256519078138, NULL, NULL);
INSERT INTO `sys_role_resource` VALUES (18856, 1671403094153375941, '100001001005007', '2023-12-28 17:45:15', '2023-12-28 17:45:15', '0', 1671403256519078138, NULL, NULL);
INSERT INTO `sys_role_resource` VALUES (18857, 1671403094153375941, '100001001005008', '2023-12-28 17:45:15', '2023-12-28 17:45:15', '0', 1671403256519078138, NULL, NULL);
INSERT INTO `sys_role_resource` VALUES (18858, 1671403094153375941, '100001001007000', '2023-12-28 17:45:15', '2023-12-28 17:45:15', '0', 1671403256519078138, NULL, NULL);
INSERT INTO `sys_role_resource` VALUES (18859, 1671403094153375941, '100001001004000', '2023-12-28 17:45:15', '2023-12-28 17:45:15', '0', 1671403256519078138, NULL, NULL);
INSERT INTO `sys_role_resource` VALUES (18860, 1671403094153375941, '100001001004001', '2023-12-28 17:45:15', '2023-12-28 17:45:15', '0', 1671403256519078138, NULL, NULL);
INSERT INTO `sys_role_resource` VALUES (18861, 1671403094153375941, '100001001004003', '2023-12-28 17:45:15', '2023-12-28 17:45:15', '0', 1671403256519078138, NULL, NULL);
INSERT INTO `sys_role_resource` VALUES (18862, 1671403094153375941, '100001001004004', '2023-12-28 17:45:15', '2023-12-28 17:45:15', '0', 1671403256519078138, NULL, NULL);
INSERT INTO `sys_role_resource` VALUES (18863, 1671403094153375941, '100001001004005', '2023-12-28 17:45:15', '2023-12-28 17:45:15', '0', 1671403256519078138, NULL, NULL);
INSERT INTO `sys_role_resource` VALUES (18864, 1671403094153375941, '100001001004006', '2023-12-28 17:45:15', '2023-12-28 17:45:15', '0', 1671403256519078138, NULL, NULL);
INSERT INTO `sys_role_resource` VALUES (18865, 1671403094153375941, '100001001003000', '2023-12-28 17:45:15', '2023-12-28 17:45:15', '0', 1671403256519078138, NULL, NULL);
INSERT INTO `sys_role_resource` VALUES (18866, 1671403094153375941, '100001001003001', '2023-12-28 17:45:15', '2023-12-28 17:45:15', '0', 1671403256519078138, NULL, NULL);
INSERT INTO `sys_role_resource` VALUES (18867, 1671403094153375941, '100001001003002', '2023-12-28 17:45:15', '2023-12-28 17:45:15', '0', 1671403256519078138, NULL, NULL);
INSERT INTO `sys_role_resource` VALUES (18868, 1671403094153375941, '100001001003003', '2023-12-28 17:45:15', '2023-12-28 17:45:15', '0', 1671403256519078138, NULL, NULL);
INSERT INTO `sys_role_resource` VALUES (18869, 1671403094153375941, '100001001003004', '2023-12-28 17:45:15', '2023-12-28 17:45:15', '0', 1671403256519078138, NULL, NULL);
INSERT INTO `sys_role_resource` VALUES (18870, 1671403094153375941, '100001001003005', '2023-12-28 17:45:15', '2023-12-28 17:45:15', '0', 1671403256519078138, NULL, NULL);
INSERT INTO `sys_role_resource` VALUES (18871, 1671403094153375941, '100001001003006', '2023-12-28 17:45:15', '2023-12-28 17:45:15', '0', 1671403256519078138, NULL, NULL);
INSERT INTO `sys_role_resource` VALUES (18872, 1671403094153375941, '100001001003007', '2023-12-28 17:45:15', '2023-12-28 17:45:15', '0', 1671403256519078138, NULL, NULL);
INSERT INTO `sys_role_resource` VALUES (18873, 1671403094153375941, '100001001003008', '2023-12-28 17:45:15', '2023-12-28 17:45:15', '0', 1671403256519078138, NULL, NULL);
INSERT INTO `sys_role_resource` VALUES (18874, 1671403094153375941, '100001001003009', '2023-12-28 17:45:15', '2023-12-28 17:45:15', '0', 1671403256519078138, NULL, NULL);
INSERT INTO `sys_role_resource` VALUES (18875, 1671403094153375941, '100001001003010', '2023-12-28 17:45:15', '2023-12-28 17:45:15', '0', 1671403256519078138, NULL, NULL);
INSERT INTO `sys_role_resource` VALUES (18876, 1671403094153375941, '100001001003011', '2023-12-28 17:45:15', '2023-12-28 17:45:15', '0', 1671403256519078138, NULL, NULL);
INSERT INTO `sys_role_resource` VALUES (18877, 1671403094153375941, '100001001001000', '2023-12-28 17:45:15', '2023-12-28 17:45:15', '0', 1671403256519078138, NULL, NULL);
INSERT INTO `sys_role_resource` VALUES (18878, 1671403094153375941, '100001001001007', '2023-12-28 17:45:15', '2023-12-28 17:45:15', '0', 1671403256519078138, NULL, NULL);
INSERT INTO `sys_role_resource` VALUES (18879, 1671403094153375941, '100001001001001', '2023-12-28 17:45:15', '2023-12-28 17:45:15', '0', 1671403256519078138, NULL, NULL);
INSERT INTO `sys_role_resource` VALUES (18880, 1671403094153375941, '100001001001003', '2023-12-28 17:45:15', '2023-12-28 17:45:15', '0', 1671403256519078138, NULL, NULL);
INSERT INTO `sys_role_resource` VALUES (18881, 1671403094153375941, '100001001001008', '2023-12-28 17:45:15', '2023-12-28 17:45:15', '0', 1671403256519078138, NULL, NULL);
INSERT INTO `sys_role_resource` VALUES (18882, 1671403094153375941, '100001001001009', '2023-12-28 17:45:15', '2023-12-28 17:45:15', '0', 1671403256519078138, NULL, NULL);
INSERT INTO `sys_role_resource` VALUES (18883, 1671403094153375941, '100001001001004', '2023-12-28 17:45:15', '2023-12-28 17:45:15', '0', 1671403256519078138, NULL, NULL);
INSERT INTO `sys_role_resource` VALUES (18884, 1671403094153375941, '100001001002000', '2023-12-28 17:45:15', '2023-12-28 17:45:15', '0', 1671403256519078138, NULL, NULL);
INSERT INTO `sys_role_resource` VALUES (18885, 1671403094153375941, '100001001002001', '2023-12-28 17:45:15', '2023-12-28 17:45:15', '0', 1671403256519078138, NULL, NULL);
INSERT INTO `sys_role_resource` VALUES (18886, 1671403094153375941, '100001001002003', '2023-12-28 17:45:15', '2023-12-28 17:45:15', '0', 1671403256519078138, NULL, NULL);
INSERT INTO `sys_role_resource` VALUES (18887, 1671403094153375941, '100001001002004', '2023-12-28 17:45:15', '2023-12-28 17:45:15', '0', 1671403256519078138, NULL, NULL);
INSERT INTO `sys_role_resource` VALUES (18888, 1671403094153375941, '100001001002005', '2023-12-28 17:45:15', '2023-12-28 17:45:15', '0', 1671403256519078138, NULL, NULL);
INSERT INTO `sys_role_resource` VALUES (18889, 1671403094153375941, '100001001002006', '2023-12-28 17:45:15', '2023-12-28 17:45:15', '0', 1671403256519078138, NULL, NULL);
INSERT INTO `sys_role_resource` VALUES (18977, 1671403094153375963, '100001012000000', '2024-05-20 18:24:51', '2024-05-20 18:24:51', '0', 1, 1, NULL);
INSERT INTO `sys_role_resource` VALUES (18978, 1671403094153375963, '100001012001000', '2024-05-20 18:24:51', '2024-05-20 18:24:51', '0', 1, 1, NULL);
INSERT INTO `sys_role_resource` VALUES (18979, 1671403094153375963, '100001012001001', '2024-05-20 18:24:51', '2024-05-20 18:24:51', '0', 1, 1, NULL);
INSERT INTO `sys_role_resource` VALUES (18980, 1671403094153375963, '100001013000000', '2024-05-20 18:24:51', '2024-05-20 18:24:51', '0', 1, 1, NULL);
INSERT INTO `sys_role_resource` VALUES (18981, 1671403094153375963, '100001013001000', '2024-05-20 18:24:51', '2024-05-20 18:24:51', '0', 1, 1, NULL);
INSERT INTO `sys_role_resource` VALUES (18982, 1671403094153375963, '100001013001001', '2024-05-20 18:24:51', '2024-05-20 18:24:51', '0', 1, 1, NULL);
INSERT INTO `sys_role_resource` VALUES (18983, 1671403094153375963, '100001013001001001', '2024-05-20 18:24:51', '2024-05-20 18:24:51', '0', 1, 1, NULL);
INSERT INTO `sys_role_resource` VALUES (18984, 1671403094153375963, '100001013001002', '2024-05-20 18:24:51', '2024-05-20 18:24:51', '0', 1, 1, NULL);
INSERT INTO `sys_role_resource` VALUES (18985, 1671403094153375963, '100001013001002001', '2024-05-20 18:24:51', '2024-05-20 18:24:51', '0', 1, 1, NULL);
INSERT INTO `sys_role_resource` VALUES (18986, 1671403094153375963, '100001014000000', '2024-05-20 18:24:51', '2024-05-20 18:24:51', '0', 1, 1, NULL);
INSERT INTO `sys_role_resource` VALUES (18987, 1671403094153375963, '100001014001000', '2024-05-20 18:24:51', '2024-05-20 18:24:51', '0', 1, 1, NULL);
INSERT INTO `sys_role_resource` VALUES (18988, 1671403094153375963, '100001014001001', '2024-05-20 18:24:51', '2024-05-20 18:24:51', '0', 1, 1, NULL);
INSERT INTO `sys_role_resource` VALUES (18989, 1671403094153375963, '100001014001001001', '2024-05-20 18:24:51', '2024-05-20 18:24:51', '0', 1, 1, NULL);
INSERT INTO `sys_role_resource` VALUES (18990, 1671403094153375963, '100001014001001002', '2024-05-20 18:24:51', '2024-05-20 18:24:51', '0', 1, 1, NULL);
INSERT INTO `sys_role_resource` VALUES (18991, 1671403094153375963, '100001014002000', '2024-05-20 18:24:51', '2024-05-20 18:24:51', '0', 1, 1, NULL);
INSERT INTO `sys_role_resource` VALUES (18992, 1671403094153375963, '100001014002001', '2024-05-20 18:24:51', '2024-05-20 18:24:51', '0', 1, 1, NULL);
INSERT INTO `sys_role_resource` VALUES (18993, 1671403094153375963, '100001014002001001', '2024-05-20 18:24:51', '2024-05-20 18:24:51', '0', 1, 1, NULL);
INSERT INTO `sys_role_resource` VALUES (18994, 1671403094153375963, '100001014002001002', '2024-05-20 18:24:51', '2024-05-20 18:24:51', '0', 1, 1, NULL);
INSERT INTO `sys_role_resource` VALUES (18995, 1671403094153375963, '100001015000000', '2024-05-20 18:24:51', '2024-05-20 18:24:51', '0', 1, 1, NULL);
INSERT INTO `sys_role_resource` VALUES (18996, 1671403094153375963, '100001015001000', '2024-05-20 18:24:51', '2024-05-20 18:24:51', '0', 1, 1, NULL);
INSERT INTO `sys_role_resource` VALUES (18997, 1671403094153375963, '100001015001001', '2024-05-20 18:24:51', '2024-05-20 18:24:51', '0', 1, 1, NULL);
INSERT INTO `sys_role_resource` VALUES (18998, 1671403094153375963, '100001015001001001', '2024-05-20 18:24:51', '2024-05-20 18:24:51', '0', 1, 1, NULL);
INSERT INTO `sys_role_resource` VALUES (18999, 1671403094153375963, '100001015002000', '2024-05-20 18:24:51', '2024-05-20 18:24:51', '0', 1, 1, NULL);
INSERT INTO `sys_role_resource` VALUES (19000, 1671403094153375963, '100001015002001', '2024-05-20 18:24:51', '2024-05-20 18:24:51', '0', 1, 1, NULL);
INSERT INTO `sys_role_resource` VALUES (19001, 1671403094153375963, '100001015002001001', '2024-05-20 18:24:51', '2024-05-20 18:24:51', '0', 1, 1, NULL);
INSERT INTO `sys_role_resource` VALUES (19002, 1671403094153375963, '100001015002001002', '2024-05-20 18:24:51', '2024-05-20 18:24:51', '0', 1, 1, NULL);
INSERT INTO `sys_role_resource` VALUES (19003, 1671403094153375963, '100001015002001003', '2024-05-20 18:24:51', '2024-05-20 18:24:51', '0', 1, 1, NULL);
INSERT INTO `sys_role_resource` VALUES (19004, 1671403094153375963, '100001015002001004', '2024-05-20 18:24:51', '2024-05-20 18:24:51', '0', 1, 1, NULL);
INSERT INTO `sys_role_resource` VALUES (19005, 1671403094153375963, '100001015002001005', '2024-05-20 18:24:51', '2024-05-20 18:24:51', '0', 1, 1, NULL);
INSERT INTO `sys_role_resource` VALUES (19006, 1671403094153375963, '100001015002001006', '2024-05-20 18:24:51', '2024-05-20 18:24:51', '0', 1, 1, NULL);
INSERT INTO `sys_role_resource` VALUES (19007, 1671403094153375963, '100001015002001007', '2024-05-20 18:24:51', '2024-05-20 18:24:51', '0', 1, 1, NULL);
INSERT INTO `sys_role_resource` VALUES (19008, 1671403094153375963, '100001015002001008', '2024-05-20 18:24:51', '2024-05-20 18:24:51', '0', 1, 1, NULL);
INSERT INTO `sys_role_resource` VALUES (19009, 1671403094153375963, '100001015002001009', '2024-05-20 18:24:51', '2024-05-20 18:24:51', '0', 1, 1, NULL);
INSERT INTO `sys_role_resource` VALUES (19010, 1671403094153375963, '100001015002001010', '2024-05-20 18:24:51', '2024-05-20 18:24:51', '0', 1, 1, NULL);
INSERT INTO `sys_role_resource` VALUES (19011, 1671403094153375963, '100001015002002', '2024-05-20 18:24:51', '2024-05-20 18:24:51', '0', 1, 1, NULL);
INSERT INTO `sys_role_resource` VALUES (19012, 1671403094153375963, '100001015002003', '2024-05-20 18:24:51', '2024-05-20 18:24:51', '0', 1, 1, NULL);
INSERT INTO `sys_role_resource` VALUES (19013, 1671403094153375963, '100001015002003001', '2024-05-20 18:24:51', '2024-05-20 18:24:51', '0', 1, 1, NULL);
INSERT INTO `sys_role_resource` VALUES (19014, 1671403094153375963, '100001015002003002', '2024-05-20 18:24:51', '2024-05-20 18:24:51', '0', 1, 1, NULL);
INSERT INTO `sys_role_resource` VALUES (19015, 1671403094153375963, '100001015002003003', '2024-05-20 18:24:51', '2024-05-20 18:24:51', '0', 1, 1, NULL);
INSERT INTO `sys_role_resource` VALUES (19016, 1671403094153375963, '100001015002003004', '2024-05-20 18:24:51', '2024-05-20 18:24:51', '0', 1, 1, NULL);
INSERT INTO `sys_role_resource` VALUES (19017, 1671403094153375963, '100001015002003005', '2024-05-20 18:24:51', '2024-05-20 18:24:51', '0', 1, 1, NULL);
INSERT INTO `sys_role_resource` VALUES (19018, 1671403094153375963, '100001016000000', '2024-05-20 18:24:51', '2024-05-20 18:24:51', '0', 1, 1, NULL);
INSERT INTO `sys_role_resource` VALUES (19019, 1671403094153375963, '100001016001000', '2024-05-20 18:24:51', '2024-05-20 18:24:51', '0', 1, 1, NULL);
INSERT INTO `sys_role_resource` VALUES (19020, 1671403094153375963, '100001016001001', '2024-05-20 18:24:51', '2024-05-20 18:24:51', '0', 1, 1, NULL);
INSERT INTO `sys_role_resource` VALUES (19021, 1671403094153375963, '100001016001001001', '2024-05-20 18:24:51', '2024-05-20 18:24:51', '0', 1, 1, NULL);
INSERT INTO `sys_role_resource` VALUES (19022, 1671403094153375963, '100001016001001002', '2024-05-20 18:24:51', '2024-05-20 18:24:51', '0', 1, 1, NULL);
INSERT INTO `sys_role_resource` VALUES (19023, 1671403094153375963, '100001016001001003', '2024-05-20 18:24:51', '2024-05-20 18:24:51', '0', 1, 1, NULL);
INSERT INTO `sys_role_resource` VALUES (19024, 1671403094153375963, '100001016001001004', '2024-05-20 18:24:51', '2024-05-20 18:24:51', '0', 1, 1, NULL);
INSERT INTO `sys_role_resource` VALUES (19025, 1671403094153375963, '100001016001001005', '2024-05-20 18:24:51', '2024-05-20 18:24:51', '0', 1, 1, NULL);
INSERT INTO `sys_role_resource` VALUES (19026, 1671403094153375963, '100001016001003', '2024-05-20 18:24:51', '2024-05-20 18:24:51', '0', 1, 1, NULL);
INSERT INTO `sys_role_resource` VALUES (19027, 1671403094153375963, '100001016001003001', '2024-05-20 18:24:51', '2024-05-20 18:24:51', '0', 1, 1, NULL);
INSERT INTO `sys_role_resource` VALUES (19028, 1671403094153375963, '100001016001003002', '2024-05-20 18:24:51', '2024-05-20 18:24:51', '0', 1, 1, NULL);
INSERT INTO `sys_role_resource` VALUES (19029, 1671403094153375963, '100001016001003003', '2024-05-20 18:24:51', '2024-05-20 18:24:51', '0', 1, 1, NULL);
INSERT INTO `sys_role_resource` VALUES (19030, 1671403094153375963, '100001016001003004', '2024-05-20 18:24:51', '2024-05-20 18:24:51', '0', 1, 1, NULL);
INSERT INTO `sys_role_resource` VALUES (19031, 1671403094153375963, '100001016001003005', '2024-05-20 18:24:51', '2024-05-20 18:24:51', '0', 1, 1, NULL);
INSERT INTO `sys_role_resource` VALUES (19032, 1671403094153375963, '100001016001002', '2024-05-20 18:24:51', '2024-05-20 18:24:51', '0', 1, 1, NULL);
INSERT INTO `sys_role_resource` VALUES (19033, 1671403094153375963, '100001016001002001', '2024-05-20 18:24:51', '2024-05-20 18:24:51', '0', 1, 1, NULL);
INSERT INTO `sys_role_resource` VALUES (19034, 1671403094153375963, '100001016001002002', '2024-05-20 18:24:51', '2024-05-20 18:24:51', '0', 1, 1, NULL);
INSERT INTO `sys_role_resource` VALUES (19035, 1671403094153375963, '100001016001002003', '2024-05-20 18:24:51', '2024-05-20 18:24:51', '0', 1, 1, NULL);
INSERT INTO `sys_role_resource` VALUES (19036, 1671403094153375963, '100001016001002004', '2024-05-20 18:24:51', '2024-05-20 18:24:51', '0', 1, 1, NULL);
INSERT INTO `sys_role_resource` VALUES (19037, 1671403094153375963, '100001016002000', '2024-05-20 18:24:51', '2024-05-20 18:24:51', '0', 1, 1, NULL);
INSERT INTO `sys_role_resource` VALUES (19038, 1671403094153375963, '100001016002001', '2024-05-20 18:24:51', '2024-05-20 18:24:51', '0', 1, 1, NULL);
INSERT INTO `sys_role_resource` VALUES (19039, 1671403094153375963, '100001016002002', '2024-05-20 18:24:51', '2024-05-20 18:24:51', '0', 1, 1, NULL);
INSERT INTO `sys_role_resource` VALUES (19040, 1671403094153375963, '100001017000000', '2024-05-20 18:24:51', '2024-05-20 18:24:51', '0', 1, 1, NULL);
INSERT INTO `sys_role_resource` VALUES (19041, 1671403094153375963, '100001017001000', '2024-05-20 18:24:51', '2024-05-20 18:24:51', '0', 1, 1, NULL);
INSERT INTO `sys_role_resource` VALUES (19042, 1671403094153375963, '100001017001001', '2024-05-20 18:24:51', '2024-05-20 18:24:51', '0', 1, 1, NULL);
INSERT INTO `sys_role_resource` VALUES (19043, 1671403094153375963, '100001017001001001', '2024-05-20 18:24:51', '2024-05-20 18:24:51', '0', 1, 1, NULL);
INSERT INTO `sys_role_resource` VALUES (19044, 1671403094153375963, '100001017001001002', '2024-05-20 18:24:51', '2024-05-20 18:24:51', '0', 1, 1, NULL);
INSERT INTO `sys_role_resource` VALUES (19045, 1671403094153375963, '100001017001001003', '2024-05-20 18:24:51', '2024-05-20 18:24:51', '0', 1, 1, NULL);
INSERT INTO `sys_role_resource` VALUES (19046, 1671403094153375963, '100001017001002', '2024-05-20 18:24:51', '2024-05-20 18:24:51', '0', 1, 1, NULL);
INSERT INTO `sys_role_resource` VALUES (19047, 1671403094153375963, '100001017001002001', '2024-05-20 18:24:51', '2024-05-20 18:24:51', '0', 1, 1, NULL);
INSERT INTO `sys_role_resource` VALUES (19048, 1671403094153375963, '100001018000000', '2024-05-20 18:24:51', '2024-05-20 18:24:51', '0', 1, 1, NULL);
INSERT INTO `sys_role_resource` VALUES (19049, 1671403094153375963, '100001018001000', '2024-05-20 18:24:51', '2024-05-20 18:24:51', '0', 1, 1, NULL);
INSERT INTO `sys_role_resource` VALUES (19050, 1671403094153375963, '100001018001001', '2024-05-20 18:24:51', '2024-05-20 18:24:51', '0', 1, 1, NULL);
INSERT INTO `sys_role_resource` VALUES (19051, 1671403094153375963, '100001018001001001', '2024-05-20 18:24:51', '2024-05-20 18:24:51', '0', 1, 1, NULL);
INSERT INTO `sys_role_resource` VALUES (19052, 1671403094153375963, '100001018001001002', '2024-05-20 18:24:51', '2024-05-20 18:24:51', '0', 1, 1, NULL);
INSERT INTO `sys_role_resource` VALUES (19053, 1671403094153375963, '100001018001001003', '2024-05-20 18:24:51', '2024-05-20 18:24:51', '0', 1, 1, NULL);
INSERT INTO `sys_role_resource` VALUES (19054, 1671403094153375963, '100001018001001004', '2024-05-20 18:24:51', '2024-05-20 18:24:51', '0', 1, 1, NULL);
INSERT INTO `sys_role_resource` VALUES (19055, 1671403094153375963, '100001018001002', '2024-05-20 18:24:51', '2024-05-20 18:24:51', '0', 1, 1, NULL);
INSERT INTO `sys_role_resource` VALUES (19056, 1671403094153375963, '100001018001002001', '2024-05-20 18:24:51', '2024-05-20 18:24:51', '0', 1, 1, NULL);
INSERT INTO `sys_role_resource` VALUES (19057, 1671403094153375963, '100001018002000', '2024-05-20 18:24:51', '2024-05-20 18:24:51', '0', 1, 1, NULL);
INSERT INTO `sys_role_resource` VALUES (19058, 1671403094153375963, '100001018002001', '2024-05-20 18:24:51', '2024-05-20 18:24:51', '0', 1, 1, NULL);
INSERT INTO `sys_role_resource` VALUES (19059, 1671403094153375963, '100001018002001001', '2024-05-20 18:24:51', '2024-05-20 18:24:51', '0', 1, 1, NULL);
INSERT INTO `sys_role_resource` VALUES (19060, 1671403094153375963, '100001018002002', '2024-05-20 18:24:51', '2024-05-20 18:24:51', '0', 1, 1, NULL);
INSERT INTO `sys_role_resource` VALUES (19061, 1671403094153375963, '100001019000000', '2024-05-20 18:24:51', '2024-05-20 18:24:51', '0', 1, 1, NULL);
INSERT INTO `sys_role_resource` VALUES (19062, 1671403094153375963, '100001019001000', '2024-05-20 18:24:51', '2024-05-20 18:24:51', '0', 1, 1, NULL);
INSERT INTO `sys_role_resource` VALUES (19063, 1671403094153375963, '100001019001001', '2024-05-20 18:24:51', '2024-05-20 18:24:51', '0', 1, 1, NULL);
INSERT INTO `sys_role_resource` VALUES (19064, 1671403094153375963, '100001001000000', '2024-05-20 18:24:51', '2024-05-20 18:24:51', '0', 1, 1, NULL);
INSERT INTO `sys_role_resource` VALUES (19065, 1671403094153375963, '100001001006000', '2024-05-20 18:24:51', '2024-05-20 18:24:51', '0', 1, 1, NULL);
INSERT INTO `sys_role_resource` VALUES (19066, 1671403094153375963, '100001001005000', '2024-05-20 18:24:51', '2024-05-20 18:24:51', '0', 1, 1, NULL);
INSERT INTO `sys_role_resource` VALUES (19067, 1671403094153375963, '100001001005009', '2024-05-20 18:24:51', '2024-05-20 18:24:51', '0', 1, 1, NULL);
INSERT INTO `sys_role_resource` VALUES (19068, 1671403094153375963, '100001001005010', '2024-05-20 18:24:51', '2024-05-20 18:24:51', '0', 1, 1, NULL);
INSERT INTO `sys_role_resource` VALUES (19069, 1671403094153375963, '100001001005011', '2024-05-20 18:24:51', '2024-05-20 18:24:51', '0', 1, 1, NULL);
INSERT INTO `sys_role_resource` VALUES (19070, 1671403094153375963, '100001001005006', '2024-05-20 18:24:51', '2024-05-20 18:24:51', '0', 1, 1, NULL);
INSERT INTO `sys_role_resource` VALUES (19071, 1671403094153375963, '100001001005007', '2024-05-20 18:24:51', '2024-05-20 18:24:51', '0', 1, 1, NULL);
INSERT INTO `sys_role_resource` VALUES (19072, 1671403094153375963, '100001001005008', '2024-05-20 18:24:51', '2024-05-20 18:24:51', '0', 1, 1, NULL);
INSERT INTO `sys_role_resource` VALUES (19073, 1671403094153375963, '100001001007000', '2024-05-20 18:24:51', '2024-05-20 18:24:51', '0', 1, 1, NULL);
INSERT INTO `sys_role_resource` VALUES (19074, 1671403094153375963, '100001001004000', '2024-05-20 18:24:51', '2024-05-20 18:24:51', '0', 1, 1, NULL);
INSERT INTO `sys_role_resource` VALUES (19075, 1671403094153375963, '100001001004001', '2024-05-20 18:24:51', '2024-05-20 18:24:51', '0', 1, 1, NULL);
INSERT INTO `sys_role_resource` VALUES (19076, 1671403094153375963, '100001001004003', '2024-05-20 18:24:51', '2024-05-20 18:24:51', '0', 1, 1, NULL);
INSERT INTO `sys_role_resource` VALUES (19077, 1671403094153375963, '100001001004004', '2024-05-20 18:24:51', '2024-05-20 18:24:51', '0', 1, 1, NULL);
INSERT INTO `sys_role_resource` VALUES (19078, 1671403094153375963, '100001001004005', '2024-05-20 18:24:51', '2024-05-20 18:24:51', '0', 1, 1, NULL);
INSERT INTO `sys_role_resource` VALUES (19079, 1671403094153375963, '100001001004006', '2024-05-20 18:24:51', '2024-05-20 18:24:51', '0', 1, 1, NULL);
INSERT INTO `sys_role_resource` VALUES (19080, 1671403094153375963, '100001001003000', '2024-05-20 18:24:51', '2024-05-20 18:24:51', '0', 1, 1, NULL);
INSERT INTO `sys_role_resource` VALUES (19081, 1671403094153375963, '100001001003001', '2024-05-20 18:24:51', '2024-05-20 18:24:51', '0', 1, 1, NULL);
INSERT INTO `sys_role_resource` VALUES (19082, 1671403094153375963, '100001001003002', '2024-05-20 18:24:51', '2024-05-20 18:24:51', '0', 1, 1, NULL);
INSERT INTO `sys_role_resource` VALUES (19083, 1671403094153375963, '100001001003003', '2024-05-20 18:24:51', '2024-05-20 18:24:51', '0', 1, 1, NULL);
INSERT INTO `sys_role_resource` VALUES (19084, 1671403094153375963, '100001001003004', '2024-05-20 18:24:51', '2024-05-20 18:24:51', '0', 1, 1, NULL);
INSERT INTO `sys_role_resource` VALUES (19085, 1671403094153375963, '100001001003005', '2024-05-20 18:24:51', '2024-05-20 18:24:51', '0', 1, 1, NULL);
INSERT INTO `sys_role_resource` VALUES (19086, 1671403094153375963, '100001001003006', '2024-05-20 18:24:51', '2024-05-20 18:24:51', '0', 1, 1, NULL);
INSERT INTO `sys_role_resource` VALUES (19087, 1671403094153375963, '100001001003007', '2024-05-20 18:24:51', '2024-05-20 18:24:51', '0', 1, 1, NULL);
INSERT INTO `sys_role_resource` VALUES (19088, 1671403094153375963, '100001001003008', '2024-05-20 18:24:51', '2024-05-20 18:24:51', '0', 1, 1, NULL);
INSERT INTO `sys_role_resource` VALUES (19089, 1671403094153375963, '100001001003009', '2024-05-20 18:24:51', '2024-05-20 18:24:51', '0', 1, 1, NULL);
INSERT INTO `sys_role_resource` VALUES (19090, 1671403094153375963, '100001001003010', '2024-05-20 18:24:51', '2024-05-20 18:24:51', '0', 1, 1, NULL);
INSERT INTO `sys_role_resource` VALUES (19091, 1671403094153375963, '100001001003011', '2024-05-20 18:24:51', '2024-05-20 18:24:51', '0', 1, 1, NULL);
INSERT INTO `sys_role_resource` VALUES (19092, 1671403094153375963, '100001001001000', '2024-05-20 18:24:51', '2024-05-20 18:24:51', '0', 1, 1, NULL);
INSERT INTO `sys_role_resource` VALUES (19093, 1671403094153375963, '100001001001007', '2024-05-20 18:24:51', '2024-05-20 18:24:51', '0', 1, 1, NULL);
INSERT INTO `sys_role_resource` VALUES (19094, 1671403094153375963, '100001001001001', '2024-05-20 18:24:51', '2024-05-20 18:24:51', '0', 1, 1, NULL);
INSERT INTO `sys_role_resource` VALUES (19095, 1671403094153375963, '100001001001003', '2024-05-20 18:24:51', '2024-05-20 18:24:51', '0', 1, 1, NULL);
INSERT INTO `sys_role_resource` VALUES (19096, 1671403094153375963, '100001001001008', '2024-05-20 18:24:51', '2024-05-20 18:24:51', '0', 1, 1, NULL);
INSERT INTO `sys_role_resource` VALUES (19097, 1671403094153375963, '100001001001009', '2024-05-20 18:24:51', '2024-05-20 18:24:51', '0', 1, 1, NULL);
INSERT INTO `sys_role_resource` VALUES (19098, 1671403094153375963, '100001001001004', '2024-05-20 18:24:51', '2024-05-20 18:24:51', '0', 1, 1, NULL);
INSERT INTO `sys_role_resource` VALUES (19099, 1671403094153375963, '100001001002000', '2024-05-20 18:24:51', '2024-05-20 18:24:51', '0', 1, 1, NULL);
INSERT INTO `sys_role_resource` VALUES (19100, 1671403094153375963, '100001001002001', '2024-05-20 18:24:51', '2024-05-20 18:24:51', '0', 1, 1, NULL);
INSERT INTO `sys_role_resource` VALUES (19101, 1671403094153375963, '100001001002003', '2024-05-20 18:24:51', '2024-05-20 18:24:51', '0', 1, 1, NULL);
INSERT INTO `sys_role_resource` VALUES (19102, 1671403094153375963, '100001001002004', '2024-05-20 18:24:51', '2024-05-20 18:24:51', '0', 1, 1, NULL);
INSERT INTO `sys_role_resource` VALUES (19103, 1671403094153375963, '100001001002005', '2024-05-20 18:24:51', '2024-05-20 18:24:51', '0', 1, 1, NULL);
INSERT INTO `sys_role_resource` VALUES (19104, 1671403094153375963, '100001001002006', '2024-05-20 18:24:51', '2024-05-20 18:24:51', '0', 1, 1, NULL);
INSERT INTO `sys_role_resource` VALUES (19105, 1671403094153375963, '100001020000000', '2024-05-20 18:24:51', '2024-05-20 18:24:51', '0', 1, 1, NULL);
INSERT INTO `sys_role_resource` VALUES (19106, 1671403094153375963, '100001020001000', '2024-05-20 18:24:51', '2024-05-20 18:24:51', '0', 1, 1, NULL);
INSERT INTO `sys_role_resource` VALUES (19107, 1671403094153375963, '100001020001001', '2024-05-20 18:24:51', '2024-05-20 18:24:51', '0', 1, 1, NULL);
INSERT INTO `sys_role_resource` VALUES (19108, 1671403094153375963, '100001020001001001', '2024-05-20 18:24:51', '2024-05-20 18:24:51', '0', 1, 1, NULL);
INSERT INTO `sys_role_resource` VALUES (19109, 1671403094153375963, '100001020001001002', '2024-05-20 18:24:51', '2024-05-20 18:24:51', '0', 1, 1, NULL);
INSERT INTO `sys_role_resource` VALUES (19110, 1671403094153375963, '100001020001001003', '2024-05-20 18:24:51', '2024-05-20 18:24:51', '0', 1, 1, NULL);
INSERT INTO `sys_role_resource` VALUES (19111, 1671403094153375963, '100001020001001004', '2024-05-20 18:24:51', '2024-05-20 18:24:51', '0', 1, 1, NULL);
INSERT INTO `sys_role_resource` VALUES (19112, 1671403094153375963, '100001020002000', '2024-05-20 18:24:51', '2024-05-20 18:24:51', '0', 1, 1, NULL);
INSERT INTO `sys_role_resource` VALUES (19113, 1671403094153375963, '100001020002001', '2024-05-20 18:24:51', '2024-05-20 18:24:51', '0', 1, 1, NULL);
INSERT INTO `sys_role_resource` VALUES (19114, 1671403094153375963, '100001020002001001', '2024-05-20 18:24:51', '2024-05-20 18:24:51', '0', 1, 1, NULL);
INSERT INTO `sys_role_resource` VALUES (19115, 1671403094153375963, '100001020002002', '2024-05-20 18:24:51', '2024-05-20 18:24:51', '0', 1, 1, NULL);
INSERT INTO `sys_role_resource` VALUES (19116, 1671403094153375963, '100001020002002001', '2024-05-20 18:24:51', '2024-05-20 18:24:51', '0', 1, 1, NULL);
INSERT INTO `sys_role_resource` VALUES (19117, 1671403094153375963, '100001020002002002', '2024-05-20 18:24:51', '2024-05-20 18:24:51', '0', 1, 1, NULL);
INSERT INTO `sys_role_resource` VALUES (19118, 1671403094153375963, '100001020002002003', '2024-05-20 18:24:51', '2024-05-20 18:24:51', '0', 1, 1, NULL);
INSERT INTO `sys_role_resource` VALUES (19119, 1671403094153375963, '100001020002002004', '2024-05-20 18:24:51', '2024-05-20 18:24:51', '0', 1, 1, NULL);
INSERT INTO `sys_role_resource` VALUES (19120, 1671403094153375963, '100001020002002005', '2024-05-20 18:24:51', '2024-05-20 18:24:51', '0', 1, 1, NULL);
INSERT INTO `sys_role_resource` VALUES (19266, 1662380895291650049, '100001012000000', '2024-05-25 14:50:14', '2024-05-25 14:50:14', '0', 1671403256519078138, 1671403256519078138, NULL);
INSERT INTO `sys_role_resource` VALUES (19267, 1662380895291650049, '100001012001000', '2024-05-25 14:50:14', '2024-05-25 14:50:14', '0', 1671403256519078138, 1671403256519078138, NULL);
INSERT INTO `sys_role_resource` VALUES (19268, 1662380895291650049, '100001012001001', '2024-05-25 14:50:14', '2024-05-25 14:50:14', '0', 1671403256519078138, 1671403256519078138, NULL);
INSERT INTO `sys_role_resource` VALUES (19269, 1662380895291650049, '100001013000000', '2024-05-25 14:50:14', '2024-05-25 14:50:14', '0', 1671403256519078138, 1671403256519078138, NULL);
INSERT INTO `sys_role_resource` VALUES (19270, 1662380895291650049, '100001013001000', '2024-05-25 14:50:14', '2024-05-25 14:50:14', '0', 1671403256519078138, 1671403256519078138, NULL);
INSERT INTO `sys_role_resource` VALUES (19271, 1662380895291650049, '100001013001001', '2024-05-25 14:50:14', '2024-05-25 14:50:14', '0', 1671403256519078138, 1671403256519078138, NULL);
INSERT INTO `sys_role_resource` VALUES (19272, 1662380895291650049, '100001013001001001', '2024-05-25 14:50:14', '2024-05-25 14:50:14', '0', 1671403256519078138, 1671403256519078138, NULL);
INSERT INTO `sys_role_resource` VALUES (19273, 1662380895291650049, '100001013001002', '2024-05-25 14:50:14', '2024-05-25 14:50:14', '0', 1671403256519078138, 1671403256519078138, NULL);
INSERT INTO `sys_role_resource` VALUES (19274, 1662380895291650049, '100001013001002001', '2024-05-25 14:50:14', '2024-05-25 14:50:14', '0', 1671403256519078138, 1671403256519078138, NULL);
INSERT INTO `sys_role_resource` VALUES (19275, 1662380895291650049, '100001014000000', '2024-05-25 14:50:14', '2024-05-25 14:50:14', '0', 1671403256519078138, 1671403256519078138, NULL);
INSERT INTO `sys_role_resource` VALUES (19276, 1662380895291650049, '100001014001000', '2024-05-25 14:50:14', '2024-05-25 14:50:14', '0', 1671403256519078138, 1671403256519078138, NULL);
INSERT INTO `sys_role_resource` VALUES (19277, 1662380895291650049, '100001014001001', '2024-05-25 14:50:14', '2024-05-25 14:50:14', '0', 1671403256519078138, 1671403256519078138, NULL);
INSERT INTO `sys_role_resource` VALUES (19278, 1662380895291650049, '100001014001001001', '2024-05-25 14:50:14', '2024-05-25 14:50:14', '0', 1671403256519078138, 1671403256519078138, NULL);
INSERT INTO `sys_role_resource` VALUES (19279, 1662380895291650049, '100001014001001002', '2024-05-25 14:50:14', '2024-05-25 14:50:14', '0', 1671403256519078138, 1671403256519078138, NULL);
INSERT INTO `sys_role_resource` VALUES (19280, 1662380895291650049, '100001014002000', '2024-05-25 14:50:14', '2024-05-25 14:50:14', '0', 1671403256519078138, 1671403256519078138, NULL);
INSERT INTO `sys_role_resource` VALUES (19281, 1662380895291650049, '100001014002001', '2024-05-25 14:50:14', '2024-05-25 14:50:14', '0', 1671403256519078138, 1671403256519078138, NULL);
INSERT INTO `sys_role_resource` VALUES (19282, 1662380895291650049, '100001014002001001', '2024-05-25 14:50:14', '2024-05-25 14:50:14', '0', 1671403256519078138, 1671403256519078138, NULL);
INSERT INTO `sys_role_resource` VALUES (19283, 1662380895291650049, '100001014002001002', '2024-05-25 14:50:14', '2024-05-25 14:50:14', '0', 1671403256519078138, 1671403256519078138, NULL);
INSERT INTO `sys_role_resource` VALUES (19284, 1662380895291650049, '100001015000000', '2024-05-25 14:50:14', '2024-05-25 14:50:14', '0', 1671403256519078138, 1671403256519078138, NULL);
INSERT INTO `sys_role_resource` VALUES (19285, 1662380895291650049, '100001015001000', '2024-05-25 14:50:14', '2024-05-25 14:50:14', '0', 1671403256519078138, 1671403256519078138, NULL);
INSERT INTO `sys_role_resource` VALUES (19286, 1662380895291650049, '100001015001001', '2024-05-25 14:50:14', '2024-05-25 14:50:14', '0', 1671403256519078138, 1671403256519078138, NULL);
INSERT INTO `sys_role_resource` VALUES (19287, 1662380895291650049, '100001015001001001', '2024-05-25 14:50:14', '2024-05-25 14:50:14', '0', 1671403256519078138, 1671403256519078138, NULL);
INSERT INTO `sys_role_resource` VALUES (19288, 1662380895291650049, '100001015002000', '2024-05-25 14:50:14', '2024-05-25 14:50:14', '0', 1671403256519078138, 1671403256519078138, NULL);
INSERT INTO `sys_role_resource` VALUES (19289, 1662380895291650049, '100001015002001', '2024-05-25 14:50:14', '2024-05-25 14:50:14', '0', 1671403256519078138, 1671403256519078138, NULL);
INSERT INTO `sys_role_resource` VALUES (19290, 1662380895291650049, '100001015002001001', '2024-05-25 14:50:14', '2024-05-25 14:50:14', '0', 1671403256519078138, 1671403256519078138, NULL);
INSERT INTO `sys_role_resource` VALUES (19291, 1662380895291650049, '100001015002001002', '2024-05-25 14:50:14', '2024-05-25 14:50:14', '0', 1671403256519078138, 1671403256519078138, NULL);
INSERT INTO `sys_role_resource` VALUES (19292, 1662380895291650049, '100001015002001003', '2024-05-25 14:50:14', '2024-05-25 14:50:14', '0', 1671403256519078138, 1671403256519078138, NULL);
INSERT INTO `sys_role_resource` VALUES (19293, 1662380895291650049, '100001015002001004', '2024-05-25 14:50:14', '2024-05-25 14:50:14', '0', 1671403256519078138, 1671403256519078138, NULL);
INSERT INTO `sys_role_resource` VALUES (19294, 1662380895291650049, '100001015002001005', '2024-05-25 14:50:14', '2024-05-25 14:50:14', '0', 1671403256519078138, 1671403256519078138, NULL);
INSERT INTO `sys_role_resource` VALUES (19295, 1662380895291650049, '100001015002001006', '2024-05-25 14:50:14', '2024-05-25 14:50:14', '0', 1671403256519078138, 1671403256519078138, NULL);
INSERT INTO `sys_role_resource` VALUES (19296, 1662380895291650049, '100001015002001007', '2024-05-25 14:50:14', '2024-05-25 14:50:14', '0', 1671403256519078138, 1671403256519078138, NULL);
INSERT INTO `sys_role_resource` VALUES (19297, 1662380895291650049, '100001015002001008', '2024-05-25 14:50:14', '2024-05-25 14:50:14', '0', 1671403256519078138, 1671403256519078138, NULL);
INSERT INTO `sys_role_resource` VALUES (19298, 1662380895291650049, '100001015002001009', '2024-05-25 14:50:14', '2024-05-25 14:50:14', '0', 1671403256519078138, 1671403256519078138, NULL);
INSERT INTO `sys_role_resource` VALUES (19299, 1662380895291650049, '100001015002001010', '2024-05-25 14:50:14', '2024-05-25 14:50:14', '0', 1671403256519078138, 1671403256519078138, NULL);
INSERT INTO `sys_role_resource` VALUES (19300, 1662380895291650049, '100001015002002', '2024-05-25 14:50:14', '2024-05-25 14:50:14', '0', 1671403256519078138, 1671403256519078138, NULL);
INSERT INTO `sys_role_resource` VALUES (19301, 1662380895291650049, '100001015002003', '2024-05-25 14:50:14', '2024-05-25 14:50:14', '0', 1671403256519078138, 1671403256519078138, NULL);
INSERT INTO `sys_role_resource` VALUES (19302, 1662380895291650049, '100001015002003001', '2024-05-25 14:50:14', '2024-05-25 14:50:14', '0', 1671403256519078138, 1671403256519078138, NULL);
INSERT INTO `sys_role_resource` VALUES (19303, 1662380895291650049, '100001015002003002', '2024-05-25 14:50:14', '2024-05-25 14:50:14', '0', 1671403256519078138, 1671403256519078138, NULL);
INSERT INTO `sys_role_resource` VALUES (19304, 1662380895291650049, '100001015002003003', '2024-05-25 14:50:14', '2024-05-25 14:50:14', '0', 1671403256519078138, 1671403256519078138, NULL);
INSERT INTO `sys_role_resource` VALUES (19305, 1662380895291650049, '100001015002003004', '2024-05-25 14:50:14', '2024-05-25 14:50:14', '0', 1671403256519078138, 1671403256519078138, NULL);
INSERT INTO `sys_role_resource` VALUES (19306, 1662380895291650049, '100001015002003005', '2024-05-25 14:50:14', '2024-05-25 14:50:14', '0', 1671403256519078138, 1671403256519078138, NULL);
INSERT INTO `sys_role_resource` VALUES (19307, 1662380895291650049, '100001016000000', '2024-05-25 14:50:14', '2024-05-25 14:50:14', '0', 1671403256519078138, 1671403256519078138, NULL);
INSERT INTO `sys_role_resource` VALUES (19308, 1662380895291650049, '100001016001000', '2024-05-25 14:50:14', '2024-05-25 14:50:14', '0', 1671403256519078138, 1671403256519078138, NULL);
INSERT INTO `sys_role_resource` VALUES (19309, 1662380895291650049, '100001016001001', '2024-05-25 14:50:14', '2024-05-25 14:50:14', '0', 1671403256519078138, 1671403256519078138, NULL);
INSERT INTO `sys_role_resource` VALUES (19310, 1662380895291650049, '100001016001001001', '2024-05-25 14:50:14', '2024-05-25 14:50:14', '0', 1671403256519078138, 1671403256519078138, NULL);
INSERT INTO `sys_role_resource` VALUES (19311, 1662380895291650049, '100001016001001002', '2024-05-25 14:50:14', '2024-05-25 14:50:14', '0', 1671403256519078138, 1671403256519078138, NULL);
INSERT INTO `sys_role_resource` VALUES (19312, 1662380895291650049, '100001016001001003', '2024-05-25 14:50:14', '2024-05-25 14:50:14', '0', 1671403256519078138, 1671403256519078138, NULL);
INSERT INTO `sys_role_resource` VALUES (19313, 1662380895291650049, '100001016001001004', '2024-05-25 14:50:14', '2024-05-25 14:50:14', '0', 1671403256519078138, 1671403256519078138, NULL);
INSERT INTO `sys_role_resource` VALUES (19314, 1662380895291650049, '100001016001001005', '2024-05-25 14:50:14', '2024-05-25 14:50:14', '0', 1671403256519078138, 1671403256519078138, NULL);
INSERT INTO `sys_role_resource` VALUES (19315, 1662380895291650049, '100001016001003', '2024-05-25 14:50:14', '2024-05-25 14:50:14', '0', 1671403256519078138, 1671403256519078138, NULL);
INSERT INTO `sys_role_resource` VALUES (19316, 1662380895291650049, '100001016001003001', '2024-05-25 14:50:14', '2024-05-25 14:50:14', '0', 1671403256519078138, 1671403256519078138, NULL);
INSERT INTO `sys_role_resource` VALUES (19317, 1662380895291650049, '100001016001003002', '2024-05-25 14:50:14', '2024-05-25 14:50:14', '0', 1671403256519078138, 1671403256519078138, NULL);
INSERT INTO `sys_role_resource` VALUES (19318, 1662380895291650049, '100001016001003003', '2024-05-25 14:50:14', '2024-05-25 14:50:14', '0', 1671403256519078138, 1671403256519078138, NULL);
INSERT INTO `sys_role_resource` VALUES (19319, 1662380895291650049, '100001016001003004', '2024-05-25 14:50:14', '2024-05-25 14:50:14', '0', 1671403256519078138, 1671403256519078138, NULL);
INSERT INTO `sys_role_resource` VALUES (19320, 1662380895291650049, '100001016001003005', '2024-05-25 14:50:14', '2024-05-25 14:50:14', '0', 1671403256519078138, 1671403256519078138, NULL);
INSERT INTO `sys_role_resource` VALUES (19321, 1662380895291650049, '100001016001002', '2024-05-25 14:50:14', '2024-05-25 14:50:14', '0', 1671403256519078138, 1671403256519078138, NULL);
INSERT INTO `sys_role_resource` VALUES (19322, 1662380895291650049, '100001016001002001', '2024-05-25 14:50:14', '2024-05-25 14:50:14', '0', 1671403256519078138, 1671403256519078138, NULL);
INSERT INTO `sys_role_resource` VALUES (19323, 1662380895291650049, '100001016001002002', '2024-05-25 14:50:14', '2024-05-25 14:50:14', '0', 1671403256519078138, 1671403256519078138, NULL);
INSERT INTO `sys_role_resource` VALUES (19324, 1662380895291650049, '100001016001002003', '2024-05-25 14:50:14', '2024-05-25 14:50:14', '0', 1671403256519078138, 1671403256519078138, NULL);
INSERT INTO `sys_role_resource` VALUES (19325, 1662380895291650049, '100001016001002004', '2024-05-25 14:50:14', '2024-05-25 14:50:14', '0', 1671403256519078138, 1671403256519078138, NULL);
INSERT INTO `sys_role_resource` VALUES (19326, 1662380895291650049, '100001016002000', '2024-05-25 14:50:14', '2024-05-25 14:50:14', '0', 1671403256519078138, 1671403256519078138, NULL);
INSERT INTO `sys_role_resource` VALUES (19327, 1662380895291650049, '100001016002001', '2024-05-25 14:50:14', '2024-05-25 14:50:14', '0', 1671403256519078138, 1671403256519078138, NULL);
INSERT INTO `sys_role_resource` VALUES (19328, 1662380895291650049, '100001016002002', '2024-05-25 14:50:14', '2024-05-25 14:50:14', '0', 1671403256519078138, 1671403256519078138, NULL);
INSERT INTO `sys_role_resource` VALUES (19329, 1662380895291650049, '100001017000000', '2024-05-25 14:50:14', '2024-05-25 14:50:14', '0', 1671403256519078138, 1671403256519078138, NULL);
INSERT INTO `sys_role_resource` VALUES (19330, 1662380895291650049, '100001017001000', '2024-05-25 14:50:14', '2024-05-25 14:50:14', '0', 1671403256519078138, 1671403256519078138, NULL);
INSERT INTO `sys_role_resource` VALUES (19331, 1662380895291650049, '100001017001001', '2024-05-25 14:50:14', '2024-05-25 14:50:14', '0', 1671403256519078138, 1671403256519078138, NULL);
INSERT INTO `sys_role_resource` VALUES (19332, 1662380895291650049, '100001017001001001', '2024-05-25 14:50:14', '2024-05-25 14:50:14', '0', 1671403256519078138, 1671403256519078138, NULL);
INSERT INTO `sys_role_resource` VALUES (19333, 1662380895291650049, '100001017001001002', '2024-05-25 14:50:14', '2024-05-25 14:50:14', '0', 1671403256519078138, 1671403256519078138, NULL);
INSERT INTO `sys_role_resource` VALUES (19334, 1662380895291650049, '100001017001001003', '2024-05-25 14:50:14', '2024-05-25 14:50:14', '0', 1671403256519078138, 1671403256519078138, NULL);
INSERT INTO `sys_role_resource` VALUES (19335, 1662380895291650049, '100001017001002', '2024-05-25 14:50:14', '2024-05-25 14:50:14', '0', 1671403256519078138, 1671403256519078138, NULL);
INSERT INTO `sys_role_resource` VALUES (19336, 1662380895291650049, '100001017001002001', '2024-05-25 14:50:14', '2024-05-25 14:50:14', '0', 1671403256519078138, 1671403256519078138, NULL);
INSERT INTO `sys_role_resource` VALUES (19337, 1662380895291650049, '100001018000000', '2024-05-25 14:50:14', '2024-05-25 14:50:14', '0', 1671403256519078138, 1671403256519078138, NULL);
INSERT INTO `sys_role_resource` VALUES (19338, 1662380895291650049, '100001018001000', '2024-05-25 14:50:14', '2024-05-25 14:50:14', '0', 1671403256519078138, 1671403256519078138, NULL);
INSERT INTO `sys_role_resource` VALUES (19339, 1662380895291650049, '100001018001001', '2024-05-25 14:50:14', '2024-05-25 14:50:14', '0', 1671403256519078138, 1671403256519078138, NULL);
INSERT INTO `sys_role_resource` VALUES (19340, 1662380895291650049, '100001018001001001', '2024-05-25 14:50:14', '2024-05-25 14:50:14', '0', 1671403256519078138, 1671403256519078138, NULL);
INSERT INTO `sys_role_resource` VALUES (19341, 1662380895291650049, '100001018001001002', '2024-05-25 14:50:14', '2024-05-25 14:50:14', '0', 1671403256519078138, 1671403256519078138, NULL);
INSERT INTO `sys_role_resource` VALUES (19342, 1662380895291650049, '100001018001001003', '2024-05-25 14:50:14', '2024-05-25 14:50:14', '0', 1671403256519078138, 1671403256519078138, NULL);
INSERT INTO `sys_role_resource` VALUES (19343, 1662380895291650049, '100001018001001004', '2024-05-25 14:50:14', '2024-05-25 14:50:14', '0', 1671403256519078138, 1671403256519078138, NULL);
INSERT INTO `sys_role_resource` VALUES (19344, 1662380895291650049, '100001018001002', '2024-05-25 14:50:14', '2024-05-25 14:50:14', '0', 1671403256519078138, 1671403256519078138, NULL);
INSERT INTO `sys_role_resource` VALUES (19345, 1662380895291650049, '100001018001002001', '2024-05-25 14:50:14', '2024-05-25 14:50:14', '0', 1671403256519078138, 1671403256519078138, NULL);
INSERT INTO `sys_role_resource` VALUES (19346, 1662380895291650049, '100001018002000', '2024-05-25 14:50:14', '2024-05-25 14:50:14', '0', 1671403256519078138, 1671403256519078138, NULL);
INSERT INTO `sys_role_resource` VALUES (19347, 1662380895291650049, '100001018002001', '2024-05-25 14:50:14', '2024-05-25 14:50:14', '0', 1671403256519078138, 1671403256519078138, NULL);
INSERT INTO `sys_role_resource` VALUES (19348, 1662380895291650049, '100001018002001001', '2024-05-25 14:50:14', '2024-05-25 14:50:14', '0', 1671403256519078138, 1671403256519078138, NULL);
INSERT INTO `sys_role_resource` VALUES (19349, 1662380895291650049, '100001018002002', '2024-05-25 14:50:14', '2024-05-25 14:50:14', '0', 1671403256519078138, 1671403256519078138, NULL);
INSERT INTO `sys_role_resource` VALUES (19350, 1662380895291650049, '100001019000000', '2024-05-25 14:50:14', '2024-05-25 14:50:14', '0', 1671403256519078138, 1671403256519078138, NULL);
INSERT INTO `sys_role_resource` VALUES (19351, 1662380895291650049, '100001019001000', '2024-05-25 14:50:14', '2024-05-25 14:50:14', '0', 1671403256519078138, 1671403256519078138, NULL);
INSERT INTO `sys_role_resource` VALUES (19352, 1662380895291650049, '100001019001001', '2024-05-25 14:50:14', '2024-05-25 14:50:14', '0', 1671403256519078138, 1671403256519078138, NULL);
INSERT INTO `sys_role_resource` VALUES (19353, 1662380895291650049, '100001001000000', '2024-05-25 14:50:14', '2024-05-25 14:50:14', '0', 1671403256519078138, 1671403256519078138, NULL);
INSERT INTO `sys_role_resource` VALUES (19354, 1662380895291650049, '100001001008000', '2024-05-25 14:50:14', '2024-05-25 14:50:14', '0', 1671403256519078138, 1671403256519078138, NULL);
INSERT INTO `sys_role_resource` VALUES (19355, 1662380895291650049, '100001001006000', '2024-05-25 14:50:14', '2024-05-25 14:50:14', '0', 1671403256519078138, 1671403256519078138, NULL);
INSERT INTO `sys_role_resource` VALUES (19356, 1662380895291650049, '100001001005000', '2024-05-25 14:50:14', '2024-05-25 14:50:14', '0', 1671403256519078138, 1671403256519078138, NULL);
INSERT INTO `sys_role_resource` VALUES (19357, 1662380895291650049, '100001001005009', '2024-05-25 14:50:14', '2024-05-25 14:50:14', '0', 1671403256519078138, 1671403256519078138, NULL);
INSERT INTO `sys_role_resource` VALUES (19358, 1662380895291650049, '100001001005010', '2024-05-25 14:50:14', '2024-05-25 14:50:14', '0', 1671403256519078138, 1671403256519078138, NULL);
INSERT INTO `sys_role_resource` VALUES (19359, 1662380895291650049, '100001001005011', '2024-05-25 14:50:14', '2024-05-25 14:50:14', '0', 1671403256519078138, 1671403256519078138, NULL);
INSERT INTO `sys_role_resource` VALUES (19360, 1662380895291650049, '100001001005006', '2024-05-25 14:50:14', '2024-05-25 14:50:14', '0', 1671403256519078138, 1671403256519078138, NULL);
INSERT INTO `sys_role_resource` VALUES (19361, 1662380895291650049, '100001001005007', '2024-05-25 14:50:14', '2024-05-25 14:50:14', '0', 1671403256519078138, 1671403256519078138, NULL);
INSERT INTO `sys_role_resource` VALUES (19362, 1662380895291650049, '100001001005008', '2024-05-25 14:50:14', '2024-05-25 14:50:14', '0', 1671403256519078138, 1671403256519078138, NULL);
INSERT INTO `sys_role_resource` VALUES (19363, 1662380895291650049, '100001001007000', '2024-05-25 14:50:14', '2024-05-25 14:50:14', '0', 1671403256519078138, 1671403256519078138, NULL);
INSERT INTO `sys_role_resource` VALUES (19364, 1662380895291650049, '100001001004000', '2024-05-25 14:50:14', '2024-05-25 14:50:14', '0', 1671403256519078138, 1671403256519078138, NULL);
INSERT INTO `sys_role_resource` VALUES (19365, 1662380895291650049, '100001001004001', '2024-05-25 14:50:14', '2024-05-25 14:50:14', '0', 1671403256519078138, 1671403256519078138, NULL);
INSERT INTO `sys_role_resource` VALUES (19366, 1662380895291650049, '100001001004003', '2024-05-25 14:50:14', '2024-05-25 14:50:14', '0', 1671403256519078138, 1671403256519078138, NULL);
INSERT INTO `sys_role_resource` VALUES (19367, 1662380895291650049, '100001001004004', '2024-05-25 14:50:14', '2024-05-25 14:50:14', '0', 1671403256519078138, 1671403256519078138, NULL);
INSERT INTO `sys_role_resource` VALUES (19368, 1662380895291650049, '100001001004005', '2024-05-25 14:50:14', '2024-05-25 14:50:14', '0', 1671403256519078138, 1671403256519078138, NULL);
INSERT INTO `sys_role_resource` VALUES (19369, 1662380895291650049, '100001001004006', '2024-05-25 14:50:14', '2024-05-25 14:50:14', '0', 1671403256519078138, 1671403256519078138, NULL);
INSERT INTO `sys_role_resource` VALUES (19370, 1662380895291650049, '100001001003000', '2024-05-25 14:50:14', '2024-05-25 14:50:14', '0', 1671403256519078138, 1671403256519078138, NULL);
INSERT INTO `sys_role_resource` VALUES (19371, 1662380895291650049, '100001001003012', '2024-05-25 14:50:14', '2024-05-25 14:50:14', '0', 1671403256519078138, 1671403256519078138, NULL);
INSERT INTO `sys_role_resource` VALUES (19372, 1662380895291650049, '100001001003001', '2024-05-25 14:50:14', '2024-05-25 14:50:14', '0', 1671403256519078138, 1671403256519078138, NULL);
INSERT INTO `sys_role_resource` VALUES (19373, 1662380895291650049, '100001001003002', '2024-05-25 14:50:14', '2024-05-25 14:50:14', '0', 1671403256519078138, 1671403256519078138, NULL);
INSERT INTO `sys_role_resource` VALUES (19374, 1662380895291650049, '100001001003003', '2024-05-25 14:50:14', '2024-05-25 14:50:14', '0', 1671403256519078138, 1671403256519078138, NULL);
INSERT INTO `sys_role_resource` VALUES (19375, 1662380895291650049, '100001001003004', '2024-05-25 14:50:14', '2024-05-25 14:50:14', '0', 1671403256519078138, 1671403256519078138, NULL);
INSERT INTO `sys_role_resource` VALUES (19376, 1662380895291650049, '100001001003005', '2024-05-25 14:50:14', '2024-05-25 14:50:14', '0', 1671403256519078138, 1671403256519078138, NULL);
INSERT INTO `sys_role_resource` VALUES (19377, 1662380895291650049, '100001001003006', '2024-05-25 14:50:14', '2024-05-25 14:50:14', '0', 1671403256519078138, 1671403256519078138, NULL);
INSERT INTO `sys_role_resource` VALUES (19378, 1662380895291650049, '100001001003007', '2024-05-25 14:50:14', '2024-05-25 14:50:14', '0', 1671403256519078138, 1671403256519078138, NULL);
INSERT INTO `sys_role_resource` VALUES (19379, 1662380895291650049, '100001001003008', '2024-05-25 14:50:14', '2024-05-25 14:50:14', '0', 1671403256519078138, 1671403256519078138, NULL);
INSERT INTO `sys_role_resource` VALUES (19380, 1662380895291650049, '100001001003009', '2024-05-25 14:50:14', '2024-05-25 14:50:14', '0', 1671403256519078138, 1671403256519078138, NULL);
INSERT INTO `sys_role_resource` VALUES (19381, 1662380895291650049, '100001001003010', '2024-05-25 14:50:14', '2024-05-25 14:50:14', '0', 1671403256519078138, 1671403256519078138, NULL);
INSERT INTO `sys_role_resource` VALUES (19382, 1662380895291650049, '100001001003011', '2024-05-25 14:50:14', '2024-05-25 14:50:14', '0', 1671403256519078138, 1671403256519078138, NULL);
INSERT INTO `sys_role_resource` VALUES (19383, 1662380895291650049, '100001001001000', '2024-05-25 14:50:14', '2024-05-25 14:50:14', '0', 1671403256519078138, 1671403256519078138, NULL);
INSERT INTO `sys_role_resource` VALUES (19384, 1662380895291650049, '100001001001007', '2024-05-25 14:50:14', '2024-05-25 14:50:14', '0', 1671403256519078138, 1671403256519078138, NULL);
INSERT INTO `sys_role_resource` VALUES (19385, 1662380895291650049, '100001001001001', '2024-05-25 14:50:14', '2024-05-25 14:50:14', '0', 1671403256519078138, 1671403256519078138, NULL);
INSERT INTO `sys_role_resource` VALUES (19386, 1662380895291650049, '100001001001003', '2024-05-25 14:50:14', '2024-05-25 14:50:14', '0', 1671403256519078138, 1671403256519078138, NULL);
INSERT INTO `sys_role_resource` VALUES (19387, 1662380895291650049, '100001001001008', '2024-05-25 14:50:14', '2024-05-25 14:50:14', '0', 1671403256519078138, 1671403256519078138, NULL);
INSERT INTO `sys_role_resource` VALUES (19388, 1662380895291650049, '100001001001009', '2024-05-25 14:50:14', '2024-05-25 14:50:14', '0', 1671403256519078138, 1671403256519078138, NULL);
INSERT INTO `sys_role_resource` VALUES (19389, 1662380895291650049, '100001001001004', '2024-05-25 14:50:14', '2024-05-25 14:50:14', '0', 1671403256519078138, 1671403256519078138, NULL);
INSERT INTO `sys_role_resource` VALUES (19390, 1662380895291650049, '100001001002000', '2024-05-25 14:50:14', '2024-05-25 14:50:14', '0', 1671403256519078138, 1671403256519078138, NULL);
INSERT INTO `sys_role_resource` VALUES (19391, 1662380895291650049, '100001001002001', '2024-05-25 14:50:14', '2024-05-25 14:50:14', '0', 1671403256519078138, 1671403256519078138, NULL);
INSERT INTO `sys_role_resource` VALUES (19392, 1662380895291650049, '100001001002003', '2024-05-25 14:50:14', '2024-05-25 14:50:14', '0', 1671403256519078138, 1671403256519078138, NULL);
INSERT INTO `sys_role_resource` VALUES (19393, 1662380895291650049, '100001001002004', '2024-05-25 14:50:14', '2024-05-25 14:50:14', '0', 1671403256519078138, 1671403256519078138, NULL);
INSERT INTO `sys_role_resource` VALUES (19394, 1662380895291650049, '100001001002005', '2024-05-25 14:50:14', '2024-05-25 14:50:14', '0', 1671403256519078138, 1671403256519078138, NULL);
INSERT INTO `sys_role_resource` VALUES (19395, 1662380895291650049, '100001001002006', '2024-05-25 14:50:14', '2024-05-25 14:50:14', '0', 1671403256519078138, 1671403256519078138, NULL);
INSERT INTO `sys_role_resource` VALUES (19396, 1662380895291650049, '100001020000000', '2024-05-25 14:50:14', '2024-05-25 14:50:14', '0', 1671403256519078138, 1671403256519078138, NULL);
INSERT INTO `sys_role_resource` VALUES (19397, 1662380895291650049, '100001020001000', '2024-05-25 14:50:14', '2024-05-25 14:50:14', '0', 1671403256519078138, 1671403256519078138, NULL);
INSERT INTO `sys_role_resource` VALUES (19398, 1662380895291650049, '100001020001001', '2024-05-25 14:50:14', '2024-05-25 14:50:14', '0', 1671403256519078138, 1671403256519078138, NULL);
INSERT INTO `sys_role_resource` VALUES (19399, 1662380895291650049, '100001020001001001', '2024-05-25 14:50:14', '2024-05-25 14:50:14', '0', 1671403256519078138, 1671403256519078138, NULL);
INSERT INTO `sys_role_resource` VALUES (19400, 1662380895291650049, '100001020001001002', '2024-05-25 14:50:14', '2024-05-25 14:50:14', '0', 1671403256519078138, 1671403256519078138, NULL);
INSERT INTO `sys_role_resource` VALUES (19401, 1662380895291650049, '100001020001001003', '2024-05-25 14:50:14', '2024-05-25 14:50:14', '0', 1671403256519078138, 1671403256519078138, NULL);
INSERT INTO `sys_role_resource` VALUES (19402, 1662380895291650049, '100001020001001004', '2024-05-25 14:50:14', '2024-05-25 14:50:14', '0', 1671403256519078138, 1671403256519078138, NULL);
INSERT INTO `sys_role_resource` VALUES (19403, 1662380895291650049, '100001020002000', '2024-05-25 14:50:14', '2024-05-25 14:50:14', '0', 1671403256519078138, 1671403256519078138, NULL);
INSERT INTO `sys_role_resource` VALUES (19404, 1662380895291650049, '100001020002001', '2024-05-25 14:50:14', '2024-05-25 14:50:14', '0', 1671403256519078138, 1671403256519078138, NULL);
INSERT INTO `sys_role_resource` VALUES (19405, 1662380895291650049, '100001020002001001', '2024-05-25 14:50:14', '2024-05-25 14:50:14', '0', 1671403256519078138, 1671403256519078138, NULL);
INSERT INTO `sys_role_resource` VALUES (19406, 1662380895291650049, '100001020002002', '2024-05-25 14:50:14', '2024-05-25 14:50:14', '0', 1671403256519078138, 1671403256519078138, NULL);
INSERT INTO `sys_role_resource` VALUES (19407, 1662380895291650049, '100001020002002001', '2024-05-25 14:50:14', '2024-05-25 14:50:14', '0', 1671403256519078138, 1671403256519078138, NULL);
INSERT INTO `sys_role_resource` VALUES (19408, 1662380895291650049, '100001020002002002', '2024-05-25 14:50:14', '2024-05-25 14:50:14', '0', 1671403256519078138, 1671403256519078138, NULL);
INSERT INTO `sys_role_resource` VALUES (19409, 1662380895291650049, '100001020002002003', '2024-05-25 14:50:14', '2024-05-25 14:50:14', '0', 1671403256519078138, 1671403256519078138, NULL);
INSERT INTO `sys_role_resource` VALUES (19410, 1662380895291650049, '100001020002002004', '2024-05-25 14:50:14', '2024-05-25 14:50:14', '0', 1671403256519078138, 1671403256519078138, NULL);
INSERT INTO `sys_role_resource` VALUES (19411, 1662380895291650049, '100001020002002005', '2024-05-25 14:50:14', '2024-05-25 14:50:14', '0', 1671403256519078138, 1671403256519078138, NULL);
INSERT INTO `sys_role_resource` VALUES (19412, 1671403094153375943, '100001012000000', '2024-05-25 15:07:20', '2024-05-25 15:07:20', '0', 1671403256519078138, 1671403256519078138, NULL);
INSERT INTO `sys_role_resource` VALUES (19413, 1671403094153375943, '100001012001000', '2024-05-25 15:07:20', '2024-05-25 15:07:20', '0', 1671403256519078138, 1671403256519078138, NULL);
INSERT INTO `sys_role_resource` VALUES (19414, 1671403094153375943, '100001012001001', '2024-05-25 15:07:20', '2024-05-25 15:07:20', '0', 1671403256519078138, 1671403256519078138, NULL);
INSERT INTO `sys_role_resource` VALUES (19415, 1671403094153375943, '100001014000000', '2024-05-25 15:07:20', '2024-05-25 15:07:20', '0', 1671403256519078138, 1671403256519078138, NULL);
INSERT INTO `sys_role_resource` VALUES (19416, 1671403094153375943, '100001014001000', '2024-05-25 15:07:20', '2024-05-25 15:07:20', '0', 1671403256519078138, 1671403256519078138, NULL);
INSERT INTO `sys_role_resource` VALUES (19417, 1671403094153375943, '100001014001001', '2024-05-25 15:07:20', '2024-05-25 15:07:20', '0', 1671403256519078138, 1671403256519078138, NULL);
INSERT INTO `sys_role_resource` VALUES (19418, 1671403094153375943, '100001014001001001', '2024-05-25 15:07:20', '2024-05-25 15:07:20', '0', 1671403256519078138, 1671403256519078138, NULL);
INSERT INTO `sys_role_resource` VALUES (19419, 1671403094153375943, '100001014001001002', '2024-05-25 15:07:20', '2024-05-25 15:07:20', '0', 1671403256519078138, 1671403256519078138, NULL);
INSERT INTO `sys_role_resource` VALUES (19420, 1671403094153375943, '100001014002000', '2024-05-25 15:07:20', '2024-05-25 15:07:20', '0', 1671403256519078138, 1671403256519078138, NULL);
INSERT INTO `sys_role_resource` VALUES (19421, 1671403094153375943, '100001014002001', '2024-05-25 15:07:20', '2024-05-25 15:07:20', '0', 1671403256519078138, 1671403256519078138, NULL);
INSERT INTO `sys_role_resource` VALUES (19422, 1671403094153375943, '100001014002001001', '2024-05-25 15:07:20', '2024-05-25 15:07:20', '0', 1671403256519078138, 1671403256519078138, NULL);
INSERT INTO `sys_role_resource` VALUES (19423, 1671403094153375943, '100001014002001002', '2024-05-25 15:07:20', '2024-05-25 15:07:20', '0', 1671403256519078138, 1671403256519078138, NULL);
INSERT INTO `sys_role_resource` VALUES (19424, 1671403094153375943, '100001015000000', '2024-05-25 15:07:20', '2024-05-25 15:07:20', '0', 1671403256519078138, 1671403256519078138, NULL);
INSERT INTO `sys_role_resource` VALUES (19425, 1671403094153375943, '100001015001000', '2024-05-25 15:07:20', '2024-05-25 15:07:20', '0', 1671403256519078138, 1671403256519078138, NULL);
INSERT INTO `sys_role_resource` VALUES (19426, 1671403094153375943, '100001015001001', '2024-05-25 15:07:20', '2024-05-25 15:07:20', '0', 1671403256519078138, 1671403256519078138, NULL);
INSERT INTO `sys_role_resource` VALUES (19427, 1671403094153375943, '100001015001001001', '2024-05-25 15:07:20', '2024-05-25 15:07:20', '0', 1671403256519078138, 1671403256519078138, NULL);
INSERT INTO `sys_role_resource` VALUES (19428, 1671403094153375943, '100001015002000', '2024-05-25 15:07:20', '2024-05-25 15:07:20', '0', 1671403256519078138, 1671403256519078138, NULL);
INSERT INTO `sys_role_resource` VALUES (19429, 1671403094153375943, '100001015002001', '2024-05-25 15:07:20', '2024-05-25 15:07:20', '0', 1671403256519078138, 1671403256519078138, NULL);
INSERT INTO `sys_role_resource` VALUES (19430, 1671403094153375943, '100001015002001001', '2024-05-25 15:07:20', '2024-05-25 15:07:20', '0', 1671403256519078138, 1671403256519078138, NULL);
INSERT INTO `sys_role_resource` VALUES (19431, 1671403094153375943, '100001015002001002', '2024-05-25 15:07:20', '2024-05-25 15:07:20', '0', 1671403256519078138, 1671403256519078138, NULL);
INSERT INTO `sys_role_resource` VALUES (19432, 1671403094153375943, '100001015002001003', '2024-05-25 15:07:20', '2024-05-25 15:07:20', '0', 1671403256519078138, 1671403256519078138, NULL);
INSERT INTO `sys_role_resource` VALUES (19433, 1671403094153375943, '100001015002001004', '2024-05-25 15:07:20', '2024-05-25 15:07:20', '0', 1671403256519078138, 1671403256519078138, NULL);
INSERT INTO `sys_role_resource` VALUES (19434, 1671403094153375943, '100001015002001005', '2024-05-25 15:07:20', '2024-05-25 15:07:20', '0', 1671403256519078138, 1671403256519078138, NULL);
INSERT INTO `sys_role_resource` VALUES (19435, 1671403094153375943, '100001015002001006', '2024-05-25 15:07:20', '2024-05-25 15:07:20', '0', 1671403256519078138, 1671403256519078138, NULL);
INSERT INTO `sys_role_resource` VALUES (19436, 1671403094153375943, '100001015002001007', '2024-05-25 15:07:20', '2024-05-25 15:07:20', '0', 1671403256519078138, 1671403256519078138, NULL);
INSERT INTO `sys_role_resource` VALUES (19437, 1671403094153375943, '100001015002001008', '2024-05-25 15:07:20', '2024-05-25 15:07:20', '0', 1671403256519078138, 1671403256519078138, NULL);
INSERT INTO `sys_role_resource` VALUES (19438, 1671403094153375943, '100001015002001009', '2024-05-25 15:07:20', '2024-05-25 15:07:20', '0', 1671403256519078138, 1671403256519078138, NULL);
INSERT INTO `sys_role_resource` VALUES (19439, 1671403094153375943, '100001015002001010', '2024-05-25 15:07:20', '2024-05-25 15:07:20', '0', 1671403256519078138, 1671403256519078138, NULL);
INSERT INTO `sys_role_resource` VALUES (19440, 1671403094153375943, '100001015002002', '2024-05-25 15:07:20', '2024-05-25 15:07:20', '0', 1671403256519078138, 1671403256519078138, NULL);
INSERT INTO `sys_role_resource` VALUES (19441, 1671403094153375943, '100001015002003', '2024-05-25 15:07:20', '2024-05-25 15:07:20', '0', 1671403256519078138, 1671403256519078138, NULL);
INSERT INTO `sys_role_resource` VALUES (19442, 1671403094153375943, '100001015002003001', '2024-05-25 15:07:20', '2024-05-25 15:07:20', '0', 1671403256519078138, 1671403256519078138, NULL);
INSERT INTO `sys_role_resource` VALUES (19443, 1671403094153375943, '100001015002003002', '2024-05-25 15:07:20', '2024-05-25 15:07:20', '0', 1671403256519078138, 1671403256519078138, NULL);
INSERT INTO `sys_role_resource` VALUES (19444, 1671403094153375943, '100001015002003003', '2024-05-25 15:07:20', '2024-05-25 15:07:20', '0', 1671403256519078138, 1671403256519078138, NULL);
INSERT INTO `sys_role_resource` VALUES (19445, 1671403094153375943, '100001015002003004', '2024-05-25 15:07:20', '2024-05-25 15:07:20', '0', 1671403256519078138, 1671403256519078138, NULL);
INSERT INTO `sys_role_resource` VALUES (19446, 1671403094153375943, '100001015002003005', '2024-05-25 15:07:20', '2024-05-25 15:07:20', '0', 1671403256519078138, 1671403256519078138, NULL);
INSERT INTO `sys_role_resource` VALUES (19447, 1671403094153375943, '100001016000000', '2024-05-25 15:07:20', '2024-05-25 15:07:20', '0', 1671403256519078138, 1671403256519078138, NULL);
INSERT INTO `sys_role_resource` VALUES (19448, 1671403094153375943, '100001016001000', '2024-05-25 15:07:20', '2024-05-25 15:07:20', '0', 1671403256519078138, 1671403256519078138, NULL);
INSERT INTO `sys_role_resource` VALUES (19449, 1671403094153375943, '100001016001001', '2024-05-25 15:07:20', '2024-05-25 15:07:20', '0', 1671403256519078138, 1671403256519078138, NULL);
INSERT INTO `sys_role_resource` VALUES (19450, 1671403094153375943, '100001016001001001', '2024-05-25 15:07:20', '2024-05-25 15:07:20', '0', 1671403256519078138, 1671403256519078138, NULL);
INSERT INTO `sys_role_resource` VALUES (19451, 1671403094153375943, '100001016001001002', '2024-05-25 15:07:20', '2024-05-25 15:07:20', '0', 1671403256519078138, 1671403256519078138, NULL);
INSERT INTO `sys_role_resource` VALUES (19452, 1671403094153375943, '100001016001001003', '2024-05-25 15:07:20', '2024-05-25 15:07:20', '0', 1671403256519078138, 1671403256519078138, NULL);
INSERT INTO `sys_role_resource` VALUES (19453, 1671403094153375943, '100001016001001004', '2024-05-25 15:07:20', '2024-05-25 15:07:20', '0', 1671403256519078138, 1671403256519078138, NULL);
INSERT INTO `sys_role_resource` VALUES (19454, 1671403094153375943, '100001016001001005', '2024-05-25 15:07:20', '2024-05-25 15:07:20', '0', 1671403256519078138, 1671403256519078138, NULL);
INSERT INTO `sys_role_resource` VALUES (19455, 1671403094153375943, '100001016001003', '2024-05-25 15:07:20', '2024-05-25 15:07:20', '0', 1671403256519078138, 1671403256519078138, NULL);
INSERT INTO `sys_role_resource` VALUES (19456, 1671403094153375943, '100001016001003001', '2024-05-25 15:07:20', '2024-05-25 15:07:20', '0', 1671403256519078138, 1671403256519078138, NULL);
INSERT INTO `sys_role_resource` VALUES (19457, 1671403094153375943, '100001016001003002', '2024-05-25 15:07:20', '2024-05-25 15:07:20', '0', 1671403256519078138, 1671403256519078138, NULL);
INSERT INTO `sys_role_resource` VALUES (19458, 1671403094153375943, '100001016001003003', '2024-05-25 15:07:20', '2024-05-25 15:07:20', '0', 1671403256519078138, 1671403256519078138, NULL);
INSERT INTO `sys_role_resource` VALUES (19459, 1671403094153375943, '100001016001003004', '2024-05-25 15:07:20', '2024-05-25 15:07:20', '0', 1671403256519078138, 1671403256519078138, NULL);
INSERT INTO `sys_role_resource` VALUES (19460, 1671403094153375943, '100001016001003005', '2024-05-25 15:07:20', '2024-05-25 15:07:20', '0', 1671403256519078138, 1671403256519078138, NULL);
INSERT INTO `sys_role_resource` VALUES (19461, 1671403094153375943, '100001016001002', '2024-05-25 15:07:20', '2024-05-25 15:07:20', '0', 1671403256519078138, 1671403256519078138, NULL);
INSERT INTO `sys_role_resource` VALUES (19462, 1671403094153375943, '100001016001002001', '2024-05-25 15:07:20', '2024-05-25 15:07:20', '0', 1671403256519078138, 1671403256519078138, NULL);
INSERT INTO `sys_role_resource` VALUES (19463, 1671403094153375943, '100001016001002002', '2024-05-25 15:07:20', '2024-05-25 15:07:20', '0', 1671403256519078138, 1671403256519078138, NULL);
INSERT INTO `sys_role_resource` VALUES (19464, 1671403094153375943, '100001016001002003', '2024-05-25 15:07:20', '2024-05-25 15:07:20', '0', 1671403256519078138, 1671403256519078138, NULL);
INSERT INTO `sys_role_resource` VALUES (19465, 1671403094153375943, '100001016001002004', '2024-05-25 15:07:20', '2024-05-25 15:07:20', '0', 1671403256519078138, 1671403256519078138, NULL);
INSERT INTO `sys_role_resource` VALUES (19466, 1671403094153375943, '100001016002000', '2024-05-25 15:07:20', '2024-05-25 15:07:20', '0', 1671403256519078138, 1671403256519078138, NULL);
INSERT INTO `sys_role_resource` VALUES (19467, 1671403094153375943, '100001016002001', '2024-05-25 15:07:20', '2024-05-25 15:07:20', '0', 1671403256519078138, 1671403256519078138, NULL);
INSERT INTO `sys_role_resource` VALUES (19468, 1671403094153375943, '100001016002002', '2024-05-25 15:07:20', '2024-05-25 15:07:20', '0', 1671403256519078138, 1671403256519078138, NULL);
INSERT INTO `sys_role_resource` VALUES (19469, 1671403094153375943, '100001017000000', '2024-05-25 15:07:20', '2024-05-25 15:07:20', '0', 1671403256519078138, 1671403256519078138, NULL);
INSERT INTO `sys_role_resource` VALUES (19470, 1671403094153375943, '100001017001000', '2024-05-25 15:07:20', '2024-05-25 15:07:20', '0', 1671403256519078138, 1671403256519078138, NULL);
INSERT INTO `sys_role_resource` VALUES (19471, 1671403094153375943, '100001017001001', '2024-05-25 15:07:20', '2024-05-25 15:07:20', '0', 1671403256519078138, 1671403256519078138, NULL);
INSERT INTO `sys_role_resource` VALUES (19472, 1671403094153375943, '100001017001001001', '2024-05-25 15:07:20', '2024-05-25 15:07:20', '0', 1671403256519078138, 1671403256519078138, NULL);
INSERT INTO `sys_role_resource` VALUES (19473, 1671403094153375943, '100001017001001002', '2024-05-25 15:07:20', '2024-05-25 15:07:20', '0', 1671403256519078138, 1671403256519078138, NULL);
INSERT INTO `sys_role_resource` VALUES (19474, 1671403094153375943, '100001017001001003', '2024-05-25 15:07:21', '2024-05-25 15:07:21', '0', 1671403256519078138, 1671403256519078138, NULL);
INSERT INTO `sys_role_resource` VALUES (19475, 1671403094153375943, '100001017001002', '2024-05-25 15:07:21', '2024-05-25 15:07:21', '0', 1671403256519078138, 1671403256519078138, NULL);
INSERT INTO `sys_role_resource` VALUES (19476, 1671403094153375943, '100001017001002001', '2024-05-25 15:07:21', '2024-05-25 15:07:21', '0', 1671403256519078138, 1671403256519078138, NULL);
INSERT INTO `sys_role_resource` VALUES (19477, 1671403094153375943, '100001020000000', '2024-05-25 15:07:21', '2024-05-25 15:07:21', '0', 1671403256519078138, 1671403256519078138, NULL);
INSERT INTO `sys_role_resource` VALUES (19478, 1671403094153375943, '100001020001000', '2024-05-25 15:07:21', '2024-05-25 15:07:21', '0', 1671403256519078138, 1671403256519078138, NULL);
INSERT INTO `sys_role_resource` VALUES (19479, 1671403094153375943, '100001020001001', '2024-05-25 15:07:21', '2024-05-25 15:07:21', '0', 1671403256519078138, 1671403256519078138, NULL);
INSERT INTO `sys_role_resource` VALUES (19480, 1671403094153375943, '100001020001001001', '2024-05-25 15:07:21', '2024-05-25 15:07:21', '0', 1671403256519078138, 1671403256519078138, NULL);
INSERT INTO `sys_role_resource` VALUES (19481, 1671403094153375943, '100001020001001002', '2024-05-25 15:07:21', '2024-05-25 15:07:21', '0', 1671403256519078138, 1671403256519078138, NULL);
INSERT INTO `sys_role_resource` VALUES (19482, 1671403094153375943, '100001020001001003', '2024-05-25 15:07:21', '2024-05-25 15:07:21', '0', 1671403256519078138, 1671403256519078138, NULL);
INSERT INTO `sys_role_resource` VALUES (19483, 1671403094153375943, '100001020001001004', '2024-05-25 15:07:21', '2024-05-25 15:07:21', '0', 1671403256519078138, 1671403256519078138, NULL);
INSERT INTO `sys_role_resource` VALUES (19484, 1671403094153375943, '100001020002000', '2024-05-25 15:07:21', '2024-05-25 15:07:21', '0', 1671403256519078138, 1671403256519078138, NULL);
INSERT INTO `sys_role_resource` VALUES (19485, 1671403094153375943, '100001020002001', '2024-05-25 15:07:21', '2024-05-25 15:07:21', '0', 1671403256519078138, 1671403256519078138, NULL);
INSERT INTO `sys_role_resource` VALUES (19486, 1671403094153375943, '100001020002001001', '2024-05-25 15:07:21', '2024-05-25 15:07:21', '0', 1671403256519078138, 1671403256519078138, NULL);
INSERT INTO `sys_role_resource` VALUES (19487, 1671403094153375943, '100001020002002', '2024-05-25 15:07:21', '2024-05-25 15:07:21', '0', 1671403256519078138, 1671403256519078138, NULL);
INSERT INTO `sys_role_resource` VALUES (19488, 1671403094153375943, '100001020002002001', '2024-05-25 15:07:21', '2024-05-25 15:07:21', '0', 1671403256519078138, 1671403256519078138, NULL);
INSERT INTO `sys_role_resource` VALUES (19489, 1671403094153375943, '100001020002002002', '2024-05-25 15:07:21', '2024-05-25 15:07:21', '0', 1671403256519078138, 1671403256519078138, NULL);
INSERT INTO `sys_role_resource` VALUES (19490, 1671403094153375943, '100001020002002003', '2024-05-25 15:07:21', '2024-05-25 15:07:21', '0', 1671403256519078138, 1671403256519078138, NULL);
INSERT INTO `sys_role_resource` VALUES (19491, 1671403094153375943, '100001020002002004', '2024-05-25 15:07:21', '2024-05-25 15:07:21', '0', 1671403256519078138, 1671403256519078138, NULL);
INSERT INTO `sys_role_resource` VALUES (19492, 1671403094153375943, '100001020002002005', '2024-05-25 15:07:21', '2024-05-25 15:07:21', '0', 1671403256519078138, 1671403256519078138, NULL);

-- ----------------------------
-- Table structure for sys_user
-- ----------------------------
DROP TABLE IF EXISTS `sys_user`;
CREATE TABLE `sys_user`  (
  `id` bigint NOT NULL AUTO_INCREMENT COMMENT '用户ID',
  `username` varchar(30) CHARACTER SET utf8mb3 COLLATE utf8mb3_bin NULL DEFAULT NULL COMMENT '用户账号',
  `open_id` varchar(36) CHARACTER SET utf8mb3 COLLATE utf8mb3_general_ci NULL DEFAULT NULL COMMENT 'open_id标识',
  `password` varchar(100) CHARACTER SET utf8mb3 COLLATE utf8mb3_bin NOT NULL DEFAULT '' COMMENT '密码',
  `user_type` varchar(2) CHARACTER SET utf8mb3 COLLATE utf8mb3_bin NULL DEFAULT '00' COMMENT '用户类型（0:系统用户,1:客户）',
  `avatar` varchar(100) CHARACTER SET utf8mb3 COLLATE utf8mb3_bin NULL DEFAULT '' COMMENT '头像地址',
  `nick_name` varchar(30) CHARACTER SET utf8mb3 COLLATE utf8mb3_bin NULL DEFAULT NULL COMMENT '用户昵称',
  `email` varchar(50) CHARACTER SET utf8mb3 COLLATE utf8mb3_bin NULL DEFAULT '' COMMENT '用户邮箱',
  `real_name` varchar(30) CHARACTER SET utf8mb3 COLLATE utf8mb3_bin NULL DEFAULT NULL COMMENT '真实姓名',
  `mobile` varchar(11) CHARACTER SET utf8mb3 COLLATE utf8mb3_bin NULL DEFAULT '' COMMENT '手机号码',
  `sex` char(1) CHARACTER SET utf8mb3 COLLATE utf8mb3_bin NULL DEFAULT '0' COMMENT '用户性别（0男 1女 2未知）',
  `data_state` char(1) CHARACTER SET utf8mb3 COLLATE utf8mb3_bin NOT NULL DEFAULT '0' COMMENT '数据状态（0正常 1停用）',
  `dept_no` varchar(22) CHARACTER SET utf8mb3 COLLATE utf8mb3_bin NULL DEFAULT NULL COMMENT '部门编号',
  `post_no` varchar(22) CHARACTER SET utf8mb3 COLLATE utf8mb3_bin NULL DEFAULT NULL COMMENT '岗位编号',
  `create_time` datetime NOT NULL COMMENT '创建时间',
  `update_time` datetime NULL DEFAULT NULL COMMENT '更新时间',
  `remark` varchar(500) CHARACTER SET utf8mb3 COLLATE utf8mb3_bin NULL DEFAULT NULL COMMENT '备注',
  `create_by` bigint NULL DEFAULT NULL COMMENT '创建者',
  `update_by` bigint NULL DEFAULT NULL COMMENT '更新者',
  `is_leader` int NULL DEFAULT 0 COMMENT '是否是部门leader(0:否，1：是)',
  `is_delete` int NULL DEFAULT NULL COMMENT '是否删除',
  PRIMARY KEY (`id`) USING BTREE,
  UNIQUE INDEX `real_name`(`real_name`) USING BTREE,
  UNIQUE INDEX `email`(`email`) USING BTREE
) ENGINE = InnoDB AUTO_INCREMENT = 1671403256519078259 CHARACTER SET = utf8mb3 COLLATE = utf8mb3_bin COMMENT = '用户表' ROW_FORMAT = DYNAMIC;

-- ----------------------------
-- Records of sys_user
-- ----------------------------
INSERT INTO `sys_user` VALUES (1671403256519078138, 'admin@qq.com', NULL, '$2a$10$4xM9PrGnVVKcMyIMjxYurO/G6kDwg8CZxUiVd1EB0GdPqph5UAs1i', '0', 'https://yjy-oss-videos.oss-accelerate.aliyuncs.com/grzxhz.jpg', '超级管理员', 'admin@qq.com', '超级管理员', '13888888888', '0', '0', '100001001002000', '100001001001000', '2023-06-19 23:11:17', '2024-05-10 12:21:51', '超级管理员', 1668522280851951617, 1671403256519078138, 0, NULL);
INSERT INTO `sys_user` VALUES (1671403256519078239, 'xzzy@qq.com', NULL, '$2a$10$CGg87kB9ENe421goHDyhW.ueT30GmjwrsPbDCXsHMhuACuauUc9xm', NULL, 'https://yjy-oss-videos.oss-accelerate.aliyuncs.com/grzxhz.jpg', '刘慈仁', 'xzzy@qq.com', '刘慈仁', '13888888888', '1', '0', '100001003001000', '100001003001005', '2023-12-28 15:45:06', '2023-12-28 15:46:17', '刘慈仁', 1671403256519078138, 1671403256519078138, 0, NULL);
INSERT INTO `sys_user` VALUES (1671403256519078240, 'kfzy@qq.com', NULL, '$2a$10$ttdCatUyCgrRF82VsFtY7ePu4/b1Su58AMnkFvDpDFlSH2uyHjCPu', NULL, 'https://yjy-oss-videos.oss-accelerate.aliyuncs.com/grzxhz.jpg', '林国瑞', 'kfzy@qq.com', '林国瑞', '13777777777', '1', '0', '100001008001000', '100001008001001', '2023-12-28 16:27:00', '2023-12-28 16:27:00', '林国瑞', 1671403256519078138, 1671403256519078138, 0, NULL);
INSERT INTO `sys_user` VALUES (1671403256519078241, 'fwzy@qq.com', NULL, '$2a$10$tOVDxIRDP6qy9kzH2VpEe.4/wzpXm04w7zxtsVjR3qHWPQFpze6Gy', NULL, 'https://yjy-oss-videos.oss-accelerate.aliyuncs.com/grzxhz.jpg', '林玟书', 'fwzy@qq.com', '林玟书', '13111111111', '', '0', '100001007001000', '100001007001001', '2023-12-28 16:27:54', '2023-12-28 16:27:54', '林玟书', 1671403256519078138, 1671403256519078138, 0, NULL);
INSERT INTO `sys_user` VALUES (1671403256519078242, 'fwzg@qq.com', NULL, '$2a$10$WPZRu27Q9lPQP/./BiJX5O0G4xLV6L.TB7FDMVcliTONb4k94FjIO', NULL, 'https://yjy-oss-videos.oss-accelerate.aliyuncs.com/grzxhz.jpg', '林雅南', 'fwzg@qq.com', '林雅南', '13211111111', '0', '0', '100001007001000', '100001007001002', '2023-12-28 16:28:33', '2024-05-10 12:21:25', '林雅南', 1671403256519078138, 1671403256519078138, 0, NULL);
INSERT INTO `sys_user` VALUES (1671403256519078243, 'ylgw@qq.com', NULL, '$2a$10$Yd9LuAScZLS14AHnkSlxguUXm5tKxcR79my6P8ZjrBA4Hn2Bzw/HS', NULL, 'https://yjy-oss-videos.oss-accelerate.aliyuncs.com/grzxhz.jpg', '江奕云', 'ylgw@qq.com', '江奕云', '13311111111', '', '0', '100001006001000', '100001006001001', '2023-12-28 16:29:43', '2023-12-28 16:29:43', '江奕云', 1671403256519078138, 1671403256519078138, 0, NULL);
INSERT INTO `sys_user` VALUES (1671403256519078244, 'xszg@qq.com', NULL, '$2a$10$9ozKlQN4OWN/vl.TwV4dS.lzdsTSAa06ZXpXlKvnVviaQttk2q/c6', NULL, 'https://yjy-oss-videos.oss-accelerate.aliyuncs.com/grzxhz.jpg', '刘柏宏', 'xszg@qq.com', '刘柏宏', '13411111111', '', '0', '100001006001000', '100001006001002', '2023-12-28 16:30:14', '2023-12-28 16:30:14', '刘柏宏', 1671403256519078138, 1671403256519078138, 0, NULL);
INSERT INTO `sys_user` VALUES (1671403256519078245, 'hly@qq.com', NULL, '$2a$10$iI2wrm/4iNuSZQdcO0XSweGooaXwF4Gd6bzcmvHtfQnQrTy18k.ra', NULL, 'https://yjy-oss-videos.oss-accelerate.aliyuncs.com/grzxhz.jpg', '阮建安', 'hly@qq.com', '阮建安', '13611111111', '', '0', '100001005001000', '100001005001001', '2023-12-28 16:30:48', '2023-12-28 16:30:48', '阮建安', 1671403256519078138, 1671403256519078138, 0, NULL);
INSERT INTO `sys_user` VALUES (1671403256519078246, 'hlzg@qq.com', NULL, '$2a$10$45W.PDDSyHfSXh4dqXv2Ke9dUi.OL/FxCl8SLYggk5Wbo1RnxeYIq', NULL, 'https://yjy-oss-videos.oss-accelerate.aliyuncs.com/grzxhz.jpg', '林子帆', 'hlzg@qq.com', '林子帆', '13711111111', '1', '0', '100001005001000', '100001005001002', '2023-12-28 16:31:22', '2023-12-28 16:31:22', '林子帆', 1671403256519078138, 1671403256519078138, 0, NULL);
INSERT INTO `sys_user` VALUES (1671403256519078247, 'qtjd@qq.com', NULL, '$2a$10$jYLzbv8iaEX8tWJ1UXPC1.H5Am9JTF6LMzIadkGTuoeSOf/DNZmoa', NULL, 'https://yjy-oss-videos.oss-accelerate.aliyuncs.com/grzxhz.jpg', '夏志豪', 'qtjd@qq.com', '夏志豪', '13711111111', '1', '0', '100001003001000', '100001003001003', '2023-12-28 16:32:12', '2023-12-28 16:32:12', '夏志豪', 1671403256519078138, 1671403256519078138, 0, NULL);
INSERT INTO `sys_user` VALUES (1671403256519078248, 'rszy@qq.com', NULL, '$2a$10$ejxe9HDxpxNAqd37lpW5hOrkKuncxSJAGwjjD9sYI98BQO7Cix.XK', NULL, 'https://yjy-oss-videos.oss-accelerate.aliyuncs.com/grzxhz.jpg', '李中冰', 'rszy@qq.com', '李中冰', '13811111111', '0', '0', '100001003001000', '100001003001004', '2023-12-28 16:32:44', '2024-05-25 15:01:27', '李中冰', 1671403256519078138, 1671403256519078138, 0, NULL);
INSERT INTO `sys_user` VALUES (1671403256519078249, 'xzrszzz@qq.com', NULL, '$2a$10$BU93Lc2lDbv8UqR0phRkzeW/k2jODl8CqpIQrQjX81YQLK8SSzgVa', NULL, 'https://yjy-oss-videos.oss-accelerate.aliyuncs.com/grzxhz.jpg', '黄文隆', 'xzrszzz@qq.com', '黄文隆', '13911111111', '1', '0', '100001003001000', '100001003001006', '2023-12-28 16:34:33', '2024-05-25 15:01:17', '黄文隆', 1671403256519078138, 1671403256519078138, 0, NULL);
INSERT INTO `sys_user` VALUES (1671403256519078250, 'js@qq.com', NULL, '$2a$10$cYIxOW.BPx0oHZoa/gYnI.YgLZbB73adn2.RKn4q20ArcNCCVmd6C', NULL, 'https://yjy-oss-videos.oss-accelerate.aliyuncs.com/grzxhz.jpg', '谢彦文', 'js@qq.com', '谢彦文', '13911111111', '1', '0', '100001002002000', '100001002002002', '2023-12-28 16:35:18', '2023-12-28 16:35:18', '谢彦文', 1671403256519078138, 1671403256519078138, 0, NULL);
INSERT INTO `sys_user` VALUES (1671403256519078251, 'jszzg@qq.com', NULL, '$2a$10$MwJ3z0Mjt2U.bMOdSmSnmuRb66SQdeaBFrfYrun95R.lx/SXYCaxW', NULL, 'https://yjy-oss-videos.oss-accelerate.aliyuncs.com/grzxhz.jpg', '傅智翔', 'jszzg@qq.com', '傅智翔', '13111111111', '', '0', '100001002002000', '100001002002001', '2023-12-28 16:36:06', '2023-12-28 16:36:06', '傅智翔', 1671403256519078138, 1671403256519078138, 0, NULL);
INSERT INTO `sys_user` VALUES (1671403256519078252, 'wxg@qq.com', NULL, '$2a$10$JiCZqjU8Oaa9hvm9hqvNu.f2NDfJ1GfWoAy0tkGBMSiDasuL5WXqu', NULL, 'https://yjy-oss-videos.oss-accelerate.aliyuncs.com/grzxhz.jpg', '张艺凡', 'wxg@qq.com', '张艺凡', '13787778787', '1', '0', '100001004001000', '100001004001004', '2023-12-28 16:44:38', '2023-12-28 16:44:38', '张艺凡', 1671403256519078138, 1671403256519078138, 0, NULL);
INSERT INTO `sys_user` VALUES (1671403256519078253, 'hlyws@qq.con', NULL, '$2a$10$JFHxu7Hc8b9GNqRS9y.kU.PUV9IDXudgm3Ggr4zIYALaiN1TRQNEe', NULL, 'https://yjy-oss-videos.oss-accelerate.aliyuncs.com/grzxhz.jpg', '王莎', 'hlyws@qq.con', '王莎', '13878888787', '0', '0', '100001005001000', '100001005001001', '2023-12-28 18:42:21', '2023-12-28 18:42:21', '王莎', 1671403256519078138, 1671403256519078138, 0, NULL);
INSERT INTO `sys_user` VALUES (1671403256519078254, 'hlywa@qq.com', NULL, '$2a$10$0afDsiwLyCfgILUCArKDy.kc98ztTsTW1nrvpWs5yGym0hcrxn7jO', NULL, 'https://yjy-oss-videos.oss-accelerate.aliyuncs.com/grzxhz.jpg', '王爱', 'hlywa@qq.com', '王爱', '13878877789', '1', '0', '100001005001000', '100001005001001', '2023-12-28 18:42:57', '2023-12-28 18:42:57', '王爱', 1671403256519078138, 1671403256519078138, 0, NULL);
INSERT INTO `sys_user` VALUES (1671403256519078255, 'hlyphh@qq.com', NULL, '$2a$10$sYSk/U4RSJcQHXT/s1Jczu9O5WBVfZXKltpV9zmMyCq5I9DphmFFW', NULL, 'https://yjy-oss-videos.oss-accelerate.aliyuncs.com/grzxhz.jpg', '潘黄海', 'hlyphh@qq.com', '潘黄海', '13787778788', '1', '0', '100001005001000', '100001005001001', '2023-12-28 18:43:49', '2023-12-28 18:43:49', '潘黄海', 1671403256519078138, 1671403256519078138, 0, NULL);
INSERT INTO `sys_user` VALUES (1671403256519078256, 'hlyzz@qq.com', NULL, '$2a$10$Pyqes26Uqx6qoGl/C4iXoONHuMtcMXn/XWxvIyT63YfTdnLs7qH7K', NULL, 'https://yjy-oss-videos.oss-accelerate.aliyuncs.com/grzxhz.jpg', '张传', 'hlyzz@qq.com', '张传', '13898887877', '', '0', '100001005001000', '100001005001001', '2023-12-28 18:44:37', '2023-12-28 18:44:37', '张传', 1671403256519078138, 1671403256519078138, 0, NULL);
INSERT INTO `sys_user` VALUES (1671403256519078257, 'zhangsan@itcast.cn', NULL, '$2a$10$77cltxr1H/UWkeDu1r5j3uLKJp6Vkd5EpFJxjjdokYuB7Rlwk9Fxe', NULL, 'https://yjy-oss-videos.oss-accelerate.aliyuncs.com/grzxhz.jpg', '张三', 'zhangsan@itcast.cn', '张三', '13211223344', '0', '0', '100001005001000', '100001005001001', '2024-01-11 10:01:28', '2024-01-15 19:34:59', '张三', 1671403256519078138, 1671403256519078138, 0, NULL);

-- ----------------------------
-- Table structure for sys_user_role
-- ----------------------------
DROP TABLE IF EXISTS `sys_user_role`;
CREATE TABLE `sys_user_role`  (
  `id` bigint NOT NULL AUTO_INCREMENT COMMENT '角色资源Id',
  `user_id` bigint NOT NULL COMMENT '用户ID',
  `role_id` bigint NOT NULL COMMENT '角色ID',
  `create_time` datetime NOT NULL COMMENT '创建时间',
  `update_time` datetime NULL DEFAULT NULL COMMENT '修改时间',
  `data_state` char(1) CHARACTER SET utf8mb3 COLLATE utf8mb3_bin NOT NULL DEFAULT '0' COMMENT '数据状态（0正常 1停用）',
  `create_by` bigint NULL DEFAULT NULL COMMENT '创建者',
  `update_by` bigint NULL DEFAULT NULL COMMENT '更新者',
  `remark` varchar(500) CHARACTER SET utf8mb3 COLLATE utf8mb3_bin NULL DEFAULT NULL COMMENT '备注',
  PRIMARY KEY (`id`) USING BTREE
) ENGINE = InnoDB AUTO_INCREMENT = 1671808600630572554 CHARACTER SET = utf8mb3 COLLATE = utf8mb3_bin COMMENT = '用户角色关联表' ROW_FORMAT = DYNAMIC;

-- ----------------------------
-- Records of sys_user_role
-- ----------------------------
INSERT INTO `sys_user_role` VALUES (1671808600630572523, 1671403256519078239, 1671403094153375955, '2023-12-28 15:46:17', '2023-12-28 15:46:17', '0', 1671403256519078138, 1671403256519078138, NULL);
INSERT INTO `sys_user_role` VALUES (1671808600630572524, 1671403256519078240, 1671403094153375937, '2023-12-28 16:27:00', '2023-12-28 16:27:00', '0', 1671403256519078138, 1671403256519078138, NULL);
INSERT INTO `sys_user_role` VALUES (1671808600630572525, 1671403256519078241, 1671403094153375939, '2023-12-28 16:27:54', '2023-12-28 16:27:54', '0', 1671403256519078138, 1671403256519078138, NULL);
INSERT INTO `sys_user_role` VALUES (1671808600630572529, 1671403256519078243, 1671403094153375941, '2023-12-28 16:29:43', '2023-12-28 16:29:43', '0', 1671403256519078138, 1671403256519078138, NULL);
INSERT INTO `sys_user_role` VALUES (1671808600630572530, 1671403256519078244, 1671403094153375942, '2023-12-28 16:30:14', '2023-12-28 16:30:14', '0', 1671403256519078138, 1671403256519078138, NULL);
INSERT INTO `sys_user_role` VALUES (1671808600630572531, 1671403256519078245, 1671403094153375943, '2023-12-28 16:30:48', '2023-12-28 16:30:48', '0', 1671403256519078138, 1671403256519078138, NULL);
INSERT INTO `sys_user_role` VALUES (1671808600630572532, 1671403256519078246, 1671403094153375944, '2023-12-28 16:31:22', '2023-12-28 16:31:22', '0', 1671403256519078138, 1671403256519078138, NULL);
INSERT INTO `sys_user_role` VALUES (1671808600630572533, 1671403256519078247, 1671403094153375953, '2023-12-28 16:32:12', '2023-12-28 16:32:12', '0', 1671403256519078138, 1671403256519078138, NULL);
INSERT INTO `sys_user_role` VALUES (1671808600630572537, 1671403256519078250, 1671403094153375958, '2023-12-28 16:35:18', '2023-12-28 16:35:18', '0', 1671403256519078138, 1671403256519078138, NULL);
INSERT INTO `sys_user_role` VALUES (1671808600630572538, 1671403256519078251, 1671403094153375936, '2023-12-28 16:36:06', '2023-12-28 16:36:06', '0', 1671403256519078138, 1671403256519078138, NULL);
INSERT INTO `sys_user_role` VALUES (1671808600630572539, 1671403256519078252, 1671403094153375947, '2023-12-28 16:44:38', '2023-12-28 16:44:38', '0', 1671403256519078138, 1671403256519078138, NULL);
INSERT INTO `sys_user_role` VALUES (1671808600630572540, 1671403256519078253, 1671403094153375943, '2023-12-28 18:42:21', '2023-12-28 18:42:21', '0', 1671403256519078138, 1671403256519078138, NULL);
INSERT INTO `sys_user_role` VALUES (1671808600630572541, 1671403256519078254, 1671403094153375943, '2023-12-28 18:42:57', '2023-12-28 18:42:57', '0', 1671403256519078138, 1671403256519078138, NULL);
INSERT INTO `sys_user_role` VALUES (1671808600630572542, 1671403256519078255, 1671403094153375943, '2023-12-28 18:43:49', '2023-12-28 18:43:49', '0', 1671403256519078138, 1671403256519078138, NULL);
INSERT INTO `sys_user_role` VALUES (1671808600630572543, 1671403256519078256, 1671403094153375943, '2023-12-28 18:44:37', '2023-12-28 18:44:37', '0', 1671403256519078138, 1671403256519078138, NULL);
INSERT INTO `sys_user_role` VALUES (1671808600630572544, 1671403256519078257, 1671403094153375943, '2024-01-11 10:01:28', '2024-01-11 10:01:28', '0', 1671403256519078138, 1671403256519078138, NULL);
INSERT INTO `sys_user_role` VALUES (1671808600630572548, 1671403256519078242, 1671403094153375940, '2024-05-10 12:21:25', '2024-05-10 12:21:25', '0', 1671403256519078138, 1671403256519078138, NULL);
INSERT INTO `sys_user_role` VALUES (1671808600630572551, 1671403256519078138, 1662380895291650049, '2024-05-10 12:21:51', '2024-05-10 12:21:51', '0', 1671403256519078138, 1671403256519078138, NULL);
INSERT INTO `sys_user_role` VALUES (1671808600630572552, 1671403256519078249, 1671403094153375956, '2024-05-25 15:01:17', '2024-05-25 15:01:17', '0', 1671403256519078138, 1671403256519078138, NULL);
INSERT INTO `sys_user_role` VALUES (1671808600630572553, 1671403256519078248, 1671403094153375954, '2024-05-25 15:01:27', '2024-05-25 15:01:27', '0', 1671403256519078138, 1671403256519078138, NULL);

-- ----------------------------
-- Table structure for trading
-- ----------------------------
DROP TABLE IF EXISTS `trading`;
CREATE TABLE `trading`  (
  `id` bigint NOT NULL AUTO_INCREMENT COMMENT '主键',
  `product_order_no` bigint UNSIGNED NULL DEFAULT NULL COMMENT '业务系统订单号',
  `trading_order_no` bigint NULL DEFAULT NULL COMMENT '交易系统订单号【对于三方来说：商户订单】',
  `trading_channel` varchar(32) CHARACTER SET utf8mb4 COLLATE utf8mb4_0900_ai_ci NULL DEFAULT NULL COMMENT '支付渠道【支付宝、微信、现金、免单挂账】',
  `trading_type` varchar(22) CHARACTER SET utf8mb3 COLLATE utf8mb3_general_ci NULL DEFAULT NULL COMMENT '交易类型【1月度费用 2服务费用】',
  `trading_state` int NULL DEFAULT NULL COMMENT '交易单状态【1-待付款,2-付款中,3-付款失败,4-已结算,5-取消订单,6-免单,7-挂账】',
  `payee_name` varchar(50) CHARACTER SET utf8mb3 COLLATE utf8mb3_general_ci NULL DEFAULT NULL COMMENT '收款人姓名',
  `payee_id` bigint NULL DEFAULT NULL COMMENT '收款人账户ID',
  `payer_name` varchar(50) CHARACTER SET utf8mb3 COLLATE utf8mb3_general_ci NULL DEFAULT NULL COMMENT '付款人姓名',
  `payer_id` bigint NULL DEFAULT NULL COMMENT '付款人Id',
  `trading_amount` decimal(22, 2) NULL DEFAULT NULL COMMENT '交易金额，单位：元',
  `refund` decimal(12, 2) UNSIGNED ZEROFILL NULL DEFAULT 0000000000.00 COMMENT '退款金额【付款后，单位：元',
  `is_refund` varchar(32) CHARACTER SET utf8mb4 COLLATE utf8mb4_0900_ai_ci NULL DEFAULT NULL COMMENT '是否有退款：YES，NO',
  `result_code` varchar(80) CHARACTER SET utf8mb3 COLLATE utf8mb3_general_ci NULL DEFAULT NULL COMMENT '第三方交易返回编码【最终确认交易结果】',
  `result_msg` varchar(255) CHARACTER SET utf8mb3 COLLATE utf8mb3_general_ci NULL DEFAULT NULL COMMENT '第三方交易返回提示消息【最终确认交易信息】',
  `result_json` varchar(2000) CHARACTER SET utf8mb3 COLLATE utf8mb3_general_ci NULL DEFAULT NULL COMMENT '第三方交易返回信息json【分析交易最终信息】',
  `place_order_code` varchar(80) CHARACTER SET utf8mb3 COLLATE utf8mb3_general_ci NULL DEFAULT NULL COMMENT '统一下单返回编码',
  `place_order_msg` varchar(255) CHARACTER SET utf8mb3 COLLATE utf8mb3_general_ci NULL DEFAULT NULL COMMENT '统一下单返回信息',
  `place_order_json` text CHARACTER SET utf8mb3 COLLATE utf8mb3_general_ci NULL COMMENT '统一下单返回信息json【用于生产二维码、Android ios唤醒支付等】',
  `enterprise_id` bigint NULL DEFAULT NULL COMMENT '商户号',
  `memo` varchar(150) CHARACTER SET utf8mb3 COLLATE utf8mb3_general_ci NULL DEFAULT NULL COMMENT '备注【订单门店，桌台信息】',
  `qr_code` text CHARACTER SET utf8mb3 COLLATE utf8mb3_general_ci NULL COMMENT '二维码base64数据',
  `open_id` varchar(36) CHARACTER SET utf8mb4 COLLATE utf8mb4_unicode_ci NULL DEFAULT NULL COMMENT 'open_id标识',
  `enable_flag` varchar(10) CHARACTER SET utf8mb3 COLLATE utf8mb3_general_ci NULL DEFAULT NULL COMMENT '是否有效',
  `create_time` datetime NOT NULL COMMENT '创建时间',
  `update_time` datetime NULL DEFAULT NULL COMMENT '更新时间',
  `create_by` bigint NULL DEFAULT NULL COMMENT '创建人id',
  `update_by` bigint NULL DEFAULT NULL COMMENT '更新人id',
  `remark` varchar(255) CHARACTER SET utf8mb4 COLLATE utf8mb4_0900_ai_ci NULL DEFAULT NULL COMMENT '备注',
  PRIMARY KEY (`id`) USING BTREE,
  INDEX `index_order_id`(`product_order_no`) USING BTREE,
  INDEX `index_tpptrs`(`trading_channel`) USING BTREE,
  INDEX `trading_order_no`(`trading_order_no`) USING BTREE,
  INDEX `trading_state`(`trading_state`) USING BTREE,
  INDEX `create_time`(`create_time`) USING BTREE,
  INDEX `enable_flag`(`enable_flag`) USING BTREE
) ENGINE = InnoDB AUTO_INCREMENT = 835 CHARACTER SET = utf8mb3 COLLATE = utf8mb3_general_ci COMMENT = '交易订单表' ROW_FORMAT = DYNAMIC;

-- ----------------------------
-- Records of trading
-- ----------------------------
INSERT INTO `trading` VALUES (824, 984, NULL, '预交款支付', '1', 4, NULL, NULL, NULL, NULL, 645.00, NULL, NULL, NULL, NULL, NULL, NULL, NULL, NULL, NULL, NULL, NULL, NULL, NULL, '2023-12-28 18:04:06', '2023-12-28 18:04:06', 1671403256519078245, 1671403256519078245, NULL);
INSERT INTO `trading` VALUES (825, 983, NULL, '预交款支付', '1', 4, NULL, NULL, NULL, NULL, 700.00, NULL, NULL, NULL, NULL, NULL, NULL, NULL, NULL, NULL, NULL, NULL, NULL, NULL, '2023-12-28 18:04:56', '2023-12-28 18:04:56', 1671403256519078245, 1671403256519078245, NULL);
INSERT INTO `trading` VALUES (826, 979, NULL, '预交款支付', '1', 4, NULL, NULL, NULL, NULL, 194.00, NULL, NULL, NULL, NULL, NULL, NULL, NULL, NULL, NULL, NULL, NULL, NULL, NULL, '2023-12-28 18:05:56', '2023-12-28 18:05:56', 1671403256519078245, 1671403256519078245, NULL);
INSERT INTO `trading` VALUES (827, 981, NULL, '预交款支付', '1', 4, NULL, NULL, NULL, NULL, 532.00, NULL, NULL, NULL, NULL, NULL, NULL, NULL, NULL, NULL, NULL, NULL, NULL, NULL, '2023-12-28 18:06:34', '2023-12-28 18:06:34', 1671403256519078245, 1671403256519078245, NULL);
INSERT INTO `trading` VALUES (828, 982, NULL, '预交款支付', '1', 4, NULL, NULL, NULL, NULL, 484.00, NULL, NULL, NULL, NULL, NULL, NULL, NULL, NULL, NULL, NULL, NULL, NULL, NULL, '2023-12-28 18:07:09', '2023-12-28 18:07:09', 1671403256519078245, 1671403256519078245, NULL);
INSERT INTO `trading` VALUES (829, 310, 1740316628899553280, '小程序支付', '2', 4, NULL, NULL, NULL, NULL, 0.01, NULL, 'NO', 'SUCCESS', '支付成功', '{\"code\":\"200\",\"message\":\"网关请求成功\",\"out_trade_no\":\"1740316628899553280\",\"trade_state\":\"SUCCESS\",\"trade_state_desc\":\"支付成功\"}', '200', NULL, '{\"appId\":\"wxa37ad44a9d9ab836\",\"timeStamp\":1703758793,\"nonceStr\":\"07a559d316a64a68a8188828b34f81a7\",\"package\":\"prepay_id=wx28181952363334ccb59c13aee561970000\",\"paySign\":\"Db4Tl2aleZhie41ptYWsU8Bd1V8HDPO7SCD8+7rMztYJZXTBn3TM+odftXtBLYgHxT+cRNk5bZz5woCLzU8GMCwBGzWeoNZibemrMqB9nac7ULDZwFpTiw1xwbFIhqHXIv5YtqXzmHqnrfpZkuDH4bVflb5BAy/b/vu4L9skv6R2fkXOENY293F82w4I/RCnntIJUK83uJjrw8H5CEkbnR503FAJRP4nykP7jTfR+5Nr0jqg9/wvGLTTsPS/93AZrw6o7Wft8qu+xAHmePz8+z95trJD6wGA4b7EtMJJX1P14Y36QnraM/oX8PMiff5q+U3JMYH5U9H110yD3ODrWw==\"}', 1561414331, '服务下单', NULL, 'oQOBX5LzakknrS0U98gAD8hcaVXE', NULL, '2023-12-28 18:19:53', '2023-12-28 18:20:01', 1671403256519078245, 1671403256519078245, NULL);
INSERT INTO `trading` VALUES (830, 311, 1740316902875684864, '小程序支付', '2', 4, NULL, NULL, NULL, NULL, 0.01, NULL, 'NO', 'SUCCESS', '支付成功', '{\"code\":\"200\",\"message\":\"网关请求成功\",\"out_trade_no\":\"1740316902875684864\",\"trade_state\":\"SUCCESS\",\"trade_state_desc\":\"支付成功\"}', '200', NULL, '{\"appId\":\"wxa37ad44a9d9ab836\",\"timeStamp\":1703758858,\"nonceStr\":\"21e7e288aaf04fc9be7e316c3058c658\",\"package\":\"prepay_id=wx281820576459308739846bc9c5aed00000\",\"paySign\":\"CECBOYVmT0Q32YezDCFRY4tmQAWzibIGzhgZaHpjiKJxRhtqHtDE3AJ59gpOkxHVfX3Q04ERJU24kB0qdlfU/E680DX8FxZKkOl7b9KAvuflo2bQsO0b+2D1WEtQUSo9qRbdntLljYzes2DF2JeWWDriwq6ZzHuka+ACYavmkMmAOee41WIyMetumhCkaszow1ItjftlvlddwbvppgMCtr3AarTmwekAL/dtixVXiAMdPmXo35unJjoDvopIfblCvOkrwO+D1Y+HBi0AxE3EzuyJOopZkPSaqqPfgm1YAF3szLDK+0eJsvLH0yjsit0vTj6UccgKX3VbSToD/kA1pw==\"}', 1561414331, '服务下单', NULL, 'oQOBX5LzakknrS0U98gAD8hcaVXE', NULL, '2023-12-28 18:20:58', '2023-12-28 18:21:05', 1671403256519078245, 1671403256519078245, NULL);
INSERT INTO `trading` VALUES (831, 312, 1740317230400495616, '小程序支付', '2', 4, NULL, NULL, NULL, NULL, 0.01, NULL, 'NO', 'SUCCESS', '支付成功', '{\"code\":\"200\",\"message\":\"网关请求成功\",\"out_trade_no\":\"1740317230400495616\",\"trade_state\":\"SUCCESS\",\"trade_state_desc\":\"支付成功\"}', '200', NULL, '{\"appId\":\"wxa37ad44a9d9ab836\",\"timeStamp\":1703758936,\"nonceStr\":\"217ff9f8d9554747b2477a4b3c174d87\",\"package\":\"prepay_id=wx281822157312699f2c1e6f2d3ae5160000\",\"paySign\":\"VoCzRld6jbziY0L/l4zDBWsKG0RS4bI89NBAMX3wWpe24dsCMLmrEEvSqvBuuk0Lt64mF56S5LcDhzkOSo0yOKbWxbz31g4a14C6h/pqDFHGng1rMTw3lbDKd2a80r7LnsXzCNek91adzQwH7EmKGIjHTTb7Gp579ER/r5EYsdHpNH5rAKb5pf5KKkuKtRehR/ObrFcc1j3qvCe+maT0zvocLGr2AMV3MeXsm/6fALguxN3QdSl8KPOXh9o23CXi1BkDbuZ89VLxQLyQy0Ss0njbb7hLcS1G9WaIKrEOSzxZGBMpm/5Ny0gA572a8L4gsSr2hSrmyyzjNQ9pO6NxdA==\"}', 1561414331, '服务下单', NULL, 'oQOBX5LzakknrS0U98gAD8hcaVXE', NULL, '2023-12-28 18:22:16', '2023-12-28 18:22:22', 1671403256519078245, 1671403256519078245, NULL);
INSERT INTO `trading` VALUES (832, 313, 1740317327507021824, '小程序支付', '2', 4, NULL, NULL, NULL, NULL, 0.01, NULL, 'NO', 'SUCCESS', '支付成功', '{\"code\":\"200\",\"message\":\"网关请求成功\",\"out_trade_no\":\"1740317327507021824\",\"trade_state\":\"SUCCESS\",\"trade_state_desc\":\"支付成功\"}', '200', NULL, '{\"appId\":\"wxa37ad44a9d9ab836\",\"timeStamp\":1703758959,\"nonceStr\":\"42287c3f364e4f4182e661232af7a415\",\"package\":\"prepay_id=wx281822388532120e9080f988230b630000\",\"paySign\":\"QmKjUEy26/aybyPiMk43O82b4kKeqmK+uilXWAPqNcrcYJRQj29vZlmYtK6pbljFTHl8m5m9Q+tstEOXN2mD4ef1M6qVcI8qyh3vQcqAEKnRnBkecW0AX5rgC0C15/vhIplmTGSEpcr5IMLAzK25aJyk9nKN2eln2nB42UJylOlFFIaq+YOjJQWrjTFscfnhAZ61jutkrWMoxvlNCj8LcBw0oOaqxndCIgG/r49jqLM44cYyvisroflLvJ3vyKqm+HbDy361J5y1j1dkdMhy56OnigWToAIsR/heySigzubEPPmvGaaLBy0uuflso3UPbqTVVzuXdceqR+dpB/trzA==\"}', 1561414331, '服务下单', NULL, 'oQOBX5LzakknrS0U98gAD8hcaVXE', NULL, '2023-12-28 18:22:39', '2023-12-28 18:22:49', 1671403256519078245, 1671403256519078245, NULL);
INSERT INTO `trading` VALUES (833, 314, 1740317433018933248, '小程序支付', '2', 4, NULL, NULL, NULL, NULL, 0.01, NULL, 'NO', 'SUCCESS', '支付成功', '{\"code\":\"200\",\"message\":\"网关请求成功\",\"out_trade_no\":\"1740317433018933248\",\"trade_state\":\"SUCCESS\",\"trade_state_desc\":\"支付成功\"}', '200', NULL, '{\"appId\":\"wxa37ad44a9d9ab836\",\"timeStamp\":1703758984,\"nonceStr\":\"1afcaf3b52e9418091ac6b298c7ff02f\",\"package\":\"prepay_id=wx281823040353539f198486400a45160000\",\"paySign\":\"a+qrT94hNQ9BjOPpMsIlz/D109Tb5kjoTn1PZDre8qfCkefThd+Ip1TR54w64hOb01qYFg+NXXDF86fKYfz8JSDMOD8j53wfygwDdek7h3dFmbst0PbC+uFg9ZpOoEDXcGdh08xbBy7Ct7P5VELv8hTfNCHMDk3bAwpcpw3XQ0K6NUcowgxYUU5I2U0NbBX0afrI8/Ahnr1d5qhMegl6NoCbig1xjfW2kz5sG/Agvf/LL7/mvsvGT2naxq3NxEHTPO77QVsuIcmDRhF7cRntO0KF78NQM+uW+Fe9icnD2osnBVBF/sxuDWcYxT07NSpTJD7M9UbmgS8Jxw0nBP659A==\"}', 1561414331, '服务下单', NULL, 'oQOBX5LzakknrS0U98gAD8hcaVXE', NULL, '2023-12-28 18:23:05', '2023-12-28 18:23:14', 1671403256519078245, 1671403256519078245, NULL);
INSERT INTO `trading` VALUES (834, 315, 1740319103496970240, '小程序支付', '2', 5, NULL, NULL, NULL, NULL, 0.01, NULL, 'NO', NULL, NULL, NULL, '200', NULL, '{\"appId\":\"wxa37ad44a9d9ab836\",\"timeStamp\":1703759382,\"nonceStr\":\"8a4ca2e396cb4f16b80aa620329cb1dc\",\"package\":\"prepay_id=wx28182942384036eac392730922ffff0000\",\"paySign\":\"aKMctYUtP2zjJ0gl1S5zd72krWVWUxti2LSRClWs/DuLUJNleRGUH0K8U4e9sJ/MI71H4uv6SGMAMNnshsJ0sJG5XSKIB+W0kGgh68QLo/v365Q4bziXhVziXODFWrZGsF+w3EYubJq+KMnOcwlqYoqNunXFO9EuLKmmB+d9ls+vxKwqCoXgIEyS5jMtLLhKYgyYV2CBS6r69VU4elvYZy5JOFAWFixo7XTHIHRNrgJ2euKPY6pADEe8VZwAI6S8QlKIeKFFwnq5SxFKdxCPQ8Eqg0Kl8VK80paOxy70nw++JYBCJXSg+y1C9w1Idv1tNbnAQSHl0cYIFusELsykKw==\"}', 1561414331, '服务下单', NULL, 'oQOBX5LzakknrS0U98gAD8hcaVXE', NULL, '2023-12-28 18:29:43', '2023-12-28 18:29:49', 1671403256519078245, 1671403256519078245, NULL);

-- ----------------------------
-- Table structure for visit
-- ----------------------------
DROP TABLE IF EXISTS `visit`;
CREATE TABLE `visit`  (
  `id` bigint NOT NULL AUTO_INCREMENT COMMENT '主键ID',
  `name` varchar(50) CHARACTER SET utf8mb4 COLLATE utf8mb4_0900_ai_ci NOT NULL COMMENT '到访人姓名',
  `mobile` varchar(20) CHARACTER SET utf8mb4 COLLATE utf8mb4_0900_ai_ci NOT NULL COMMENT '到访人手机号',
  `time` datetime NOT NULL COMMENT '到访时间',
  `visitor` varchar(50) CHARACTER SET utf8mb4 COLLATE utf8mb4_0900_ai_ci NOT NULL COMMENT '探访人',
  `type` int NOT NULL COMMENT '来访类型，0：参观来访，1：探访来访',
  `status` int NOT NULL COMMENT '来访状态，0：待报道，1：已完成，2：取消，3：过期',
  `create_time` datetime NOT NULL COMMENT '创建时间',
  `update_time` datetime NULL DEFAULT NULL COMMENT '更新时间',
  `create_by` bigint NULL DEFAULT NULL COMMENT '创建人id',
  `update_by` bigint NULL DEFAULT NULL COMMENT '更新人id',
  `remark` varchar(255) CHARACTER SET utf8mb4 COLLATE utf8mb4_0900_ai_ci NULL DEFAULT NULL COMMENT '备注',
  PRIMARY KEY (`id`) USING BTREE,
  UNIQUE INDEX `name_mobile_time_visitor`(`name`, `mobile`, `time`, `visitor`) USING BTREE
) ENGINE = InnoDB AUTO_INCREMENT = 143 CHARACTER SET = utf8mb4 COLLATE = utf8mb4_0900_ai_ci COMMENT = '来访信息表' ROW_FORMAT = DYNAMIC;

-- ----------------------------
-- Records of visit
-- ----------------------------
INSERT INTO `visit` VALUES (132, '刘雪丽', '15114566325', '2023-12-31 10:30:00', '刘昭', 0, 0, '2023-12-28 17:34:58', '2023-12-28 17:34:58', 1671403256519078138, 1671403256519078138, NULL);
INSERT INTO `visit` VALUES (133, '李大志', '13210281569', '2024-01-03 15:00:00', '胡明朗', 0, 0, '2023-12-28 17:37:03', '2023-12-28 17:37:03', 1671403256519078138, 1671403256519078138, NULL);
INSERT INTO `visit` VALUES (134, '孙小然', '13615263698', '2024-01-07 11:00:00', '白景旭', 0, 0, '2023-12-28 17:38:24', '2023-12-28 17:38:24', 1671403256519078138, 1671403256519078138, NULL);
INSERT INTO `visit` VALUES (135, '王小霞', '13745698541', '2024-01-02 13:30:00', '王金龙', 1, 0, '2023-12-28 17:39:45', '2023-12-28 17:39:45', 1671403256519078138, 1671403256519078138, NULL);
INSERT INTO `visit` VALUES (136, '张建民', '13214526988', '2024-01-14 10:00:00', '李爱国', 1, 0, '2023-12-28 17:41:20', '2023-12-28 17:41:20', 1671403256519078138, 1671403256519078138, NULL);
INSERT INTO `visit` VALUES (137, '王军', '13604124599', '2023-12-28 19:31:58', '王金龙', 1, 0, '2023-12-28 19:32:04', '2023-12-28 19:32:04', 1671403256519078138, 1671403256519078138, NULL);
INSERT INTO `visit` VALUES (138, '弓百良', '17015256988', '2023-12-28 19:31:58', '黄国星', 0, 0, '2023-12-28 19:32:08', '2023-12-28 19:32:08', 1671403256519078138, 1671403256519078138, NULL);
INSERT INTO `visit` VALUES (139, '吴俊宁', '13114566668', '2023-12-28 19:32:28', '秦秀英', 1, 0, '2023-12-28 19:32:31', '2023-12-28 19:32:31', 1671403256519078138, 1671403256519078138, NULL);

SET FOREIGN_KEY_CHECKS = 1;
